== 17:48:58
Mem:         2063985      457954     1093908        1197      523379     1606031
anon 7 MB; file 808 MB; shmem 0 MB; file_mapped 0 MB; unevictable 0 MB; 
memory.current 849 MB
nr_periods 507 nr_throttled 0 throttled_usec 0 
cpu.pressure some avg10=0.00 avg60=0.00 avg300=0.00 total=31249; memory.pressure some avg10=0.00 avg60=0.00 avg300=0.00 total=0; io.pressure some avg10=0.00 avg60=0.00 avg300=0.00 total=14264
0 MiB, 0 %
== 17:49:18
Mem:         2063985      458757     1095551        1197      520932     1605228
anon 181 MB; file 1554 MB; shmem 0 MB; file_mapped 144 MB; unevictable 0 MB; 
memory.current 1776 MB
nr_periods 708 nr_throttled 0 throttled_usec 0 
cpu.pressure some avg10=0.00 avg60=0.00 avg300=0.00 total=36330; memory.pressure some avg10=0.00 avg60=0.00 avg300=0.00 total=0; io.pressure some avg10=0.03 avg60=0.02 avg300=0.00 total=44174
0 MiB, 0 %
== 17:49:39
Mem:         2063985      461946     1092560        1207      520777     1602038
anon 3414 MB; file 1710 MB; shmem 10 MB; file_mapped 158 MB; unevictable 0 MB; 
memory.current 5184 MB
nr_periods 909 nr_throttled 0 throttled_usec 0 
cpu.pressure some avg10=0.00 avg60=0.00 avg300=0.00 total=50812; memory.pressure some avg10=0.00 avg60=0.00 avg300=0.00 total=0; io.pressure some avg10=0.67 avg60=0.29 avg300=0.06 total=273266
750 MiB, 0 %
== 17:49:59
Mem:         2063985      460435     1093656        1207      521193     1603550
anon 1016 MB; file 1801 MB; shmem 10 MB; file_mapped 171 MB; unevictable 0 MB; 
memory.current 2874 MB
nr_periods 1110 nr_throttled 0 throttled_usec 0 
cpu.pressure some avg10=0.00 avg60=0.00 avg300=0.00 total=57947; memory.pressure some avg10=0.00 avg60=0.00 avg300=0.00 total=0; io.pressure some avg10=0.09 avg60=0.20 avg300=0.06 total=273564
750 MiB, 0 %
== 17:50:19
Mem:         2063985      460277     1093405        1207      521602     1603708
anon 1280 MB; file 1820 MB; shmem 10 MB; file_mapped 146 MB; unevictable 0 MB; 
memory.current 3153 MB
nr_periods 1311 nr_throttled 0 throttled_usec 0 
cpu.pressure some avg10=0.00 avg60=0.00 avg300=0.00 total=60006; memory.pressure some avg10=0.00 avg60=0.00 avg300=0.00 total=0; io.pressure some avg10=0.01 avg60=0.14 avg300=0.05 total=274438
750 MiB, 0 %
== 17:50:39
Mem:         2063985      458818     1094091        1197      522331     1605167
anon 5 MB; file 1955 MB; shmem 0 MB; file_mapped 0 MB; unevictable 0 MB; 
memory.current 2004 MB
nr_periods 1509 nr_throttled 0 throttled_usec 0 
cpu.pressure some avg10=0.00 avg60=0.00 avg300=0.00 total=64045; memory.pressure some avg10=0.00 avg60=0.00 avg300=0.00 total=0; io.pressure some avg10=0.00 avg60=0.10 avg300=0.05 total=275944
0 MiB, 0 %
== 17:50:59
Mem:         2063985      457992     1094900        1197      522348     1605993
anon 5 MB; file 1955 MB; shmem 0 MB; file_mapped 0 MB; unevictable 0 MB; 
memory.current 2004 MB
nr_periods 1514 nr_throttled 0 throttled_usec 0 
cpu.pressure some avg10=0.00 avg60=0.00 avg300=0.00 total=64659; memory.pressure some avg10=0.00 avg60=0.00 avg300=0.00 total=0; io.pressure some avg10=0.00 avg60=0.07 avg300=0.04 total=275944
0 MiB, 0 %
== 17:51:19
Mem:         2063985      457908     1093557        1197      523775     1606076
anon 62 MB; file 3383 MB; shmem 0 MB; file_mapped 0 MB; unevictable 0 MB; 
memory.current 3503 MB
nr_periods 1589 nr_throttled 0 throttled_usec 0 
cpu.pressure some avg10=0.00 avg60=0.00 avg300=0.00 total=85414; memory.pressure some avg10=0.00 avg60=0.00 avg300=0.00 total=0; io.pressure some avg10=0.00 avg60=0.04 avg300=0.04 total=275947
0 MiB, 0 %
== 17:51:39
Mem:         2063985      460200     1084147        1197      530893     1603785
anon 2117 MB; file 10499 MB; shmem 0 MB; file_mapped 7 MB; unevictable 0 MB; 
memory.current 12678 MB
nr_periods 1789 nr_throttled 0 throttled_usec 0 
cpu.pressure some avg10=0.00 avg60=0.00 avg300=0.00 total=166380; memory.pressure some avg10=0.00 avg60=0.00 avg300=0.00 total=0; io.pressure some avg10=0.00 avg60=0.03 avg300=0.03 total=276966
0 MiB, 0 %
== 17:51:59
Mem:         2063985      460251     1068068        1197      546922     1603734
anon 1877 MB; file 26526 MB; shmem 0 MB; file_mapped 7 MB; unevictable 0 MB; 
memory.current 28463 MB
nr_periods 1990 nr_throttled 0 throttled_usec 0 
cpu.pressure some avg10=0.00 avg60=0.00 avg300=0.00 total=251389; memory.pressure some avg10=0.00 avg60=0.00 avg300=0.00 total=0; io.pressure some avg10=0.00 avg60=0.02 avg300=0.03 total=297442
0 MiB, 0 %
== 17:52:19
Mem:         2063985      459997     1050523        1197      564721     1603988
anon 1389 MB; file 44317 MB; shmem 0 MB; file_mapped 7 MB; unevictable 0 MB; 
memory.current 45755 MB
nr_periods 2191 nr_throttled 0 throttled_usec 0 
cpu.pressure some avg10=0.00 avg60=0.00 avg300=0.00 total=328949; memory.pressure some avg10=0.00 avg60=0.00 avg300=0.00 total=0; io.pressure some avg10=0.15 avg60=0.06 avg300=0.04 total=363136
0 MiB, 0 %
== 17:52:39
Mem:         2063985      461501     1036970        1197      576769     1602484
anon 2655 MB; file 56364 MB; shmem 0 MB; file_mapped 7 MB; unevictable 0 MB; 
memory.current 59077 MB
nr_periods 2392 nr_throttled 0 throttled_usec 0 
cpu.pressure some avg10=0.00 avg60=0.00 avg300=0.00 total=404797; memory.pressure some avg10=0.00 avg60=0.00 avg300=0.00 total=0; io.pressure some avg10=0.02 avg60=0.04 avg300=0.03 total=378998
0 MiB, 0 %
== 17:52:59
Mem:         2063985      461563     1019190        1197      594487     1602422
anon 2196 MB; file 74081 MB; shmem 0 MB; file_mapped 7 MB; unevictable 0 MB; 
memory.current 76336 MB
nr_periods 2593 nr_throttled 0 throttled_usec 0 
cpu.pressure some avg10=0.00 avg60=0.00 avg300=0.00 total=479507; memory.pressure some avg10=0.00 avg60=0.00 avg300=0.00 total=0; io.pressure some avg10=0.00 avg60=0.03 avg300=0.03 total=382705
0 MiB, 0 %
== 17:53:20
Mem:         2063985      461493     1007181        1197      606566     1602491
anon 2185 MB; file 86159 MB; shmem 0 MB; file_mapped 7 MB; unevictable 0 MB; 
memory.current 88408 MB
nr_periods 2794 nr_throttled 0 throttled_usec 0 
cpu.pressure some avg10=0.00 avg60=0.00 avg300=0.00 total=567122; memory.pressure some avg10=0.00 avg60=0.00 avg300=0.00 total=0; io.pressure some avg10=0.00 avg60=0.02 avg300=0.02 total=382705
0 MiB, 0 %
== 17:53:40
Mem:         2063985      462095      992748        1197      620398     1601890
anon 2825 MB; file 99990 MB; shmem 0 MB; file_mapped 116 MB; unevictable 0 MB; 
memory.current 102904 MB
nr_periods 2995 nr_throttled 1 throttled_usec 640913 
cpu.pressure some avg10=0.00 avg60=0.00 avg300=0.00 total=643330; memory.pressure some avg10=0.00 avg60=0.00 avg300=0.00 total=0; io.pressure some avg10=0.00 avg60=0.01 avg300=0.02 total=382858
0 MiB, 0 %
== 17:54:00
Mem:         2063985      461435      980558        1197      633247     1602549
anon 2563 MB; file 112839 MB; shmem 0 MB; file_mapped 7 MB; unevictable 0 MB; 
memory.current 115463 MB
nr_periods 3196 nr_throttled 2 throttled_usec 1573918 
cpu.pressure some avg10=0.04 avg60=0.02 avg300=0.00 total=724687; memory.pressure some avg10=0.00 avg60=0.00 avg300=0.00 total=0; io.pressure some avg10=0.00 avg60=0.00 avg300=0.01 total=385706
0 MiB, 0 %
== 17:54:20
Mem:         2063985      460478      967031        1197      647732     1603507
anon 2274 MB; file 127323 MB; shmem 0 MB; file_mapped 7 MB; unevictable 0 MB; 
memory.current 129662 MB
nr_periods 3397 nr_throttled 2 throttled_usec 1573918 
cpu.pressure some avg10=0.00 avg60=0.01 avg300=0.00 total=814958; memory.pressure some avg10=0.00 avg60=0.00 avg300=0.00 total=0; io.pressure some avg10=0.00 avg60=0.00 avg300=0.01 total=386531
0 MiB, 0 %
== 17:54:40
Mem:         2063985      459324      954789        1197      661127     1604660
anon 1266 MB; file 140717 MB; shmem 0 MB; file_mapped 7 MB; unevictable 0 MB; 
memory.current 141992 MB
nr_periods 3598 nr_throttled 2 throttled_usec 1573918 
cpu.pressure some avg10=0.00 avg60=0.00 avg300=0.00 total=904706; memory.pressure some avg10=0.00 avg60=0.00 avg300=0.00 total=0; io.pressure some avg10=0.00 avg60=0.00 avg300=0.00 total=389703
0 MiB, 0 %
== 17:55:00
Mem:         2063985      460963      943858        1197      670420     1603022
anon 2747 MB; file 150009 MB; shmem 0 MB; file_mapped 7 MB; unevictable 0 MB; 
memory.current 152818 MB
nr_periods 3797 nr_throttled 2 throttled_usec 1573918 
cpu.pressure some avg10=0.00 avg60=0.00 avg300=0.00 total=989647; memory.pressure some avg10=0.00 avg60=0.00 avg300=0.00 total=0; io.pressure some avg10=0.00 avg60=0.00 avg300=0.00 total=389703
0 MiB, 0 %
== 17:55:20
Mem:         2063985      460595      925364        1197      689282     1603390
anon 2047 MB; file 168780 MB; shmem 0 MB; file_mapped 8 MB; unevictable 0 MB; 
memory.current 170914 MB
nr_periods 3998 nr_throttled 2 throttled_usec 1573918 
cpu.pressure some avg10=0.00 avg60=0.00 avg300=0.00 total=1072735; memory.pressure some avg10=0.00 avg60=0.00 avg300=0.00 total=0; io.pressure some avg10=0.00 avg60=0.00 avg300=0.00 total=400904
0 MiB, 0 %
== 17:55:40
Mem:         2063985      461025      909661        1197      704554     1602959
anon 2390 MB; file 183749 MB; shmem 0 MB; file_mapped 116 MB; unevictable 0 MB; 
memory.current 186214 MB
nr_periods 4199 nr_throttled 6 throttled_usec 3964172 
cpu.pressure some avg10=0.05 avg60=0.02 avg300=0.00 total=1177815; memory.pressure some avg10=0.00 avg60=0.00 avg300=0.00 total=0; io.pressure some avg10=0.00 avg60=0.00 avg300=0.00 total=405423
0 MiB, 0 %
== 17:56:00
Mem:         2063985      460816      897843        1197      716581     1603169
anon 2222 MB; file 195487 MB; shmem 0 MB; file_mapped 116 MB; unevictable 0 MB; 
memory.current 197783 MB
nr_periods 4400 nr_throttled 8 throttled_usec 4372566 
cpu.pressure some avg10=0.00 avg60=0.01 avg300=0.00 total=1238882; memory.pressure some avg10=0.00 avg60=0.00 avg300=0.00 total=0; io.pressure some avg10=0.00 avg60=0.00 avg300=0.00 total=411318
0 MiB, 0 %
== 17:56:20
Mem:         2063985      460432      910617        1197      704192     1603553
anon 2764 MB; file 198870 MB; shmem 0 MB; file_mapped 30 MB; unevictable 0 MB; 
memory.current 201703 MB
nr_periods 4601 nr_throttled 8 throttled_usec 4372566 
cpu.pressure some avg10=0.00 avg60=0.01 avg300=0.00 total=1297976; memory.pressure some avg10=0.32 avg60=0.06 avg300=0.01 total=62934; io.pressure some avg10=0.00 avg60=0.00 avg300=0.00 total=414613
0 MiB, 0 %
== 17:56:41
Mem:         2063985      461694      913470        1197      700076     1602290
anon 3103 MB; file 200442 MB; shmem 0 MB; file_mapped 7 MB; unevictable 0 MB; 
memory.current 203611 MB
nr_periods 4802 nr_throttled 10 throttled_usec 4843093 
cpu.pressure some avg10=0.00 avg60=0.00 avg300=0.00 total=1366064; memory.pressure some avg10=0.04 avg60=0.04 avg300=0.00 total=86778; io.pressure some avg10=0.00 avg60=0.00 avg300=0.00 total=421580
0 MiB, 0 %
== 17:57:01
Mem:         2063985      457900      922962        1197      694378     1606084
anon 75 MB; file 200511 MB; shmem 0 MB; file_mapped 0 MB; unevictable 0 MB; 
memory.current 200640 MB
nr_periods 5002 nr_throttled 10 throttled_usec 4843093 
cpu.pressure some avg10=0.00 avg60=0.00 avg300=0.00 total=1376932; memory.pressure some avg10=0.37 avg60=0.28 avg300=0.06 total=301135; io.pressure some avg10=0.00 avg60=0.00 avg300=0.00 total=422023
0 MiB, 0 %
== 17:57:21
Mem:         2063985      457957      930219        1197      687064     1606027
anon 129 MB; file 200739 MB; shmem 0 MB; file_mapped 0 MB; unevictable 0 MB; 
memory.current 200936 MB
nr_periods 5203 nr_throttled 10 throttled_usec 4843093 
cpu.pressure some avg10=0.00 avg60=0.00 avg300=0.00 total=1378255; memory.pressure some avg10=0.98 avg60=0.41 avg300=0.11 total=479523; io.pressure some avg10=0.00 avg60=0.00 avg300=0.00 total=422593
0 MiB, 0 %
== 17:57:41
Mem:         2063985      457403      934275        1197      683562     1606581
anon 75 MB; file 202244 MB; shmem 0 MB; file_mapped 0 MB; unevictable 0 MB; 
memory.current 202374 MB
nr_periods 5404 nr_throttled 10 throttled_usec 4843093 
cpu.pressure some avg10=0.00 avg60=0.00 avg300=0.00 total=1380237; memory.pressure some avg10=0.92 avg60=0.53 avg300=0.15 total=652901; io.pressure some avg10=0.00 avg60=0.00 avg300=0.00 total=422842
0 MiB, 0 %
== 17:58:01
Mem:         2063985      457921      929766        1197      687553     1606064
anon 125 MB; file 206916 MB; shmem 0 MB; file_mapped 0 MB; unevictable 0 MB; 
memory.current 207104 MB
nr_periods 5605 nr_throttled 10 throttled_usec 4843093 
cpu.pressure some avg10=0.00 avg60=0.00 avg300=0.00 total=1385330; memory.pressure some avg10=0.39 avg60=0.53 avg300=0.18 total=778132; io.pressure some avg10=0.00 avg60=0.00 avg300=0.00 total=423156
0 MiB, 0 %
== 17:58:21
Mem:         2063985      457352      938852        1197      679036     1606632
anon 75 MB; file 206862 MB; shmem 0 MB; file_mapped 0 MB; unevictable 0 MB; 
memory.current 206992 MB
nr_periods 5806 nr_throttled 10 throttled_usec 4843093 
cpu.pressure some avg10=0.00 avg60=0.00 avg300=0.00 total=1386840; memory.pressure some avg10=0.83 avg60=0.64 avg300=0.22 total=985842; io.pressure some avg10=0.00 avg60=0.00 avg300=0.00 total=423328
0 MiB, 0 %
== 17:58:41
Mem:         2063985      457773      943060        1197      674407     1606211
anon 75 MB; file 205672 MB; shmem 0 MB; file_mapped 0 MB; unevictable 0 MB; 
memory.current 205803 MB
nr_periods 6007 nr_throttled 10 throttled_usec 4843093 
cpu.pressure some avg10=0.00 avg60=0.00 avg300=0.00 total=1388818; memory.pressure some avg10=0.56 avg60=0.60 avg300=0.24 total=1100021; io.pressure some avg10=0.00 avg60=0.00 avg300=0.00 total=423619
0 MiB, 0 %
== 17:59:01
Mem:         2063985      458081      943482        1197      673678     1605904
anon 75 MB; file 206434 MB; shmem 0 MB; file_mapped 0 MB; unevictable 0 MB; 
memory.current 206564 MB
nr_periods 6208 nr_throttled 10 throttled_usec 4843093 
cpu.pressure some avg10=0.00 avg60=0.00 avg300=0.00 total=1391265; memory.pressure some avg10=0.07 avg60=0.43 avg300=0.22 total=1117042; io.pressure some avg10=0.00 avg60=0.00 avg300=0.00 total=423678
0 MiB, 0 %
== 17:59:21
Mem:         2063985      458181      943037        1197      674023     1605804
anon 103 MB; file 206434 MB; shmem 0 MB; file_mapped 0 MB; unevictable 0 MB; 
memory.current 206603 MB
nr_periods 6409 nr_throttled 10 throttled_usec 4843093 
cpu.pressure some avg10=0.00 avg60=0.00 avg300=0.00 total=1394520; memory.pressure some avg10=0.00 avg60=0.30 avg300=0.20 total=1117042; io.pressure some avg10=0.00 avg60=0.00 avg300=0.00 total=423678
0 MiB, 0 %
== 17:59:41
Mem:         2063985      458327      942586        1197      674328     1605658
anon 75 MB; file 206434 MB; shmem 0 MB; file_mapped 0 MB; unevictable 0 MB; 
memory.current 206564 MB
nr_periods 6610 nr_throttled 10 throttled_usec 4843093 
cpu.pressure some avg10=0.00 avg60=0.00 avg300=0.00 total=1396422; memory.pressure some avg10=0.00 avg60=0.21 avg300=0.19 total=1117042; io.pressure some avg10=0.00 avg60=0.00 avg300=0.00 total=423678
0 MiB, 0 %
== 18:00:01
Mem:         2063985      458055      946233        1197      670952     1605930
anon 75 MB; file 206478 MB; shmem 0 MB; file_mapped 0 MB; unevictable 0 MB; 
memory.current 206608 MB
nr_periods 6811 nr_throttled 10 throttled_usec 4843093 
cpu.pressure some avg10=0.00 avg60=0.00 avg300=0.00 total=1398967; memory.pressure some avg10=0.00 avg60=0.14 avg300=0.17 total=1120798; io.pressure some avg10=0.00 avg60=0.00 avg300=0.00 total=424052
0 MiB, 0 %
== 18:00:22
Mem:         2063985      458240      947152        1197      669848     1605744
anon 76 MB; file 207620 MB; shmem 0 MB; file_mapped 0 MB; unevictable 0 MB; 
memory.current 207752 MB
nr_periods 7012 nr_throttled 10 throttled_usec 4843093 
cpu.pressure some avg10=0.00 avg60=0.00 avg300=0.00 total=1401457; memory.pressure some avg10=0.00 avg60=0.10 avg300=0.16 total=1135534; io.pressure some avg10=0.00 avg60=0.00 avg300=0.00 total=424661
0 MiB, 0 %
== 18:00:42
Mem:         2063985      458015      949185        1197      668040     1605969
anon 75 MB; file 207428 MB; shmem 0 MB; file_mapped 0 MB; unevictable 0 MB; 
memory.current 207562 MB
nr_periods 7213 nr_throttled 10 throttled_usec 4843093 
cpu.pressure some avg10=0.00 avg60=0.00 avg300=0.00 total=1403581; memory.pressure some avg10=0.05 avg60=0.12 avg300=0.16 total=1187093; io.pressure some avg10=0.00 avg60=0.00 avg300=0.00 total=424729
0 MiB, 0 %
== 18:01:02
Mem:         2063985      458009      948862        1197      668369     1605976
anon 96 MB; file 207428 MB; shmem 0 MB; file_mapped 0 MB; unevictable 0 MB; 
memory.current 207588 MB
nr_periods 7414 nr_throttled 10 throttled_usec 4843093 
cpu.pressure some avg10=0.00 avg60=0.00 avg300=0.00 total=1404747; memory.pressure some avg10=0.00 avg60=0.08 avg300=0.14 total=1187093; io.pressure some avg10=0.00 avg60=0.00 avg300=0.00 total=425036
0 MiB, 0 %
== 18:01:22
Mem:         2063985      458191      952380        1197      664669     1605793
anon 75 MB; file 204236 MB; shmem 0 MB; file_mapped 0 MB; unevictable 0 MB; 
memory.current 204365 MB
nr_periods 7615 nr_throttled 10 throttled_usec 4843093 
cpu.pressure some avg10=0.00 avg60=0.00 avg300=0.00 total=1413718; memory.pressure some avg10=0.00 avg60=0.05 avg300=0.13 total=1187093; io.pressure some avg10=0.00 avg60=0.00 avg300=0.00 total=425036
0 MiB, 0 %
== 18:01:42
Mem:         2063985      458170      952073        1197      664998     1605814
anon 75 MB; file 204236 MB; shmem 0 MB; file_mapped 0 MB; unevictable 0 MB; 
memory.current 204366 MB
nr_periods 7816 nr_throttled 10 throttled_usec 4843093 
cpu.pressure some avg10=0.00 avg60=0.00 avg300=0.00 total=1416000; memory.pressure some avg10=0.00 avg60=0.04 avg300=0.12 total=1187093; io.pressure some avg10=0.00 avg60=0.00 avg300=0.00 total=425036
0 MiB, 0 %
== 18:02:02
Mem:         2063985      458305      951617        1197      665319     1605680
anon 75 MB; file 204236 MB; shmem 0 MB; file_mapped 0 MB; unevictable 0 MB; 
memory.current 204366 MB
nr_periods 8017 nr_throttled 10 throttled_usec 4843093 
cpu.pressure some avg10=0.00 avg60=0.00 avg300=0.00 total=1418651; memory.pressure some avg10=0.00 avg60=0.02 avg300=0.11 total=1187093; io.pressure some avg10=0.00 avg60=0.00 avg300=0.00 total=425036
0 MiB, 0 %
== 18:02:22
Mem:         2063985      458381      951235        1197      665624     1605604
anon 83 MB; file 204236 MB; shmem 0 MB; file_mapped 0 MB; unevictable 0 MB; 
memory.current 204381 MB
nr_periods 8218 nr_throttled 10 throttled_usec 4843093 
cpu.pressure some avg10=0.00 avg60=0.00 avg300=0.00 total=1421320; memory.pressure some avg10=0.00 avg60=0.01 avg300=0.10 total=1187093; io.pressure some avg10=0.00 avg60=0.00 avg300=0.00 total=425036
0 MiB, 0 %
== 18:02:42
Mem:         2063985      458350      950969        1197      665921     1605635
anon 75 MB; file 204236 MB; shmem 0 MB; file_mapped 0 MB; unevictable 0 MB; 
memory.current 204365 MB
nr_periods 8419 nr_throttled 10 throttled_usec 4843093 
cpu.pressure some avg10=0.00 avg60=0.00 avg300=0.00 total=1422635; memory.pressure some avg10=0.00 avg60=0.01 avg300=0.09 total=1187093; io.pressure some avg10=0.00 avg60=0.00 avg300=0.00 total=425036
0 MiB, 0 %
== 18:03:02
Mem:         2063985      458590      950396        1197      666275     1605395
anon 351 MB; file 204236 MB; shmem 0 MB; file_mapped 109 MB; unevictable 0 MB; 
memory.current 204646 MB
nr_periods 8560 nr_throttled 10 throttled_usec 4843093 
cpu.pressure some avg10=0.00 avg60=0.00 avg300=0.00 total=1425086; memory.pressure some avg10=0.00 avg60=0.00 avg300=0.08 total=1187093; io.pressure some avg10=0.00 avg60=0.00 avg300=0.00 total=425950
4 MiB, 0 %
== 18:03:22
Mem:         2063985      459829      948792        1216      666673     1604156
anon 1254 MB; file 204298 MB; shmem 19 MB; file_mapped 199 MB; unevictable 0 MB; 
memory.current 205618 MB
nr_periods 8761 nr_throttled 10 throttled_usec 4843093 
cpu.pressure some avg10=0.00 avg60=0.00 avg300=0.00 total=1426632; memory.pressure some avg10=1.33 avg60=0.28 avg300=0.13 total=1374855; io.pressure some avg10=0.00 avg60=0.00 avg300=0.00 total=432705
2690 MiB, 0 %
== 18:03:43
Mem:         2063985      460829      947485        1216      666979     1603155
anon 2008 MB; file 204314 MB; shmem 19 MB; file_mapped 209 MB; unevictable 0 MB; 
memory.current 206390 MB
nr_periods 8962 nr_throttled 10 throttled_usec 4843093 
cpu.pressure some avg10=0.00 avg60=0.00 avg300=0.00 total=1427319; memory.pressure some avg10=0.18 avg60=0.20 avg300=0.12 total=1374855; io.pressure some avg10=0.00 avg60=0.00 avg300=0.00 total=432750
2690 MiB, 0 %
== 18:04:03
Mem:         2063985      461161      946821        1216      667311     1602824
anon 1746 MB; file 204317 MB; shmem 19 MB; file_mapped 199 MB; unevictable 0 MB; 
memory.current 206130 MB
nr_periods 9163 nr_throttled 10 throttled_usec 4843093 
cpu.pressure some avg10=0.00 avg60=0.00 avg300=0.00 total=1428267; memory.pressure some avg10=0.02 avg60=0.14 avg300=0.11 total=1374855; io.pressure some avg10=0.00 avg60=0.00 avg300=0.00 total=434437
2690 MiB, 0 %
== 18:04:23
Mem:         2063985      459206      948431        1197      667603     1604779
anon 189 MB; file 204272 MB; shmem 0 MB; file_mapped 102 MB; unevictable 0 MB; 
memory.current 204520 MB
nr_periods 9364 nr_throttled 10 throttled_usec 4843093 
cpu.pressure some avg10=0.00 avg60=0.00 avg300=0.00 total=1432055; memory.pressure some avg10=2.24 avg60=1.13 avg300=0.35 total=2151539; io.pressure some avg10=0.00 avg60=0.00 avg300=0.00 total=434890
0 MiB, 0 %
== 18:04:43
Mem:         2063985      459490      950660        1197      665091     1604495
anon 275 MB; file 201144 MB; shmem 0 MB; file_mapped 109 MB; unevictable 0 MB; 
memory.current 201481 MB
nr_periods 9565 nr_throttled 10 throttled_usec 4843093 
cpu.pressure some avg10=0.00 avg60=0.00 avg300=0.00 total=1438695; memory.pressure some avg10=0.30 avg60=0.80 avg300=0.33 total=2151539; io.pressure some avg10=0.00 avg60=0.00 avg300=0.00 total=435503
0 MiB, 0 %
== 18:05:03
Mem:         2063985      459593      942466        1197      673203     1604392
anon 509 MB; file 201155 MB; shmem 0 MB; file_mapped 114 MB; unevictable 0 MB; 
memory.current 201722 MB
nr_periods 9766 nr_throttled 10 throttled_usec 4843093 
cpu.pressure some avg10=0.00 avg60=0.00 avg300=0.00 total=1445847; memory.pressure some avg10=0.03 avg60=0.57 avg300=0.30 total=2151539; io.pressure some avg10=0.00 avg60=0.00 avg300=0.00 total=436584
4 MiB, 0 %
== 18:05:23
Mem:         2063985      462599      936382        1216      676312     1601385
anon 3592 MB; file 201179 MB; shmem 19 MB; file_mapped 205 MB; unevictable 0 MB; 
memory.current 204839 MB
nr_periods 9967 nr_throttled 10 throttled_usec 4843093 
cpu.pressure some avg10=0.00 avg60=0.00 avg300=0.00 total=1446978; memory.pressure some avg10=0.00 avg60=0.41 avg300=0.28 total=2151539; io.pressure some avg10=0.00 avg60=0.00 avg300=0.00 total=437036
1998 MiB, 0 %
== 18:05:43
Mem:         2063985      461328      933113        1216      680852     1602657
anon 768 MB; file 201179 MB; shmem 19 MB; file_mapped 3943 MB; unevictable 0 MB; 
memory.current 202017 MB
nr_periods 10168 nr_throttled 10 throttled_usec 4843093 
cpu.pressure some avg10=0.00 avg60=0.00 avg300=0.00 total=1450168; memory.pressure some avg10=0.00 avg60=0.29 avg300=0.26 total=2151539; io.pressure some avg10=0.00 avg60=0.00 avg300=0.00 total=437036
14574 MiB, 92 %
== 18:06:03
Mem:         2063985      460638      929713        1216      684943     1603347
anon 768 MB; file 201179 MB; shmem 19 MB; file_mapped 11107 MB; unevictable 0 MB; 
memory.current 202030 MB
nr_periods 10369 nr_throttled 10 throttled_usec 4843093 
cpu.pressure some avg10=0.00 avg60=0.00 avg300=0.00 total=1450848; memory.pressure some avg10=0.00 avg60=0.20 avg300=0.24 total=2151539; io.pressure some avg10=0.00 avg60=0.00 avg300=0.00 total=437036
38280 MiB, 76 %
== 18:06:23
Mem:         2063985      461551      924704        1218      689040     1602434
anon 1667 MB; file 201181 MB; shmem 21 MB; file_mapped 11138 MB; unevictable 0 MB; 
memory.current 202940 MB
nr_periods 10570 nr_throttled 10 throttled_usec 4843093 
cpu.pressure some avg10=0.00 avg60=0.00 avg300=0.00 total=1452606; memory.pressure some avg10=0.00 avg60=0.14 avg300=0.22 total=2151539; io.pressure some avg10=0.00 avg60=0.00 avg300=0.00 total=437040
18558 MiB, 0 %
== 18:06:43
Mem:         2063985      460474      921992        1218      692830     1603511
anon 1121 MB; file 201181 MB; shmem 21 MB; file_mapped 11138 MB; unevictable 0 MB; 
memory.current 202389 MB
nr_periods 10771 nr_throttled 10 throttled_usec 4843093 
cpu.pressure some avg10=0.00 avg60=0.00 avg300=0.00 total=1454617; memory.pressure some avg10=0.00 avg60=0.10 avg300=0.20 total=2151539; io.pressure some avg10=0.00 avg60=0.00 avg300=0.00 total=437040
34622 MiB, 96 %
== 18:07:04
Mem:         2063985      460105      918303        1218      696887     1603879
anon 1117 MB; file 201181 MB; shmem 21 MB; file_mapped 11138 MB; unevictable 0 MB; 
memory.current 202383 MB
nr_periods 10972 nr_throttled 10 throttled_usec 4843093 
cpu.pressure some avg10=0.00 avg60=0.00 avg300=0.00 total=1461270; memory.pressure some avg10=0.00 avg60=0.07 avg300=0.19 total=2151539; io.pressure some avg10=0.00 avg60=0.00 avg300=0.00 total=437040
34622 MiB, 93 %
== 18:07:24
Mem:         2063985      459738      914614        1218      700942     1604246
anon 1117 MB; file 201181 MB; shmem 21 MB; file_mapped 11138 MB; unevictable 0 MB; 
memory.current 202383 MB
nr_periods 11172 nr_throttled 10 throttled_usec 4843093 
cpu.pressure some avg10=0.00 avg60=0.00 avg300=0.00 total=1463096; memory.pressure some avg10=0.00 avg60=0.04 avg300=0.17 total=2151539; io.pressure some avg10=0.00 avg60=0.00 avg300=0.00 total=437040
42528 MiB, 92 %
== 18:07:44
Mem:         2063985      460218      910034        1218      705043     1603767
anon 1558 MB; file 201181 MB; shmem 21 MB; file_mapped 11138 MB; unevictable 0 MB; 
memory.current 202833 MB
nr_periods 11373 nr_throttled 10 throttled_usec 4843093 
cpu.pressure some avg10=0.00 avg60=0.00 avg300=0.00 total=1464494; memory.pressure some avg10=0.00 avg60=0.03 avg300=0.16 total=2151539; io.pressure some avg10=0.00 avg60=0.00 avg300=0.00 total=437042
42536 MiB, 91 %
== 18:08:04
Mem:         2063985      460750      901646        1218      712900     1603235
anon 2073 MB; file 201181 MB; shmem 21 MB; file_mapped 11138 MB; unevictable 0 MB; 
memory.current 203343 MB
nr_periods 11574 nr_throttled 10 throttled_usec 4843093 
cpu.pressure some avg10=0.00 avg60=0.00 avg300=0.00 total=1465063; memory.pressure some avg10=0.00 avg60=0.02 avg300=0.14 total=2151539; io.pressure some avg10=0.00 avg60=0.00 avg300=0.00 total=437042
42536 MiB, 16 %
== 18:08:24
Mem:         2063985      460882      883259        1218      731154     1603103
anon 2066 MB; file 201770 MB; shmem 21 MB; file_mapped 11138 MB; unevictable 0 MB; 
memory.current 203930 MB
nr_periods 11775 nr_throttled 10 throttled_usec 4843093 
cpu.pressure some avg10=0.00 avg60=0.00 avg300=0.00 total=1469547; memory.pressure some avg10=0.00 avg60=0.01 avg300=0.13 total=2151539; io.pressure some avg10=0.00 avg60=0.00 avg300=0.00 total=437042
42536 MiB, 0 %
== 18:08:44
Mem:         2063985      464837      893890        1218      720828     1599148
anon 2210 MB; file 201543 MB; shmem 21 MB; file_mapped 11139 MB; unevictable 0 MB; 
memory.current 203844 MB
nr_periods 11976 nr_throttled 10 throttled_usec 4843093 
cpu.pressure some avg10=0.00 avg60=0.00 avg300=0.00 total=1471508; memory.pressure some avg10=0.00 avg60=0.00 avg300=0.12 total=2152026; io.pressure some avg10=0.00 avg60=0.00 avg300=0.00 total=437618
42536 MiB, 0 %
== 18:09:04
Mem:         2063985      470742      891974        1226      716864     1593243
anon 4284 MB; file 201543 MB; shmem 21 MB; file_mapped 11139 MB; unevictable 0 MB; 
memory.current 205919 MB
nr_periods 12178 nr_throttled 10 throttled_usec 4843093 
cpu.pressure some avg10=0.00 avg60=0.00 avg300=0.00 total=1478734; memory.pressure some avg10=0.00 avg60=0.00 avg300=0.11 total=2152026; io.pressure some avg10=0.00 avg60=0.00 avg300=0.00 total=437618
42536 MiB, 0 %
== 18:09:24
Mem:         2063985      472337      890379        1226      716865     1591648
anon 4284 MB; file 201543 MB; shmem 21 MB; file_mapped 11139 MB; unevictable 0 MB; 
memory.current 205921 MB
nr_periods 12379 nr_throttled 14 throttled_usec 4846310 
cpu.pressure some avg10=0.00 avg60=0.00 avg300=0.00 total=1480735; memory.pressure some avg10=0.00 avg60=0.00 avg300=0.10 total=2152026; io.pressure some avg10=0.00 avg60=0.00 avg300=0.00 total=438012
42536 MiB, 0 %
== 18:09:44
Mem:         2063985      476163      886493        1239      716937     1587821
anon 4284 MB; file 201543 MB; shmem 21 MB; file_mapped 11139 MB; unevictable 0 MB; 
memory.current 205920 MB
nr_periods 12580 nr_throttled 15 throttled_usec 4859839 
cpu.pressure some avg10=0.00 avg60=0.00 avg300=0.00 total=1484065; memory.pressure some avg10=0.00 avg60=0.00 avg300=0.09 total=2152026; io.pressure some avg10=0.00 avg60=0.00 avg300=0.00 total=439833
42536 MiB, 0 %
== 18:10:04
Mem:         2063985      474233      888354        1239      717007     1589752
anon 4284 MB; file 201543 MB; shmem 21 MB; file_mapped 11139 MB; unevictable 0 MB; 
memory.current 205920 MB
nr_periods 12781 nr_throttled 20 throttled_usec 4917968 
cpu.pressure some avg10=0.00 avg60=0.00 avg300=0.00 total=1488907; memory.pressure some avg10=0.00 avg60=0.00 avg300=0.08 total=2152026; io.pressure some avg10=0.00 avg60=0.00 avg300=0.00 total=439833
42536 MiB, 0 %
== 18:10:25
Mem:         2063985      475129      887391        1239      717073     1588855
anon 4285 MB; file 201543 MB; shmem 21 MB; file_mapped 11139 MB; unevictable 0 MB; 
memory.current 205923 MB
nr_periods 12982 nr_throttled 24 throttled_usec 4941159 
cpu.pressure some avg10=0.00 avg60=0.00 avg300=0.00 total=1491505; memory.pressure some avg10=0.00 avg60=0.00 avg300=0.07 total=2152026; io.pressure some avg10=0.00 avg60=0.00 avg300=0.00 total=439834
42536 MiB, 0 %
== 18:10:45
Mem:         2063985      477138      885256        1239      717199     1586846
anon 4284 MB; file 201543 MB; shmem 21 MB; file_mapped 11139 MB; unevictable 0 MB; 
memory.current 205920 MB
nr_periods 13183 nr_throttled 27 throttled_usec 4975602 
cpu.pressure some avg10=0.00 avg60=0.00 avg300=0.00 total=1494461; memory.pressure some avg10=0.00 avg60=0.00 avg300=0.06 total=2152026; io.pressure some avg10=0.00 avg60=0.00 avg300=0.00 total=439835
42536 MiB, 0 %
== 18:11:05
Mem:         2063985      479164      883111        1239      717319     1584821
anon 4284 MB; file 201543 MB; shmem 21 MB; file_mapped 11139 MB; unevictable 0 MB; 
memory.current 205920 MB
nr_periods 13384 nr_throttled 32 throttled_usec 4997306 
cpu.pressure some avg10=0.00 avg60=0.00 avg300=0.00 total=1496980; memory.pressure some avg10=0.00 avg60=0.00 avg300=0.06 total=2152026; io.pressure some avg10=0.00 avg60=0.00 avg300=0.00 total=439835
42536 MiB, 0 %
== 18:11:25
Mem:         2063985      475225      886913        1239      717456     1588759
anon 4284 MB; file 201543 MB; shmem 21 MB; file_mapped 11139 MB; unevictable 0 MB; 
memory.current 205919 MB
nr_periods 13585 nr_throttled 36 throttled_usec 5014448 
cpu.pressure some avg10=0.00 avg60=0.00 avg300=0.00 total=1499055; memory.pressure some avg10=0.00 avg60=0.00 avg300=0.06 total=2152026; io.pressure some avg10=0.00 avg60=0.00 avg300=0.00 total=439835
42536 MiB, 0 %
== 18:11:45
Mem:         2063985      475415      886576        1239      717603     1588570
anon 4284 MB; file 201543 MB; shmem 21 MB; file_mapped 11139 MB; unevictable 0 MB; 
memory.current 205919 MB
nr_periods 13786 nr_throttled 38 throttled_usec 5028634 
cpu.pressure some avg10=0.00 avg60=0.00 avg300=0.00 total=1501005; memory.pressure some avg10=0.00 avg60=0.00 avg300=0.05 total=2152026; io.pressure some avg10=0.00 avg60=0.00 avg300=0.00 total=439835
42536 MiB, 0 %
== 18:12:05
Mem:         2063985      475652      886196        1239      717746     1588333
anon 4284 MB; file 201543 MB; shmem 21 MB; file_mapped 11139 MB; unevictable 0 MB; 
memory.current 205919 MB
nr_periods 13987 nr_throttled 43 throttled_usec 5058063 
cpu.pressure some avg10=0.00 avg60=0.00 avg300=0.00 total=1503937; memory.pressure some avg10=0.00 avg60=0.00 avg300=0.05 total=2152026; io.pressure some avg10=0.00 avg60=0.00 avg300=0.00 total=439854
42536 MiB, 0 %
== 18:12:25
Mem:         2063985      473728      887955        1239      717911     1590256
anon 4284 MB; file 201543 MB; shmem 21 MB; file_mapped 11139 MB; unevictable 0 MB; 
memory.current 205919 MB
nr_periods 14188 nr_throttled 47 throttled_usec 5062170 
cpu.pressure some avg10=0.00 avg60=0.00 avg300=0.00 total=1505824; memory.pressure some avg10=0.00 avg60=0.00 avg300=0.04 total=2152026; io.pressure some avg10=0.00 avg60=0.00 avg300=0.00 total=439920
42536 MiB, 0 %
== 18:12:45
Mem:         2063985      474123      887424        1239      718047     1589862
anon 4284 MB; file 201543 MB; shmem 21 MB; file_mapped 11139 MB; unevictable 0 MB; 
memory.current 205920 MB
nr_periods 14389 nr_throttled 51 throttled_usec 5084913 
cpu.pressure some avg10=0.00 avg60=0.00 avg300=0.00 total=1508506; memory.pressure some avg10=0.00 avg60=0.00 avg300=0.04 total=2152026; io.pressure some avg10=0.00 avg60=0.00 avg300=0.00 total=439993
42536 MiB, 0 %
== 18:13:05
Mem:         2063985      467058      894420        1226      718103     1596927
anon 4284 MB; file 201543 MB; shmem 21 MB; file_mapped 11139 MB; unevictable 0 MB; 
memory.current 205920 MB
nr_periods 14590 nr_throttled 54 throttled_usec 5096512 
cpu.pressure some avg10=0.00 avg60=0.00 avg300=0.00 total=1511018; memory.pressure some avg10=0.00 avg60=0.00 avg300=0.03 total=2152026; io.pressure some avg10=0.00 avg60=0.00 avg300=0.00 total=440103
42536 MiB, 0 %
== 18:13:25
Mem:         2063985      468127      893349        1239      718119     1595858
anon 4284 MB; file 201543 MB; shmem 21 MB; file_mapped 11139 MB; unevictable 0 MB; 
memory.current 205920 MB
nr_periods 14791 nr_throttled 56 throttled_usec 5101084 
cpu.pressure some avg10=0.00 avg60=0.00 avg300=0.00 total=1513010; memory.pressure some avg10=0.00 avg60=0.00 avg300=0.03 total=2152026; io.pressure some avg10=0.00 avg60=0.00 avg300=0.00 total=443269
42536 MiB, 0 %
== 18:13:46
Mem:         2063985      467750      893232        1239      718613     1596235
anon 4284 MB; file 201543 MB; shmem 21 MB; file_mapped 11139 MB; unevictable 0 MB; 
memory.current 205920 MB
nr_periods 14992 nr_throttled 58 throttled_usec 5104320 
cpu.pressure some avg10=0.00 avg60=0.00 avg300=0.00 total=1514640; memory.pressure some avg10=0.00 avg60=0.00 avg300=0.02 total=2152026; io.pressure some avg10=0.00 avg60=0.00 avg300=0.00 total=443360
42536 MiB, 0 %
== 18:14:06
Mem:         2063985      467706      892850        1239      719039     1596278
anon 4285 MB; file 198811 MB; shmem 21 MB; file_mapped 11139 MB; unevictable 0 MB; 
memory.current 203191 MB
nr_periods 15193 nr_throttled 65 throttled_usec 5109531 
cpu.pressure some avg10=0.00 avg60=0.00 avg300=0.00 total=1515832; memory.pressure some avg10=0.00 avg60=0.00 avg300=0.02 total=2152026; io.pressure some avg10=0.00 avg60=0.00 avg300=0.00 total=443380
42536 MiB, 0 %
== 18:14:26
Mem:         2063985      467990      891892        1239      719713     1595995
anon 4284 MB; file 195083 MB; shmem 21 MB; file_mapped 11139 MB; unevictable 0 MB; 
memory.current 199460 MB
nr_periods 15394 nr_throttled 70 throttled_usec 5119064 
cpu.pressure some avg10=0.00 avg60=0.00 avg300=0.00 total=1517163; memory.pressure some avg10=0.00 avg60=0.00 avg300=0.01 total=2152026; io.pressure some avg10=0.00 avg60=0.00 avg300=0.00 total=443403
42536 MiB, 0 %
== 18:14:46
Mem:         2063985      468097      893255        1239      718244     1595888
anon 4284 MB; file 190697 MB; shmem 21 MB; file_mapped 11139 MB; unevictable 0 MB; 
memory.current 195075 MB
nr_periods 15595 nr_throttled 74 throttled_usec 5122983 
cpu.pressure some avg10=0.00 avg60=0.00 avg300=0.00 total=1518719; memory.pressure some avg10=0.00 avg60=0.00 avg300=0.01 total=2152026; io.pressure some avg10=0.00 avg60=0.00 avg300=0.00 total=445555
42536 MiB, 0 %
== 18:15:06
Mem:         2063985      469059      889742        1271      720852     1594925
anon 4284 MB; file 188943 MB; shmem 21 MB; file_mapped 11139 MB; unevictable 0 MB; 
memory.current 193320 MB
nr_periods 15796 nr_throttled 78 throttled_usec 5127027 
cpu.pressure some avg10=0.00 avg60=0.00 avg300=0.00 total=1520144; memory.pressure some avg10=0.00 avg60=0.00 avg300=0.00 total=2152026; io.pressure some avg10=0.00 avg60=0.00 avg300=0.00 total=445789
43162 MiB, 0 %
== 18:15:26
Mem:         2063985      468218      892194        1239      719182     1595766
anon 4284 MB; file 184820 MB; shmem 21 MB; file_mapped 11139 MB; unevictable 0 MB; 
memory.current 189197 MB
nr_periods 15997 nr_throttled 80 throttled_usec 5133369 
cpu.pressure some avg10=0.00 avg60=0.00 avg300=0.00 total=1521388; memory.pressure some avg10=0.00 avg60=0.00 avg300=0.00 total=2152026; io.pressure some avg10=0.00 avg60=0.00 avg300=0.00 total=445979
42536 MiB, 0 %
== 18:15:46
Mem:         2063985      468395      891491        1239      719709     1595590
anon 4284 MB; file 181518 MB; shmem 21 MB; file_mapped 11139 MB; unevictable 0 MB; 
memory.current 185895 MB
nr_periods 16198 nr_throttled 84 throttled_usec 5136366 
cpu.pressure some avg10=0.00 avg60=0.00 avg300=0.00 total=1523098; memory.pressure some avg10=0.00 avg60=0.00 avg300=0.00 total=2152026; io.pressure some avg10=0.00 avg60=0.00 avg300=0.00 total=446130
42536 MiB, 0 %
== 18:16:06
Mem:         2063985      468491      890733        1239      720371     1595494
anon 4284 MB; file 179216 MB; shmem 21 MB; file_mapped 11139 MB; unevictable 0 MB; 
memory.current 183593 MB
nr_periods 16399 nr_throttled 86 throttled_usec 5137471 
cpu.pressure some avg10=0.00 avg60=0.00 avg300=0.00 total=1524735; memory.pressure some avg10=0.00 avg60=0.00 avg300=0.00 total=2152026; io.pressure some avg10=0.00 avg60=0.00 avg300=0.00 total=446153
42536 MiB, 0 %
== 18:16:26
Mem:         2063985      468434      892251        1239      718910     1595551
anon 4284 MB; file 175238 MB; shmem 21 MB; file_mapped 11139 MB; unevictable 0 MB; 
memory.current 179615 MB
nr_periods 16600 nr_throttled 89 throttled_usec 5161263 
cpu.pressure some avg10=0.00 avg60=0.00 avg300=0.00 total=1526825; memory.pressure some avg10=0.00 avg60=0.00 avg300=0.00 total=2152026; io.pressure some avg10=0.00 avg60=0.00 avg300=0.00 total=446587
42536 MiB, 0 %
== 18:16:46
Mem:         2063985      468336      893510        1239      717749     1595649
anon 4284 MB; file 170487 MB; shmem 21 MB; file_mapped 11139 MB; unevictable 0 MB; 
memory.current 174864 MB
nr_periods 16801 nr_throttled 92 throttled_usec 5169853 
cpu.pressure some avg10=0.00 avg60=0.00 avg300=0.00 total=1528090; memory.pressure some avg10=0.00 avg60=0.00 avg300=0.00 total=2152026; io.pressure some avg10=0.00 avg60=0.00 avg300=0.00 total=446612
42536 MiB, 0 %
== 18:17:07
Mem:         2063985      468290      894726        1239      716579     1595694
anon 4284 MB; file 166033 MB; shmem 21 MB; file_mapped 11139 MB; unevictable 0 MB; 
memory.current 170409 MB
nr_periods 17002 nr_throttled 96 throttled_usec 5182378 
cpu.pressure some avg10=0.00 avg60=0.00 avg300=0.00 total=1530083; memory.pressure some avg10=0.00 avg60=0.00 avg300=0.00 total=2152026; io.pressure some avg10=0.00 avg60=0.00 avg300=0.00 total=446920
42536 MiB, 0 %
== 18:17:27
Mem:         2063985      467775      898643        1239      713177     1596210
anon 4284 MB; file 161324 MB; shmem 21 MB; file_mapped 11139 MB; unevictable 0 MB; 
memory.current 165700 MB
nr_periods 17203 nr_throttled 99 throttled_usec 5190822 
cpu.pressure some avg10=0.00 avg60=0.00 avg300=0.00 total=1530825; memory.pressure some avg10=0.00 avg60=0.00 avg300=0.00 total=2152026; io.pressure some avg10=0.00 avg60=0.00 avg300=0.00 total=446920
42536 MiB, 0 %
== 18:17:47
Mem:         2063985      467726      900154        1239      711715     1596259
anon 4143 MB; file 159004 MB; shmem 21 MB; file_mapped 11139 MB; unevictable 0 MB; 
memory.current 163199 MB
nr_periods 17404 nr_throttled 101 throttled_usec 5203619 
cpu.pressure some avg10=0.00 avg60=0.00 avg300=0.00 total=1533818; memory.pressure some avg10=0.00 avg60=0.00 avg300=0.00 total=2152026; io.pressure some avg10=0.00 avg60=0.00 avg300=0.00 total=447262
42536 MiB, 0 %
== 18:18:07
Mem:         2063985      464800      904529        1218      710239     1599185
anon 1235 MB; file 153863 MB; shmem 0 MB; file_mapped 122 MB; unevictable 0 MB; 
memory.current 155162 MB
nr_periods 17605 nr_throttled 101 throttled_usec 5203619 
cpu.pressure some avg10=0.00 avg60=0.00 avg300=0.00 total=1536581; memory.pressure some avg10=0.00 avg60=0.00 avg300=0.00 total=2152026; io.pressure some avg10=0.00 avg60=0.00 avg300=0.00 total=447795
4 MiB, 0 %
== 18:18:27
Mem:         2063985      464661      904331        1237      710602     1599324
anon 1112 MB; file 151288 MB; shmem 19 MB; file_mapped 1015 MB; unevictable 0 MB; 
memory.current 152465 MB
nr_periods 17806 nr_throttled 101 throttled_usec 5203619 
cpu.pressure some avg10=0.00 avg60=0.00 avg300=0.00 total=1538450; memory.pressure some avg10=20.67 avg60=4.05 avg300=0.85 total=5412109; io.pressure some avg10=0.00 avg60=0.00 avg300=0.00 total=447827
14574 MiB, 0 %
== 18:18:47
Mem:         2063985      463950      905838        1237      709806     1600035
anon 768 MB; file 148394 MB; shmem 19 MB; file_mapped 4955 MB; unevictable 0 MB; 
memory.current 149234 MB
nr_periods 18007 nr_throttled 101 throttled_usec 5203619 
cpu.pressure some avg10=0.00 avg60=0.00 avg300=0.00 total=1542150; memory.pressure some avg10=12.05 avg60=8.91 avg300=2.34 total=9532828; io.pressure some avg10=0.00 avg60=0.00 avg300=0.00 total=450164
14574 MiB, 96 %
== 18:19:07
Mem:         2063985      464767      906276        1239      708553     1599218
anon 1014 MB; file 145654 MB; shmem 21 MB; file_mapped 11126 MB; unevictable 0 MB; 
memory.current 146752 MB
nr_periods 18208 nr_throttled 101 throttled_usec 5203619 
cpu.pressure some avg10=0.00 avg60=0.00 avg300=0.00 total=1542816; memory.pressure some avg10=2.90 avg60=6.61 avg300=2.23 total=10681515; io.pressure some avg10=0.00 avg60=0.00 avg300=0.00 total=450164
38282 MiB, 0 %
== 18:19:27
Mem:         2063985      465360      904553        1239      709682     1598624
anon 1645 MB; file 143340 MB; shmem 21 MB; file_mapped 11135 MB; unevictable 0 MB; 
memory.current 145071 MB
nr_periods 18408 nr_throttled 101 throttled_usec 5203619 
cpu.pressure some avg10=0.00 avg60=0.00 avg300=0.00 total=1543276; memory.pressure some avg10=78.10 avg60=29.30 avg300=7.81 total=28071825; io.pressure some avg10=0.00 avg60=0.00 avg300=0.00 total=450164
38292 MiB, 0 %
== 18:19:47
Mem:         2063985      465535      905766        1239      708294     1598450
anon 1081 MB; file 140806 MB; shmem 21 MB; file_mapped 11138 MB; unevictable 0 MB; 
memory.current 141975 MB
nr_periods 18609 nr_throttled 101 throttled_usec 5203619 
cpu.pressure some avg10=0.00 avg60=0.00 avg300=0.00 total=1546004; memory.pressure some avg10=18.97 avg60=26.74 avg300=8.77 total=31570061; io.pressure some avg10=0.00 avg60=0.00 avg300=0.00 total=450164
34330 MiB, 56 %
== 18:20:07
Mem:         2063985      465941      904555        1239      709099     1598043
anon 1117 MB; file 139468 MB; shmem 21 MB; file_mapped 11138 MB; unevictable 0 MB; 
memory.current 140669 MB
nr_periods 18810 nr_throttled 101 throttled_usec 5203619 
cpu.pressure some avg10=0.00 avg60=0.00 avg300=0.00 total=1560790; memory.pressure some avg10=2.56 avg60=19.17 avg300=8.18 total=31570061; io.pressure some avg10=0.00 avg60=0.00 avg300=0.00 total=450245
50408 MiB, 94 %
== 18:20:27
Mem:         2063985      464729      907353        1239      707514     1599256
anon 1117 MB; file 137092 MB; shmem 21 MB; file_mapped 11138 MB; unevictable 0 MB; 
memory.current 138293 MB
nr_periods 19011 nr_throttled 101 throttled_usec 5203619 
cpu.pressure some avg10=0.00 avg60=0.00 avg300=0.00 total=1566132; memory.pressure some avg10=0.34 avg60=13.74 avg300=7.64 total=31570061; io.pressure some avg10=0.00 avg60=0.00 avg300=0.00 total=450250
50414 MiB, 79 %
== 18:20:48
Mem:         2063985      465252      906104        1239      708240     1598732
anon 1222 MB; file 135042 MB; shmem 21 MB; file_mapped 11138 MB; unevictable 0 MB; 
memory.current 136350 MB
nr_periods 19212 nr_throttled 101 throttled_usec 5203619 
cpu.pressure some avg10=0.00 avg60=0.00 avg300=0.00 total=1567468; memory.pressure some avg10=0.04 avg60=9.85 avg300=7.13 total=31570061; io.pressure some avg10=0.00 avg60=0.00 avg300=0.00 total=450250
50430 MiB, 94 %
== 18:21:08
Mem:         2063985      465847      904527        1239      709222     1598137
anon 1793 MB; file 133120 MB; shmem 21 MB; file_mapped 11138 MB; unevictable 0 MB; 
memory.current 135000 MB
nr_periods 19413 nr_throttled 101 throttled_usec 5203619 
cpu.pressure some avg10=0.00 avg60=0.00 avg300=0.00 total=1568485; memory.pressure some avg10=0.00 avg60=7.06 avg300=6.65 total=31570061; io.pressure some avg10=0.00 avg60=0.00 avg300=0.00 total=450953
50430 MiB, 91 %
== 18:21:28
Mem:         2063985      465485      906154        1239      707958     1598500
anon 2038 MB; file 131202 MB; shmem 21 MB; file_mapped 11138 MB; unevictable 0 MB; 
memory.current 133332 MB
nr_periods 19614 nr_throttled 101 throttled_usec 5203619 
cpu.pressure some avg10=0.00 avg60=0.00 avg300=0.00 total=1569262; memory.pressure some avg10=0.00 avg60=5.06 avg300=6.21 total=31570411; io.pressure some avg10=0.00 avg60=0.00 avg300=0.00 total=450953
50430 MiB, 0 %
== 18:21:48
Mem:         2063985      466231      906581        1239      706784     1597753
anon 2603 MB; file 130505 MB; shmem 21 MB; file_mapped 11139 MB; unevictable 0 MB; 
memory.current 133198 MB
nr_periods 19815 nr_throttled 101 throttled_usec 5203619 
cpu.pressure some avg10=0.00 avg60=0.00 avg300=0.00 total=1572493; memory.pressure some avg10=0.40 avg60=3.77 avg300=5.83 total=31689197; io.pressure some avg10=0.00 avg60=0.00 avg300=0.00 total=455660
50430 MiB, 0 %
== 18:22:08
Mem:         2063985      468263      903610        1239      707722     1595721
anon 4297 MB; file 128685 MB; shmem 21 MB; file_mapped 11139 MB; unevictable 0 MB; 
memory.current 133076 MB
nr_periods 20016 nr_throttled 102 throttled_usec 5203641 
cpu.pressure some avg10=0.00 avg60=0.00 avg300=0.00 total=1574102; memory.pressure some avg10=0.05 avg60=2.70 avg300=5.44 total=31689197; io.pressure some avg10=0.00 avg60=0.00 avg300=0.00 total=455660
50430 MiB, 0 %
== 18:22:28
Mem:         2063985      467580      903433        1239      708584     1596405
anon 4297 MB; file 127009 MB; shmem 21 MB; file_mapped 11139 MB; unevictable 0 MB; 
memory.current 131400 MB
nr_periods 20217 nr_throttled 107 throttled_usec 5222441 
cpu.pressure some avg10=0.00 avg60=0.00 avg300=0.00 total=1575353; memory.pressure some avg10=0.00 avg60=1.93 avg300=5.08 total=31689197; io.pressure some avg10=0.00 avg60=0.00 avg300=0.00 total=455717
50430 MiB, 0 %
== 18:22:48
Mem:         2063985      467907      902258        1239      709433     1596078
anon 4297 MB; file 126106 MB; shmem 21 MB; file_mapped 11139 MB; unevictable 0 MB; 
memory.current 130496 MB
nr_periods 20418 nr_throttled 109 throttled_usec 5252092 
cpu.pressure some avg10=0.00 avg60=0.00 avg300=0.00 total=1579345; memory.pressure some avg10=0.00 avg60=1.34 avg300=4.70 total=31689197; io.pressure some avg10=0.00 avg60=0.00 avg300=0.00 total=455747
50430 MiB, 0 %
== 18:23:08
Mem:         2063985      467845      904036        1239      707715     1596139
anon 4297 MB; file 124358 MB; shmem 21 MB; file_mapped 11139 MB; unevictable 0 MB; 
memory.current 128749 MB
nr_periods 20619 nr_throttled 110 throttled_usec 5275752 
cpu.pressure some avg10=0.00 avg60=0.00 avg300=0.00 total=1582164; memory.pressure some avg10=0.00 avg60=0.95 avg300=4.39 total=31689197; io.pressure some avg10=0.00 avg60=0.00 avg300=0.00 total=455828
50430 MiB, 0 %
== 18:23:28
Mem:         2063985      467902      903664        1239      708030     1596083
anon 4297 MB; file 124181 MB; shmem 21 MB; file_mapped 11139 MB; unevictable 0 MB; 
memory.current 128571 MB
nr_periods 20820 nr_throttled 112 throttled_usec 5293910 
cpu.pressure some avg10=0.00 avg60=0.00 avg300=0.00 total=1584906; memory.pressure some avg10=0.00 avg60=0.68 avg300=4.10 total=31689197; io.pressure some avg10=0.00 avg60=0.00 avg300=0.00 total=455830
50430 MiB, 0 %
== 18:23:48
Mem:         2063985      466398      907624        1218      705536     1597586
anon 4297 MB; file 123227 MB; shmem 21 MB; file_mapped 11139 MB; unevictable 0 MB; 
memory.current 127617 MB
nr_periods 21021 nr_throttled 120 throttled_usec 5340349 
cpu.pressure some avg10=0.00 avg60=0.00 avg300=0.00 total=1588767; memory.pressure some avg10=0.00 avg60=0.48 avg300=3.82 total=31689197; io.pressure some avg10=0.00 avg60=0.00 avg300=0.00 total=455843
50430 MiB, 0 %
== 18:24:09
Mem:         2063985      468173      904755        1239      706668     1595811
anon 4298 MB; file 122393 MB; shmem 21 MB; file_mapped 11139 MB; unevictable 0 MB; 
memory.current 126786 MB
nr_periods 21222 nr_throttled 123 throttled_usec 5358090 
cpu.pressure some avg10=0.00 avg60=0.00 avg300=0.00 total=1590953; memory.pressure some avg10=0.00 avg60=0.34 avg300=3.56 total=31689197; io.pressure some avg10=0.00 avg60=0.00 avg300=0.00 total=456127
50430 MiB, 0 %
== 18:24:29
Mem:         2063985      472549      900355        1239      706693     1591436
anon 4297 MB; file 122393 MB; shmem 21 MB; file_mapped 11139 MB; unevictable 0 MB; 
memory.current 126783 MB
nr_periods 21423 nr_throttled 125 throttled_usec 5359442 
cpu.pressure some avg10=0.00 avg60=0.00 avg300=0.00 total=1592042; memory.pressure some avg10=0.00 avg60=0.24 avg300=3.33 total=31689197; io.pressure some avg10=0.00 avg60=0.00 avg300=0.00 total=456143
50430 MiB, 0 %
== 18:24:49
Mem:         2063985      474722      898024        1239      706851     1589263
anon 4297 MB; file 122393 MB; shmem 21 MB; file_mapped 11139 MB; unevictable 0 MB; 
memory.current 126782 MB
nr_periods 21624 nr_throttled 131 throttled_usec 5398844 
cpu.pressure some avg10=0.00 avg60=0.00 avg300=0.00 total=1595244; memory.pressure some avg10=0.00 avg60=0.17 avg300=3.10 total=31689197; io.pressure some avg10=0.00 avg60=0.00 avg300=0.00 total=456162
50430 MiB, 0 %
== 18:25:09
Mem:         2063985      473116      899361        1239      707120     1590868
anon 4297 MB; file 122393 MB; shmem 21 MB; file_mapped 11139 MB; unevictable 0 MB; 
memory.current 126782 MB
nr_periods 21825 nr_throttled 133 throttled_usec 5400020 
cpu.pressure some avg10=0.00 avg60=0.00 avg300=0.00 total=1596438; memory.pressure some avg10=0.00 avg60=0.12 avg300=2.89 total=31689197; io.pressure some avg10=0.00 avg60=0.00 avg300=0.00 total=456163
50430 MiB, 0 %
== 18:25:29
Mem:         2063985      473429      898893        1239      707275     1590555
anon 4297 MB; file 122393 MB; shmem 21 MB; file_mapped 11139 MB; unevictable 0 MB; 
memory.current 126783 MB
nr_periods 22026 nr_throttled 138 throttled_usec 5434315 
cpu.pressure some avg10=0.00 avg60=0.00 avg300=0.00 total=1599223; memory.pressure some avg10=0.00 avg60=0.08 avg300=2.70 total=31689197; io.pressure some avg10=0.00 avg60=0.00 avg300=0.00 total=456165
50430 MiB, 0 %
== 18:25:49
Mem:         2063985      473739      898329        1239      707530     1590246
anon 4297 MB; file 122393 MB; shmem 21 MB; file_mapped 11139 MB; unevictable 0 MB; 
memory.current 126783 MB
nr_periods 22226 nr_throttled 142 throttled_usec 5436978 
cpu.pressure some avg10=0.00 avg60=0.00 avg300=0.00 total=1600645; memory.pressure some avg10=0.00 avg60=0.05 avg300=2.52 total=31689197; io.pressure some avg10=0.00 avg60=0.00 avg300=0.00 total=456182
50430 MiB, 0 %
== 18:26:09
Mem:         2063985      473797      906736        1239      699064     1590188
anon 4296 MB; file 122393 MB; shmem 21 MB; file_mapped 11139 MB; unevictable 0 MB; 
memory.current 126782 MB
nr_periods 22427 nr_throttled 145 throttled_usec 5446822 
cpu.pressure some avg10=0.00 avg60=0.00 avg300=0.00 total=1602101; memory.pressure some avg10=0.00 avg60=0.04 avg300=2.35 total=31689197; io.pressure some avg10=0.00 avg60=0.00 avg300=0.00 total=456182
50430 MiB, 0 %
== 18:26:29
Mem:         2063985      473093      906857        1239      699646     1590892
anon 4297 MB; file 122393 MB; shmem 21 MB; file_mapped 11139 MB; unevictable 0 MB; 
memory.current 126783 MB
nr_periods 22628 nr_throttled 152 throttled_usec 5462116 
cpu.pressure some avg10=0.00 avg60=0.00 avg300=0.00 total=1603926; memory.pressure some avg10=0.00 avg60=0.02 avg300=2.19 total=31689197; io.pressure some avg10=0.00 avg60=0.00 avg300=0.00 total=456183
50430 MiB, 0 %
== 18:26:49
Mem:         2063985      472712      906561        1239      700323     1591272
anon 4297 MB; file 122393 MB; shmem 21 MB; file_mapped 11139 MB; unevictable 0 MB; 
memory.current 126783 MB
nr_periods 22829 nr_throttled 157 throttled_usec 5467502 
cpu.pressure some avg10=0.00 avg60=0.00 avg300=0.00 total=1605433; memory.pressure some avg10=0.00 avg60=0.01 avg300=2.04 total=31689197; io.pressure some avg10=0.00 avg60=0.00 avg300=0.00 total=456193
50430 MiB, 0 %
== 18:27:09
Mem:         2063985      473147      905572        1239      700878     1590838
anon 4297 MB; file 122393 MB; shmem 21 MB; file_mapped 11139 MB; unevictable 0 MB; 
memory.current 126783 MB
nr_periods 23030 nr_throttled 158 throttled_usec 5467742 
cpu.pressure some avg10=0.00 avg60=0.00 avg300=0.00 total=1606477; memory.pressure some avg10=0.00 avg60=0.01 avg300=1.90 total=31689197; io.pressure some avg10=0.00 avg60=0.00 avg300=0.00 total=456217
50430 MiB, 0 %
== 18:27:29
Mem:         2063985      473442      904737        1239      701417     1590542
anon 4297 MB; file 122393 MB; shmem 21 MB; file_mapped 11139 MB; unevictable 0 MB; 
memory.current 126783 MB
nr_periods 23231 nr_throttled 164 throttled_usec 5474655 
cpu.pressure some avg10=0.00 avg60=0.00 avg300=0.00 total=1608370; memory.pressure some avg10=0.00 avg60=0.00 avg300=1.78 total=31689197; io.pressure some avg10=0.00 avg60=0.00 avg300=0.00 total=456249
50430 MiB, 0 %
== 18:27:50
Mem:         2063985      473568      904160        1239      701869     1590417
anon 4297 MB; file 122393 MB; shmem 21 MB; file_mapped 11139 MB; unevictable 0 MB; 
memory.current 126783 MB
nr_periods 23432 nr_throttled 167 throttled_usec 5477642 
cpu.pressure some avg10=0.00 avg60=0.00 avg300=0.00 total=1609603; memory.pressure some avg10=0.00 avg60=0.00 avg300=1.66 total=31689197; io.pressure some avg10=0.00 avg60=0.00 avg300=0.00 total=456258
50430 MiB, 0 %
== 18:28:10
Mem:         2063985      473729      903399        1239      702468     1590255
anon 4297 MB; file 122393 MB; shmem 21 MB; file_mapped 11139 MB; unevictable 0 MB; 
memory.current 126783 MB
nr_periods 23633 nr_throttled 170 throttled_usec 5486021 
cpu.pressure some avg10=0.00 avg60=0.00 avg300=0.00 total=1611138; memory.pressure some avg10=0.00 avg60=0.00 avg300=1.54 total=31689197; io.pressure some avg10=0.00 avg60=0.00 avg300=0.00 total=456277
50430 MiB, 0 %
== 18:28:30
Mem:         2063985      473866      902977        1239      702753     1590119
anon 4297 MB; file 122393 MB; shmem 21 MB; file_mapped 11139 MB; unevictable 0 MB; 
memory.current 126782 MB
nr_periods 23834 nr_throttled 172 throttled_usec 5496198 
cpu.pressure some avg10=0.00 avg60=0.00 avg300=0.00 total=1612848; memory.pressure some avg10=0.00 avg60=0.00 avg300=1.44 total=31689197; io.pressure some avg10=0.00 avg60=0.00 avg300=0.00 total=456287
50430 MiB, 0 %
== 18:28:50
Mem:         2063985      474790      901699        1239      703108     1589195
anon 4297 MB; file 122393 MB; shmem 21 MB; file_mapped 11139 MB; unevictable 0 MB; 
memory.current 126782 MB
nr_periods 24035 nr_throttled 174 throttled_usec 5506476 
cpu.pressure some avg10=0.00 avg60=0.00 avg300=0.00 total=1614372; memory.pressure some avg10=0.00 avg60=0.00 avg300=1.34 total=31689197; io.pressure some avg10=0.00 avg60=0.00 avg300=0.00 total=456312
50430 MiB, 0 %
== 18:29:10
Mem:         2063985      474884      901213        1239      703500     1589100
anon 4297 MB; file 122393 MB; shmem 21 MB; file_mapped 11139 MB; unevictable 0 MB; 
memory.current 126783 MB
nr_periods 24236 nr_throttled 179 throttled_usec 5523843 
cpu.pressure some avg10=0.00 avg60=0.00 avg300=0.00 total=1616014; memory.pressure some avg10=0.00 avg60=0.00 avg300=1.25 total=31689197; io.pressure some avg10=0.00 avg60=0.00 avg300=0.00 total=456359
50430 MiB, 0 %
== 18:29:30
Mem:         2063985      475018      900260        1239      704318     1588966
anon 4297 MB; file 122393 MB; shmem 21 MB; file_mapped 11139 MB; unevictable 0 MB; 
memory.current 126782 MB
nr_periods 24437 nr_throttled 182 throttled_usec 5550533 
cpu.pressure some avg10=0.00 avg60=0.00 avg300=0.00 total=1618604; memory.pressure some avg10=0.00 avg60=0.00 avg300=1.16 total=31689197; io.pressure some avg10=0.00 avg60=0.00 avg300=0.00 total=456424
50430 MiB, 0 %
== 18:29:50
Mem:         2063985      474476      900156        1239      704965     1589509
anon 4297 MB; file 122393 MB; shmem 21 MB; file_mapped 11139 MB; unevictable 0 MB; 
memory.current 126783 MB
nr_periods 24638 nr_throttled 184 throttled_usec 5565858 
cpu.pressure some avg10=0.00 avg60=0.00 avg300=0.00 total=1620798; memory.pressure some avg10=0.00 avg60=0.00 avg300=1.08 total=31689197; io.pressure some avg10=0.00 avg60=0.00 avg300=0.00 total=456723
50430 MiB, 0 %
== 18:30:10
Mem:         2063985      474154      899457        1239      705986     1589830
anon 4297 MB; file 122393 MB; shmem 21 MB; file_mapped 11139 MB; unevictable 0 MB; 
memory.current 126782 MB
nr_periods 24839 nr_throttled 186 throttled_usec 5579372 
cpu.pressure some avg10=0.00 avg60=0.00 avg300=0.00 total=1621867; memory.pressure some avg10=0.00 avg60=0.00 avg300=1.01 total=31689197; io.pressure some avg10=0.00 avg60=0.00 avg300=0.00 total=456742
50430 MiB, 0 %
== 18:30:30
Mem:         2063985      470432      904792        1218      704340     1593553
anon 392 MB; file 119928 MB; shmem 0 MB; file_mapped 112 MB; unevictable 0 MB; 
memory.current 120383 MB
nr_periods 25040 nr_throttled 187 throttled_usec 5579601 
cpu.pressure some avg10=0.00 avg60=0.00 avg300=0.00 total=1625592; memory.pressure some avg10=0.00 avg60=0.00 avg300=0.94 total=31689197; io.pressure some avg10=0.00 avg60=0.00 avg300=0.00 total=457195
4 MiB, 0 %
== 18:30:50
Mem:         2063985      473817      900907        1237      704866     1590168
anon 3519 MB; file 119947 MB; shmem 19 MB; file_mapped 205 MB; unevictable 0 MB; 
memory.current 123536 MB
nr_periods 25241 nr_throttled 187 throttled_usec 5579601 
cpu.pressure some avg10=0.00 avg60=0.00 avg300=0.00 total=1627227; memory.pressure some avg10=0.00 avg60=0.00 avg300=0.87 total=31689197; io.pressure some avg10=0.00 avg60=0.00 avg300=0.00 total=457222
1998 MiB, 0 %
== 18:31:10
Mem:         2063985      472752      901336        1239      705503     1591233
anon 1791 MB; file 119949 MB; shmem 21 MB; file_mapped 11135 MB; unevictable 0 MB; 
memory.current 121835 MB
nr_periods 25441 nr_throttled 187 throttled_usec 5579601 
cpu.pressure some avg10=0.00 avg60=0.00 avg300=0.00 total=1634553; memory.pressure some avg10=0.00 avg60=0.00 avg300=0.81 total=31689197; io.pressure some avg10=0.00 avg60=0.00 avg300=0.00 total=457342
24244 MiB, 0 %
== 18:31:31
Mem:         2063985      472638      900725        1239      706228     1591346
anon 1026 MB; file 119949 MB; shmem 21 MB; file_mapped 11137 MB; unevictable 0 MB; 
memory.current 121065 MB
nr_periods 25642 nr_throttled 187 throttled_usec 5579601 
cpu.pressure some avg10=0.00 avg60=0.00 avg300=0.00 total=1643409; memory.pressure some avg10=0.00 avg60=0.00 avg300=0.75 total=31689197; io.pressure some avg10=0.00 avg60=0.00 avg300=0.00 total=457342
28758 MiB, 0 %
== 18:31:51
Mem:         2063985      472990      899469        1239      707132     1590995
anon 1684 MB; file 119949 MB; shmem 21 MB; file_mapped 11137 MB; unevictable 0 MB; 
memory.current 121722 MB
nr_periods 25843 nr_throttled 187 throttled_usec 5579601 
cpu.pressure some avg10=0.00 avg60=0.00 avg300=0.00 total=1648210; memory.pressure some avg10=0.00 avg60=0.00 avg300=0.70 total=31689197; io.pressure some avg10=0.00 avg60=0.00 avg300=0.00 total=457342
36702 MiB, 96 %
== 18:32:11
Mem:         2063985      475668      895888        1239      708035     1588317
anon 4498 MB; file 119949 MB; shmem 21 MB; file_mapped 11137 MB; unevictable 0 MB; 
memory.current 124545 MB
nr_periods 26044 nr_throttled 187 throttled_usec 5579601 
cpu.pressure some avg10=0.00 avg60=0.00 avg300=0.00 total=1653994; memory.pressure some avg10=0.00 avg60=0.00 avg300=0.65 total=31689197; io.pressure some avg10=0.00 avg60=0.00 avg300=0.00 total=457342
44598 MiB, 0 %
== 18:32:31
Mem:         2063985      472879      896790        1239      709922     1591106
anon 1679 MB; file 121128 MB; shmem 21 MB; file_mapped 11137 MB; unevictable 0 MB; 
memory.current 122901 MB
nr_periods 26245 nr_throttled 187 throttled_usec 5579601 
cpu.pressure some avg10=0.00 avg60=0.00 avg300=0.00 total=1657340; memory.pressure some avg10=0.00 avg60=0.00 avg300=0.60 total=31689197; io.pressure some avg10=0.00 avg60=0.00 avg300=0.00 total=457342
44598 MiB, 0 %
== 18:32:51
Mem:         2063985      475036      894083        1239      710472     1588949
anon 3147 MB; file 121200 MB; shmem 21 MB; file_mapped 11138 MB; unevictable 0 MB; 
memory.current 124441 MB
nr_periods 26446 nr_throttled 188 throttled_usec 5579926 
cpu.pressure some avg10=0.00 avg60=0.00 avg300=0.00 total=1661164; memory.pressure some avg10=0.00 avg60=0.00 avg300=0.56 total=31689197; io.pressure some avg10=0.00 avg60=0.00 avg300=0.00 total=462824
44598 MiB, 0 %
== 18:33:11
Mem:         2063985      474840      893662        1239      711089     1589144
anon 3147 MB; file 121200 MB; shmem 21 MB; file_mapped 11138 MB; unevictable 0 MB; 
memory.current 124439 MB
nr_periods 26647 nr_throttled 191 throttled_usec 5593701 
cpu.pressure some avg10=0.00 avg60=0.00 avg300=0.00 total=1662133; memory.pressure some avg10=0.00 avg60=0.00 avg300=0.52 total=31689197; io.pressure some avg10=0.00 avg60=0.00 avg300=0.00 total=462845
44598 MiB, 0 %
== 18:33:31
Mem:         2063985      474710      892772        1239      712110     1589275
anon 3147 MB; file 121200 MB; shmem 21 MB; file_mapped 11138 MB; unevictable 0 MB; 
memory.current 124440 MB
nr_periods 26848 nr_throttled 195 throttled_usec 5603437 
cpu.pressure some avg10=0.00 avg60=0.00 avg300=0.00 total=1665162; memory.pressure some avg10=0.00 avg60=0.00 avg300=0.48 total=31689197; io.pressure some avg10=0.00 avg60=0.00 avg300=0.00 total=462957
44598 MiB, 0 %
== 18:33:51
Mem:         2063985      474558      892124        1239      712908     1589426
anon 3147 MB; file 121200 MB; shmem 21 MB; file_mapped 11138 MB; unevictable 0 MB; 
memory.current 124438 MB
nr_periods 27049 nr_throttled 198 throttled_usec 5604029 
cpu.pressure some avg10=0.00 avg60=0.00 avg300=0.00 total=1667440; memory.pressure some avg10=0.00 avg60=0.00 avg300=0.45 total=31689197; io.pressure some avg10=0.00 avg60=0.00 avg300=0.00 total=463128
44598 MiB, 0 %
== 18:34:11
Mem:         2063985      474557      891531        1239      713503     1589427
anon 3147 MB; file 121200 MB; shmem 21 MB; file_mapped 11138 MB; unevictable 0 MB; 
memory.current 124440 MB
nr_periods 27250 nr_throttled 200 throttled_usec 5626336 
cpu.pressure some avg10=0.00 avg60=0.00 avg300=0.00 total=1669741; memory.pressure some avg10=0.00 avg60=0.00 avg300=0.42 total=31689197; io.pressure some avg10=0.00 avg60=0.00 avg300=0.00 total=463177
44598 MiB, 0 %
== 18:34:31
Mem:         2063985      471101      895567        1218      712885     1592884
anon 7 MB; file 119928 MB; shmem 0 MB; file_mapped 0 MB; unevictable 0 MB; 
memory.current 119991 MB
nr_periods 27359 nr_throttled 201 throttled_usec 5646616 
cpu.pressure some avg10=0.00 avg60=0.00 avg300=0.00 total=1672610; memory.pressure some avg10=0.00 avg60=0.00 avg300=0.39 total=31689197; io.pressure some avg10=0.00 avg60=0.00 avg300=0.00 total=463389
0 MiB, 0 %
== 18:34:52
Mem:         2063985      470982      894887        1218      713684     1593003
anon 5 MB; file 119928 MB; shmem 0 MB; file_mapped 0 MB; unevictable 0 MB; 
memory.current 119988 MB
nr_periods 27380 nr_throttled 201 throttled_usec 5646616 
cpu.pressure some avg10=0.00 avg60=0.00 avg300=0.00 total=1673765; memory.pressure some avg10=0.00 avg60=0.00 avg300=0.36 total=31689197; io.pressure some avg10=0.00 avg60=0.00 avg300=0.00 total=463389
0 MiB, 0 %
== 18:35:12
Mem:         2063985      471725      893248        1218      714591     1592260
anon 851 MB; file 119928 MB; shmem 0 MB; file_mapped 117 MB; unevictable 0 MB; 
memory.current 120838 MB
nr_periods 27512 nr_throttled 201 throttled_usec 5646616 
cpu.pressure some avg10=0.00 avg60=0.00 avg300=0.00 total=1675713; memory.pressure some avg10=0.00 avg60=0.00 avg300=0.33 total=31689197; io.pressure some avg10=0.00 avg60=0.00 avg300=0.00 total=463595
4 MiB, 0 %
== 18:35:32
Mem:         2063985      463178     1078025        1216      538338     1600806
anon 769 MB; file 119947 MB; shmem 19 MB; file_mapped 513 MB; unevictable 0 MB; 
memory.current 120782 MB
nr_periods 27712 nr_throttled 201 throttled_usec 5646616 
cpu.pressure some avg10=0.00 avg60=0.00 avg300=0.00 total=1680798; memory.pressure some avg10=0.00 avg60=0.00 avg300=0.31 total=31689197; io.pressure some avg10=0.00 avg60=0.00 avg300=0.00 total=463609
3492 MiB, 0 %
== 18:35:52
Mem:         2063985      463872     1075981        1216      539688     1600112
anon 927 MB; file 121296 MB; shmem 19 MB; file_mapped 3064 MB; unevictable 0 MB; 
memory.current 122293 MB
nr_periods 27913 nr_throttled 201 throttled_usec 5646616 
cpu.pressure some avg10=0.00 avg60=0.00 avg300=0.00 total=1684494; memory.pressure some avg10=0.00 avg60=0.00 avg300=0.28 total=31691605; io.pressure some avg10=0.00 avg60=0.00 avg300=0.00 total=468896
14640 MiB, 0 %
== 18:36:12
Mem:         2063985      465307     1073545        1216      540690     1598678
anon 1424 MB; file 121736 MB; shmem 19 MB; file_mapped 4391 MB; unevictable 0 MB; 
memory.current 123219 MB
nr_periods 28114 nr_throttled 201 throttled_usec 5646616 
cpu.pressure some avg10=0.00 avg60=0.00 avg300=0.00 total=1687116; memory.pressure some avg10=0.00 avg60=0.00 avg300=0.26 total=31696673; io.pressure some avg10=0.00 avg60=0.00 avg300=0.00 total=469496
14640 MiB, 7 %
== 18:36:32
Mem:         2063985      470465     1061000        1216      548077     1593520
anon 1432 MB; file 121951 MB; shmem 19 MB; file_mapped 5681 MB; unevictable 0 MB; 
memory.current 123464 MB
nr_periods 28315 nr_throttled 201 throttled_usec 5646616 
cpu.pressure some avg10=0.00 avg60=0.00 avg300=0.00 total=1692486; memory.pressure some avg10=0.00 avg60=0.00 avg300=0.24 total=31698867; io.pressure some avg10=0.00 avg60=0.00 avg300=0.00 total=469635
14640 MiB, 6 %
== 18:36:52
Mem:         2063985      480370     1029170        1216      570001     1583614
anon 1607 MB; file 123215 MB; shmem 19 MB; file_mapped 6980 MB; unevictable 0 MB; 
memory.current 124867 MB
nr_periods 28516 nr_throttled 201 throttled_usec 5646616 
cpu.pressure some avg10=0.00 avg60=0.00 avg300=0.00 total=1694357; memory.pressure some avg10=0.00 avg60=0.00 avg300=0.22 total=31698867; io.pressure some avg10=0.00 avg60=0.00 avg300=0.00 total=471409
14640 MiB, 0 %
== 18:37:12
Mem:         2063985      482353     1007145        1216      590043     1581631
anon 767 MB; file 124289 MB; shmem 19 MB; file_mapped 22644 MB; unevictable 0 MB; 
memory.current 125179 MB
nr_periods 28717 nr_throttled 201 throttled_usec 5646616 
cpu.pressure some avg10=0.00 avg60=0.00 avg300=0.00 total=1696907; memory.pressure some avg10=0.00 avg60=0.00 avg300=0.21 total=31698867; io.pressure some avg10=0.00 avg60=0.00 avg300=0.00 total=472849
11266 MiB, 55 %
== 18:37:32
Mem:         2063985      484048      979261        1216      616233     1579936
anon 767 MB; file 136068 MB; shmem 19 MB; file_mapped 59251 MB; unevictable 0 MB; 
memory.current 137027 MB
nr_periods 28918 nr_throttled 201 throttled_usec 5646616 
cpu.pressure some avg10=0.00 avg60=0.00 avg300=0.00 total=1698406; memory.pressure some avg10=0.36 avg60=0.16 avg300=0.23 total=31842102; io.pressure some avg10=0.00 avg60=0.00 avg300=0.00 total=473394
11266 MiB, 49 %
== 18:37:52
Mem:         2063985      486709      939308        1216      653524     1577275
anon 767 MB; file 157622 MB; shmem 19 MB; file_mapped 95453 MB; unevictable 0 MB; 
memory.current 158639 MB
nr_periods 29119 nr_throttled 201 throttled_usec 5646616 
cpu.pressure some avg10=0.00 avg60=0.00 avg300=0.00 total=1700613; memory.pressure some avg10=0.16 avg60=0.14 avg300=0.22 total=31876909; io.pressure some avg10=0.00 avg60=0.00 avg300=0.00 total=475881
16386 MiB, 71 %
== 18:38:12
Mem:         2063985      483656      942990        1216      652896     1580329
anon 767 MB; file 167172 MB; shmem 19 MB; file_mapped 133185 MB; unevictable 0 MB; 
memory.current 168262 MB
nr_periods 29320 nr_throttled 201 throttled_usec 5646616 
cpu.pressure some avg10=0.00 avg60=0.00 avg300=0.00 total=1702076; memory.pressure some avg10=0.38 avg60=0.16 avg300=0.21 total=32039900; io.pressure some avg10=0.00 avg60=0.00 avg300=0.00 total=478125
16386 MiB, 54 %
== 18:38:33
Mem:         2063985      482452      926081        1216      671009     1581533
anon 767 MB; file 176769 MB; shmem 19 MB; file_mapped 171659 MB; unevictable 0 MB; 
memory.current 177935 MB
nr_periods 29521 nr_throttled 201 throttled_usec 5646616 
cpu.pressure some avg10=0.00 avg60=0.00 avg300=0.00 total=1704543; memory.pressure some avg10=0.20 avg60=0.24 avg300=0.23 total=32066250; io.pressure some avg10=0.00 avg60=0.00 avg300=0.00 total=480020
16386 MiB, 46 %
== 18:38:53
Mem:         2063985      481425      888518        1216      709599     1582560
anon 767 MB; file 207613 MB; shmem 19 MB; file_mapped 202774 MB; unevictable 0 MB; 
memory.current 208840 MB
nr_periods 29722 nr_throttled 201 throttled_usec 5646616 
cpu.pressure some avg10=0.00 avg60=0.00 avg300=0.00 total=1706467; memory.pressure some avg10=0.05 avg60=0.18 avg300=0.22 total=32113358; io.pressure some avg10=0.00 avg60=0.00 avg300=0.00 total=484630
16386 MiB, 48 %
== 18:39:13
Mem:         2063985      479746      867197        1218      732601     1584238
anon 993 MB; file 223020 MB; shmem 21 MB; file_mapped 221570 MB; unevictable 0 MB; 
memory.current 224511 MB
nr_periods 29923 nr_throttled 201 throttled_usec 5646616 
cpu.pressure some avg10=0.00 avg60=0.00 avg300=0.00 total=1711712; memory.pressure some avg10=17.47 avg60=4.53 avg300=1.17 total=35027628; io.pressure some avg10=0.00 avg60=0.00 avg300=0.00 total=498055
24282 MiB, 41 %
== 18:39:33
Mem:         2063985      476458      866810        1218      736276     1587526
anon 1010 MB; file 223020 MB; shmem 21 MB; file_mapped 221570 MB; unevictable 0 MB; 
memory.current 224529 MB
nr_periods 30124 nr_throttled 201 throttled_usec 5646616 
cpu.pressure some avg10=0.00 avg60=0.00 avg300=0.00 total=1716709; memory.pressure some avg10=2.36 avg60=3.24 avg300=1.09 total=35027628; io.pressure some avg10=0.00 avg60=0.00 avg300=0.00 total=498091
24282 MiB, 38 %
== 18:39:53
Mem:         2063985      473299      868567        1218      737677     1590686
anon 1596 MB; file 223020 MB; shmem 21 MB; file_mapped 221570 MB; unevictable 0 MB; 
memory.current 225130 MB
nr_periods 30325 nr_throttled 201 throttled_usec 5646616 
cpu.pressure some avg10=0.00 avg60=0.00 avg300=0.00 total=1719757; memory.pressure some avg10=0.31 avg60=2.32 avg300=1.02 total=35027628; io.pressure some avg10=0.00 avg60=0.00 avg300=0.00 total=498409
24282 MiB, 7 %
== 18:40:13
Mem:         2063985      471283      870207        1218      738053     1592701
anon 1970 MB; file 223020 MB; shmem 21 MB; file_mapped 221570 MB; unevictable 0 MB; 
memory.current 225493 MB
nr_periods 30526 nr_throttled 201 throttled_usec 5646616 
cpu.pressure some avg10=0.00 avg60=0.00 avg300=0.00 total=1721635; memory.pressure some avg10=0.04 avg60=1.66 avg300=0.95 total=35027628; io.pressure some avg10=0.00 avg60=0.00 avg300=0.00 total=498421
24282 MiB, 6 %
== 18:40:33
Mem:         2063985      468579      872534        1218      738431     1595406
anon 1296 MB; file 223020 MB; shmem 21 MB; file_mapped 221570 MB; unevictable 0 MB; 
memory.current 224823 MB
nr_periods 30727 nr_throttled 201 throttled_usec 5646616 
cpu.pressure some avg10=0.00 avg60=0.00 avg300=0.00 total=1723256; memory.pressure some avg10=0.00 avg60=1.19 avg300=0.88 total=35027628; io.pressure some avg10=0.00 avg60=0.00 avg300=0.00 total=498421
24282 MiB, 0 %
== 18:40:53
Mem:         2063985      469990      870952        1218      738602     1593995
anon 3627 MB; file 223020 MB; shmem 21 MB; file_mapped 221571 MB; unevictable 0 MB; 
memory.current 227149 MB
nr_periods 30928 nr_throttled 201 throttled_usec 5646616 
cpu.pressure some avg10=0.00 avg60=0.00 avg300=0.00 total=1725663; memory.pressure some avg10=0.00 avg60=0.85 avg300=0.82 total=35027628; io.pressure some avg10=0.00 avg60=0.00 avg300=0.00 total=498435
6414 MiB, 0 %
== 18:41:13
Mem:         2063985      466547      873819        1218      739178     1597438
anon 1165 MB; file 223020 MB; shmem 21 MB; file_mapped 221571 MB; unevictable 0 MB; 
memory.current 224685 MB
nr_periods 31129 nr_throttled 201 throttled_usec 5646616 
cpu.pressure some avg10=0.00 avg60=0.00 avg300=0.00 total=1728485; memory.pressure some avg10=0.00 avg60=0.60 avg300=0.76 total=35027628; io.pressure some avg10=0.00 avg60=0.00 avg300=0.00 total=498435
16524 MiB, 72 %
== 18:41:33
Mem:         2063985      466423      872839        1218      740282     1597562
anon 2126 MB; file 223020 MB; shmem 21 MB; file_mapped 221571 MB; unevictable 0 MB; 
memory.current 225649 MB
nr_periods 31330 nr_throttled 201 throttled_usec 5646616 
cpu.pressure some avg10=0.00 avg60=0.00 avg300=0.00 total=1730635; memory.pressure some avg10=0.00 avg60=0.43 avg300=0.71 total=35027628; io.pressure some avg10=0.00 avg60=0.00 avg300=0.00 total=498435
16526 MiB, 7 %
== 18:41:54
Mem:         2063985      465844      871948        1218      741751     1598141
anon 1865 MB; file 223020 MB; shmem 21 MB; file_mapped 221571 MB; unevictable 0 MB; 
memory.current 225389 MB
nr_periods 31531 nr_throttled 201 throttled_usec 5646616 
cpu.pressure some avg10=0.00 avg60=0.00 avg300=0.00 total=1733744; memory.pressure some avg10=0.00 avg60=0.30 avg300=0.66 total=35027628; io.pressure some avg10=0.00 avg60=0.00 avg300=0.00 total=498435
16526 MiB, 0 %
== 18:42:14
Mem:         2063985      465087      871233        1218      743223     1598897
anon 1173 MB; file 223020 MB; shmem 21 MB; file_mapped 221571 MB; unevictable 0 MB; 
memory.current 224691 MB
nr_periods 31732 nr_throttled 201 throttled_usec 5646616 
cpu.pressure some avg10=0.00 avg60=0.00 avg300=0.00 total=1736173; memory.pressure some avg10=0.00 avg60=0.21 avg300=0.61 total=35027628; io.pressure some avg10=0.00 avg60=0.00 avg300=0.00 total=498435
16528 MiB, 72 %
== 18:42:34
Mem:         2063985      464966      870705        1218      743873     1599019
anon 1174 MB; file 223020 MB; shmem 21 MB; file_mapped 221571 MB; unevictable 0 MB; 
memory.current 224691 MB
nr_periods 31933 nr_throttled 201 throttled_usec 5646616 
cpu.pressure some avg10=0.00 avg60=0.00 avg300=0.00 total=1738349; memory.pressure some avg10=0.00 avg60=0.15 avg300=0.57 total=35027628; io.pressure some avg10=0.00 avg60=0.00 avg300=0.00 total=498442
16530 MiB, 47 %
== 18:42:54
Mem:         2063985      464874      870636        1218      744033     1599110
anon 1174 MB; file 223020 MB; shmem 21 MB; file_mapped 221571 MB; unevictable 0 MB; 
memory.current 224692 MB
nr_periods 32134 nr_throttled 201 throttled_usec 5646616 
cpu.pressure some avg10=0.00 avg60=0.00 avg300=0.00 total=1740522; memory.pressure some avg10=0.00 avg60=0.10 avg300=0.53 total=35027628; io.pressure some avg10=0.00 avg60=0.00 avg300=0.00 total=498442
18676 MiB, 38 %
== 18:43:14
Mem:         2063985      464567      870076        1218      744901     1599418
anon 1244 MB; file 223020 MB; shmem 21 MB; file_mapped 221571 MB; unevictable 0 MB; 
memory.current 224762 MB
nr_periods 32335 nr_throttled 201 throttled_usec 5646616 
cpu.pressure some avg10=0.00 avg60=0.00 avg300=0.00 total=1744162; memory.pressure some avg10=0.00 avg60=0.07 avg300=0.49 total=35027628; io.pressure some avg10=0.00 avg60=0.00 avg300=0.00 total=498442
36456 MiB, 0 %
== 18:43:34
Mem:         2063985      464611      869179        1218      745754     1599374
anon 1425 MB; file 223020 MB; shmem 21 MB; file_mapped 221571 MB; unevictable 0 MB; 
memory.current 224942 MB
nr_periods 32536 nr_throttled 201 throttled_usec 5646616 
cpu.pressure some avg10=0.00 avg60=0.00 avg300=0.00 total=1746594; memory.pressure some avg10=0.00 avg60=0.05 avg300=0.46 total=35027628; io.pressure some avg10=0.00 avg60=0.00 avg300=0.00 total=498442
36456 MiB, 36 %
== 18:43:54
Mem:         2063985      464608      868316        1218      746619     1599376
anon 1425 MB; file 223020 MB; shmem 21 MB; file_mapped 221571 MB; unevictable 0 MB; 
memory.current 224942 MB
nr_periods 32737 nr_throttled 201 throttled_usec 5646616 
cpu.pressure some avg10=0.00 avg60=0.00 avg300=0.00 total=1749318; memory.pressure some avg10=0.00 avg60=0.03 avg300=0.42 total=35027628; io.pressure some avg10=0.00 avg60=0.00 avg300=0.00 total=498442
36456 MiB, 48 %
== 18:44:14
Mem:         2063985      464902      866605        1218      748036     1599082
anon 1425 MB; file 223020 MB; shmem 21 MB; file_mapped 221571 MB; unevictable 0 MB; 
memory.current 224943 MB
nr_periods 32938 nr_throttled 201 throttled_usec 5646616 
cpu.pressure some avg10=0.00 avg60=0.00 avg300=0.00 total=1751750; memory.pressure some avg10=0.00 avg60=0.02 avg300=0.39 total=35027628; io.pressure some avg10=0.00 avg60=0.00 avg300=0.00 total=498442
36456 MiB, 40 %
== 18:44:34
Mem:         2063985      465633      863113        1218      750799     1598352
anon 2063 MB; file 223020 MB; shmem 21 MB; file_mapped 221571 MB; unevictable 0 MB; 
memory.current 225588 MB
nr_periods 33139 nr_throttled 201 throttled_usec 5646616 
cpu.pressure some avg10=0.00 avg60=0.00 avg300=0.00 total=1756404; memory.pressure some avg10=0.00 avg60=0.01 avg300=0.36 total=35027628; io.pressure some avg10=0.00 avg60=0.00 avg300=0.00 total=498442
36456 MiB, 0 %
== 18:44:54
Mem:         2063985      465771      860905        1218      752877     1598214
anon 1916 MB; file 223020 MB; shmem 21 MB; file_mapped 221571 MB; unevictable 0 MB; 
memory.current 225454 MB
nr_periods 33340 nr_throttled 201 throttled_usec 5646616 
cpu.pressure some avg10=0.00 avg60=0.00 avg300=0.00 total=1758018; memory.pressure some avg10=0.00 avg60=0.00 avg300=0.34 total=35027628; io.pressure some avg10=0.00 avg60=0.00 avg300=0.00 total=498475
36456 MiB, 0 %
== 18:45:15
Mem:         2063985      466272      858718        1218      754576     1597713
anon 1898 MB; file 223020 MB; shmem 21 MB; file_mapped 221571 MB; unevictable 0 MB; 
memory.current 225429 MB
nr_periods 33541 nr_throttled 201 throttled_usec 5646616 
cpu.pressure some avg10=0.00 avg60=0.00 avg300=0.00 total=1760598; memory.pressure some avg10=0.00 avg60=0.00 avg300=0.31 total=35027628; io.pressure some avg10=0.00 avg60=0.00 avg300=0.00 total=498488
36458 MiB, 0 %
== 18:45:35
Mem:         2063985      465419      858019        1218      756105     1598565
anon 2118 MB; file 223020 MB; shmem 21 MB; file_mapped 221571 MB; unevictable 0 MB; 
memory.current 225645 MB
nr_periods 33742 nr_throttled 201 throttled_usec 5646616 
cpu.pressure some avg10=0.00 avg60=0.00 avg300=0.00 total=1762848; memory.pressure some avg10=0.00 avg60=0.00 avg300=0.29 total=35027628; io.pressure some avg10=0.00 avg60=0.00 avg300=0.00 total=498488
36458 MiB, 1 %
== 18:45:55
Mem:         2063985      465583      856282        1228      757718     1598402
anon 1427 MB; file 223020 MB; shmem 21 MB; file_mapped 221571 MB; unevictable 0 MB; 
memory.current 224947 MB
nr_periods 33943 nr_throttled 201 throttled_usec 5646616 
cpu.pressure some avg10=0.00 avg60=0.00 avg300=0.00 total=1764995; memory.pressure some avg10=0.00 avg60=0.00 avg300=0.27 total=35027628; io.pressure some avg10=0.00 avg60=0.00 avg300=0.00 total=498488
36458 MiB, 44 %
== 18:46:15
Mem:         2063985      464780      855622        1218      759150     1599204
anon 1458 MB; file 223020 MB; shmem 21 MB; file_mapped 221571 MB; unevictable 0 MB; 
memory.current 224975 MB
nr_periods 34144 nr_throttled 201 throttled_usec 5646616 
cpu.pressure some avg10=0.00 avg60=0.00 avg300=0.00 total=1770852; memory.pressure some avg10=0.00 avg60=0.00 avg300=0.25 total=35027628; io.pressure some avg10=0.00 avg60=0.00 avg300=0.00 total=498488
44360 MiB, 96 %
== 18:46:35
Mem:         2063985      465559      853358        1218      760627     1598426
anon 2820 MB; file 223020 MB; shmem 21 MB; file_mapped 221571 MB; unevictable 0 MB; 
memory.current 226340 MB
nr_periods 34345 nr_throttled 201 throttled_usec 5646616 
cpu.pressure some avg10=0.00 avg60=0.00 avg300=0.00 total=1772337; memory.pressure some avg10=0.00 avg60=0.00 avg300=0.23 total=35027628; io.pressure some avg10=0.00 avg60=0.00 avg300=0.00 total=498488
44360 MiB, 65 %
== 18:46:55
Mem:         2063985      468094      849320        1218      762152     1595891
anon 4332 MB; file 223020 MB; shmem 21 MB; file_mapped 221571 MB; unevictable 0 MB; 
memory.current 227856 MB
nr_periods 34546 nr_throttled 201 throttled_usec 5646616 
cpu.pressure some avg10=0.00 avg60=0.00 avg300=0.00 total=1773117; memory.pressure some avg10=0.00 avg60=0.00 avg300=0.21 total=35027628; io.pressure some avg10=0.00 avg60=0.00 avg300=0.00 total=498488
44360 MiB, 69 %
== 18:47:15
Mem:         2063985      468969      846895        1218      763680     1595016
anon 5937 MB; file 223020 MB; shmem 21 MB; file_mapped 221571 MB; unevictable 0 MB; 
memory.current 229464 MB
nr_periods 34747 nr_throttled 201 throttled_usec 5646616 
cpu.pressure some avg10=0.00 avg60=0.00 avg300=0.00 total=1773952; memory.pressure some avg10=0.00 avg60=0.00 avg300=0.19 total=35027628; io.pressure some avg10=0.00 avg60=0.00 avg300=0.00 total=498488
44360 MiB, 65 %
== 18:47:35
Mem:         2063985      470142      844138        1218      765277     1593843
anon 7553 MB; file 223020 MB; shmem 21 MB; file_mapped 221571 MB; unevictable 0 MB; 
memory.current 231082 MB
nr_periods 34948 nr_throttled 201 throttled_usec 5646616 
cpu.pressure some avg10=0.00 avg60=0.00 avg300=0.00 total=1774800; memory.pressure some avg10=0.00 avg60=0.00 avg300=0.18 total=35027628; io.pressure some avg10=0.00 avg60=0.00 avg300=0.00 total=498488
44360 MiB, 63 %
== 18:47:55
Mem:         2063985      471664      841356        1218      766523     1592320
anon 9079 MB; file 223020 MB; shmem 21 MB; file_mapped 221571 MB; unevictable 0 MB; 
memory.current 232611 MB
nr_periods 35149 nr_throttled 201 throttled_usec 5646616 
cpu.pressure some avg10=0.00 avg60=0.00 avg300=0.00 total=1775424; memory.pressure some avg10=0.00 avg60=0.00 avg300=0.16 total=35027628; io.pressure some avg10=0.00 avg60=0.00 avg300=0.00 total=498488
44360 MiB, 52 %
== 18:48:15
Mem:         2063985      479308      833324        1218      766912     1584677
anon 16897 MB; file 221929 MB; shmem 21 MB; file_mapped 220769 MB; unevictable 0 MB; 
memory.current 239358 MB
nr_periods 35350 nr_throttled 201 throttled_usec 5646616 
cpu.pressure some avg10=0.00 avg60=0.00 avg300=0.00 total=1776373; memory.pressure some avg10=13.81 avg60=3.28 avg300=0.87 total=37170955; io.pressure some avg10=0.00 avg60=0.00 avg300=0.00 total=498646
44360 MiB, 65 %
== 18:48:36
Mem:         2063985      479550      864009        1218      735984     1584434
anon 16922 MB; file 221867 MB; shmem 21 MB; file_mapped 220798 MB; unevictable 0 MB; 
memory.current 239317 MB
nr_periods 35551 nr_throttled 201 throttled_usec 5646616 
cpu.pressure some avg10=0.00 avg60=0.00 avg300=0.00 total=1777818; memory.pressure some avg10=1.87 avg60=2.35 avg300=0.81 total=37183204; io.pressure some avg10=0.00 avg60=0.00 avg300=0.00 total=499263
44360 MiB, 6 %
== 18:48:56
Mem:         2063985      479438      888986        1218      711119     1584546
anon 16922 MB; file 221908 MB; shmem 21 MB; file_mapped 221104 MB; unevictable 0 MB; 
memory.current 239358 MB
nr_periods 35752 nr_throttled 201 throttled_usec 5646616 
cpu.pressure some avg10=0.00 avg60=0.00 avg300=0.00 total=1779434; memory.pressure some avg10=0.25 avg60=1.68 avg300=0.75 total=37229223; io.pressure some avg10=0.00 avg60=0.00 avg300=0.00 total=501285
44360 MiB, 0 %
== 18:49:16
Mem:         2063985      480557      897677        1218      701309     1583428
anon 16943 MB; file 219428 MB; shmem 21 MB; file_mapped 219066 MB; unevictable 0 MB; 
memory.current 236899 MB
nr_periods 35953 nr_throttled 201 throttled_usec 5646616 
cpu.pressure some avg10=0.00 avg60=0.00 avg300=0.00 total=1781305; memory.pressure some avg10=0.36 avg60=1.36 avg300=0.74 total=37400579; io.pressure some avg10=0.00 avg60=0.00 avg300=0.00 total=502014
45016 MiB, 97 %
== 18:49:36
Mem:         2063985      480638      897348        1218      701558     1583347
anon 16943 MB; file 219428 MB; shmem 21 MB; file_mapped 219066 MB; unevictable 0 MB; 
memory.current 236899 MB
nr_periods 36154 nr_throttled 201 throttled_usec 5646616 
cpu.pressure some avg10=0.00 avg60=0.00 avg300=0.00 total=1782370; memory.pressure some avg10=0.04 avg60=0.97 avg300=0.69 total=37400579; io.pressure some avg10=0.00 avg60=0.00 avg300=0.00 total=502023
45030 MiB, 0 %
== 18:49:56
Mem:         2063985      480853      896296        1218      702394     1583131
anon 16945 MB; file 219430 MB; shmem 21 MB; file_mapped 219068 MB; unevictable 0 MB; 
memory.current 236903 MB
nr_periods 36355 nr_throttled 201 throttled_usec 5646616 
cpu.pressure some avg10=0.00 avg60=0.00 avg300=0.00 total=1784389; memory.pressure some avg10=0.00 avg60=0.69 avg300=0.64 total=37400579; io.pressure some avg10=0.00 avg60=0.00 avg300=0.00 total=502023
45036 MiB, 95 %
== 18:50:16
Mem:         2063985      480782      895494        1218      703267     1583203
anon 16947 MB; file 219431 MB; shmem 21 MB; file_mapped 219069 MB; unevictable 0 MB; 
memory.current 236906 MB
nr_periods 36556 nr_throttled 201 throttled_usec 5646616 
cpu.pressure some avg10=0.00 avg60=0.00 avg300=0.00 total=1789460; memory.pressure some avg10=0.00 avg60=0.49 avg300=0.59 total=37400579; io.pressure some avg10=0.00 avg60=0.00 avg300=0.00 total=502023
45042 MiB, 92 %
== 18:50:36
Mem:         2063985      480583      895752        1218      703208     1583401
anon 16948 MB; file 219431 MB; shmem 21 MB; file_mapped 219069 MB; unevictable 0 MB; 
memory.current 236907 MB
nr_periods 36756 nr_throttled 201 throttled_usec 5646616 
cpu.pressure some avg10=0.00 avg60=0.00 avg300=0.00 total=1791470; memory.pressure some avg10=0.00 avg60=0.35 avg300=0.55 total=37400579; io.pressure some avg10=0.00 avg60=0.00 avg300=0.00 total=502023
45050 MiB, 78 %
== 18:50:56
Mem:         2063985      480388      892621        1218      706534     1583596
anon 16950 MB; file 219431 MB; shmem 21 MB; file_mapped 219069 MB; unevictable 0 MB; 
memory.current 236910 MB
nr_periods 36957 nr_throttled 201 throttled_usec 5646616 
cpu.pressure some avg10=0.00 avg60=0.00 avg300=0.00 total=1793319; memory.pressure some avg10=0.00 avg60=0.25 avg300=0.51 total=37400579; io.pressure some avg10=0.00 avg60=0.00 avg300=0.00 total=502023
45056 MiB, 72 %
== 18:51:16
Mem:         2063985      480230      890331        1218      708982     1583754
anon 16952 MB; file 219434 MB; shmem 21 MB; file_mapped 219072 MB; unevictable 0 MB; 
memory.current 236913 MB
nr_periods 37158 nr_throttled 201 throttled_usec 5646616 
cpu.pressure some avg10=0.00 avg60=0.00 avg300=0.00 total=1794327; memory.pressure some avg10=0.00 avg60=0.17 avg300=0.48 total=37400579; io.pressure some avg10=0.00 avg60=0.00 avg300=0.00 total=502566
45062 MiB, 92 %
== 18:51:36
Mem:         2063985      481032      888430        1218      710082     1582953
anon 16953 MB; file 219438 MB; shmem 21 MB; file_mapped 219075 MB; unevictable 0 MB; 
memory.current 236918 MB
nr_periods 37359 nr_throttled 201 throttled_usec 5646616 
cpu.pressure some avg10=0.00 avg60=0.00 avg300=0.00 total=1795297; memory.pressure some avg10=0.00 avg60=0.12 avg300=0.44 total=37400579; io.pressure some avg10=0.00 avg60=0.00 avg300=0.00 total=502706
45070 MiB, 80 %
== 18:51:56
Mem:         2063985      480730      888479        1218      710334     1583255
anon 16955 MB; file 219438 MB; shmem 21 MB; file_mapped 219075 MB; unevictable 0 MB; 
memory.current 236921 MB
nr_periods 37560 nr_throttled 201 throttled_usec 5646616 
cpu.pressure some avg10=0.00 avg60=0.00 avg300=0.00 total=1795934; memory.pressure some avg10=0.00 avg60=0.08 avg300=0.41 total=37400579; io.pressure some avg10=0.00 avg60=0.00 avg300=0.00 total=502706
45076 MiB, 85 %
== 18:52:17
Mem:         2063985      480638      887990        1218      710917     1583346
anon 16960 MB; file 219438 MB; shmem 21 MB; file_mapped 219075 MB; unevictable 0 MB; 
memory.current 236928 MB
nr_periods 37761 nr_throttled 201 throttled_usec 5646616 
cpu.pressure some avg10=0.00 avg60=0.00 avg300=0.00 total=1796487; memory.pressure some avg10=0.00 avg60=0.06 avg300=0.38 total=37400579; io.pressure some avg10=0.00 avg60=0.00 avg300=0.00 total=502706
52970 MiB, 0 %
== 18:52:37
Mem:         2063985      483366      882775        1218      713403     1580618
anon 16958 MB; file 219438 MB; shmem 21 MB; file_mapped 219075 MB; unevictable 0 MB; 
memory.current 236924 MB
nr_periods 37962 nr_throttled 201 throttled_usec 5646616 
cpu.pressure some avg10=0.00 avg60=0.00 avg300=0.00 total=1796993; memory.pressure some avg10=0.00 avg60=0.04 avg300=0.35 total=37400579; io.pressure some avg10=0.00 avg60=0.00 avg300=0.00 total=502706
52970 MiB, 84 %
== 18:52:57
Mem:         2063985      481294      874992        1218      723259     1582691
anon 16958 MB; file 219438 MB; shmem 21 MB; file_mapped 219075 MB; unevictable 0 MB; 
memory.current 236924 MB
nr_periods 38163 nr_throttled 201 throttled_usec 5646616 
cpu.pressure some avg10=0.00 avg60=0.00 avg300=0.00 total=1798016; memory.pressure some avg10=0.00 avg60=0.02 avg300=0.33 total=37400579; io.pressure some avg10=0.00 avg60=0.00 avg300=0.00 total=502706
52970 MiB, 5 %
== 18:53:17
Mem:         2063985      480186      879207        1218      720152     1583798
anon 16958 MB; file 219438 MB; shmem 21 MB; file_mapped 219075 MB; unevictable 0 MB; 
memory.current 236924 MB
nr_periods 38365 nr_throttled 201 throttled_usec 5646616 
cpu.pressure some avg10=0.00 avg60=0.00 avg300=0.00 total=1799524; memory.pressure some avg10=0.00 avg60=0.01 avg300=0.30 total=37400579; io.pressure some avg10=0.00 avg60=0.00 avg300=0.00 total=502706
52970 MiB, 16 %
== 18:53:37
Mem:         2063985      480067      879325        1218      720152     1583918
anon 16958 MB; file 219438 MB; shmem 21 MB; file_mapped 219075 MB; unevictable 0 MB; 
memory.current 236925 MB
nr_periods 38566 nr_throttled 201 throttled_usec 5646616 
cpu.pressure some avg10=0.00 avg60=0.00 avg300=0.00 total=1804016; memory.pressure some avg10=0.00 avg60=0.01 avg300=0.28 total=37400579; io.pressure some avg10=0.00 avg60=0.00 avg300=0.00 total=502706
52970 MiB, 0 %
== 18:53:57
Mem:         2063985      480027      879365        1218      720154     1583958
anon 16958 MB; file 219438 MB; shmem 21 MB; file_mapped 219075 MB; unevictable 0 MB; 
memory.current 236924 MB
nr_periods 38767 nr_throttled 201 throttled_usec 5646616 
cpu.pressure some avg10=0.00 avg60=0.00 avg300=0.00 total=1810847; memory.pressure some avg10=0.00 avg60=0.00 avg300=0.26 total=37400579; io.pressure some avg10=0.00 avg60=0.00 avg300=0.00 total=502706
52970 MiB, 88 %
== 18:54:17
Mem:         2063985      479959      879431        1218      720154     1584025
anon 16958 MB; file 219438 MB; shmem 21 MB; file_mapped 219075 MB; unevictable 0 MB; 
memory.current 236924 MB
nr_periods 38968 nr_throttled 201 throttled_usec 5646616 
cpu.pressure some avg10=0.00 avg60=0.00 avg300=0.00 total=1812431; memory.pressure some avg10=0.00 avg60=0.00 avg300=0.24 total=37400579; io.pressure some avg10=0.00 avg60=0.00 avg300=0.00 total=502706
52970 MiB, 95 %
== 18:54:37
Mem:         2063985      462285      896914        1197      720308     1601700
anon 6 MB; file 219591 MB; shmem 0 MB; file_mapped 0 MB; unevictable 0 MB; 
memory.current 219652 MB
nr_periods 39046 nr_throttled 201 throttled_usec 5646616 
cpu.pressure some avg10=0.00 avg60=0.00 avg300=0.00 total=1814574; memory.pressure some avg10=0.00 avg60=0.00 avg300=0.22 total=37408619; io.pressure some avg10=0.00 avg60=0.00 avg300=0.00 total=504250
0 MiB, 0 %
== 18:54:57
Mem:         2063985      462330      896868        1197      720309     1601654
anon 6 MB; file 219591 MB; shmem 0 MB; file_mapped 0 MB; unevictable 0 MB; 
memory.current 219652 MB
nr_periods 39062 nr_throttled 201 throttled_usec 5646616 
cpu.pressure some avg10=0.00 avg60=0.00 avg300=0.00 total=1815297; memory.pressure some avg10=0.00 avg60=0.00 avg300=0.20 total=37408619; io.pressure some avg10=0.00 avg60=0.00 avg300=0.00 total=504250
0 MiB, 0 %
== 18:55:18
Mem:         2063985      463555      895362        1197      720601     1600430
anon 1168 MB; file 219881 MB; shmem 0 MB; file_mapped 121 MB; unevictable 0 MB; 
memory.current 221108 MB
nr_periods 39233 nr_throttled 201 throttled_usec 5646616 
cpu.pressure some avg10=0.00 avg60=0.00 avg300=0.00 total=1818429; memory.pressure some avg10=0.00 avg60=0.00 avg300=0.19 total=37420264; io.pressure some avg10=0.00 avg60=0.00 avg300=0.00 total=528367
4 MiB, 0 %
== 18:55:38
Mem:         2063985      464039      894784        1216      720720     1599946
anon 856 MB; file 219999 MB; shmem 19 MB; file_mapped 1027 MB; unevictable 0 MB; 
memory.current 220925 MB
nr_periods 39433 nr_throttled 201 throttled_usec 5646616 
cpu.pressure some avg10=0.00 avg60=0.00 avg300=0.00 total=1820261; memory.pressure some avg10=1.95 avg60=0.41 avg300=0.26 total=37753747; io.pressure some avg10=0.00 avg60=0.00 avg300=0.00 total=529360
5066 MiB, 2 %
== 18:55:58
Mem:         2063985      462941      895871        1216      720731     1601044
anon 1306 MB; file 220009 MB; shmem 19 MB; file_mapped 2901 MB; unevictable 0 MB; 
memory.current 221388 MB
nr_periods 39634 nr_throttled 201 throttled_usec 5646616 
cpu.pressure some avg10=0.00 avg60=0.00 avg300=0.00 total=1824444; memory.pressure some avg10=13.75 avg60=3.78 avg300=1.03 total=40273489; io.pressure some avg10=0.00 avg60=0.00 avg300=0.00 total=529474
16212 MiB, 15 %
== 18:56:18
Mem:         2063985      462789      896022        1216      720732     1601196
anon 980 MB; file 220009 MB; shmem 19 MB; file_mapped 3720 MB; unevictable 0 MB; 
memory.current 221062 MB
nr_periods 39836 nr_throttled 201 throttled_usec 5646616 
cpu.pressure some avg10=0.00 avg60=0.00 avg300=0.00 total=1829785; memory.pressure some avg10=13.14 avg60=6.46 avg300=1.84 total=43147271; io.pressure some avg10=0.00 avg60=0.00 avg300=0.00 total=529656
16212 MiB, 0 %
== 18:56:38
Mem:         2063985      462905      895905        1216      720733     1601079
anon 768 MB; file 220009 MB; shmem 19 MB; file_mapped 4390 MB; unevictable 0 MB; 
memory.current 220851 MB
nr_periods 40037 nr_throttled 201 throttled_usec 5646616 
cpu.pressure some avg10=0.00 avg60=0.00 avg300=0.00 total=1832229; memory.pressure some avg10=16.60 avg60=9.55 avg300=2.88 total=46514642; io.pressure some avg10=0.00 avg60=0.00 avg300=0.00 total=538393
16212 MiB, 7 %
== 18:56:58
Mem:         2063985      463477      895332        1216      720733     1600507
anon 1388 MB; file 220009 MB; shmem 19 MB; file_mapped 5250 MB; unevictable 0 MB; 
memory.current 221476 MB
nr_periods 40238 nr_throttled 201 throttled_usec 5646616 
cpu.pressure some avg10=0.00 avg60=0.00 avg300=0.00 total=1836105; memory.pressure some avg10=17.62 avg60=11.43 avg300=3.75 total=49997284; io.pressure some avg10=0.00 avg60=0.00 avg300=0.00 total=538411
16212 MiB, 0 %
== 18:57:18
Mem:         2063985      462208      896600        1216      720734     1601776
anon 824 MB; file 220009 MB; shmem 19 MB; file_mapped 6062 MB; unevictable 0 MB; 
memory.current 220911 MB
nr_periods 40439 nr_throttled 201 throttled_usec 5646616 
cpu.pressure some avg10=0.00 avg60=0.00 avg300=0.00 total=1839412; memory.pressure some avg10=15.94 avg60=12.89 avg300=4.61 total=53234783; io.pressure some avg10=0.00 avg60=0.00 avg300=0.00 total=538489
16212 MiB, 0 %
== 18:57:38
Mem:         2063985      463851      894955        1216      720737     1600133
anon 1615 MB; file 220009 MB; shmem 19 MB; file_mapped 6774 MB; unevictable 0 MB; 
memory.current 221666 MB
nr_periods 40640 nr_throttled 201 throttled_usec 5646616 
cpu.pressure some avg10=0.00 avg60=0.00 avg300=0.00 total=1844944; memory.pressure some avg10=18.74 avg60=14.12 avg300=5.43 total=56816172; io.pressure some avg10=0.00 avg60=0.00 avg300=0.00 total=538497
16212 MiB, 11 %
== 18:57:58
Mem:         2063985      463501      895224        1216      720830     1600484
anon 828 MB; file 220009 MB; shmem 19 MB; file_mapped 7539 MB; unevictable 0 MB; 
memory.current 220920 MB
nr_periods 40841 nr_throttled 201 throttled_usec 5646616 
cpu.pressure some avg10=0.00 avg60=0.00 avg300=0.00 total=1848159; memory.pressure some avg10=15.29 avg60=14.39 avg300=6.07 total=59892378; io.pressure some avg10=0.00 avg60=0.00 avg300=0.00 total=538497
16212 MiB, 0 %
== 18:58:18
Mem:         2063985      463259      894025        1216      722270     1600725
anon 768 MB; file 221448 MB; shmem 19 MB; file_mapped 28991 MB; unevictable 0 MB; 
memory.current 222335 MB
nr_periods 41042 nr_throttled 201 throttled_usec 5646616 
cpu.pressure some avg10=0.00 avg60=0.00 avg300=0.00 total=1855897; memory.pressure some avg10=3.64 avg60=11.20 avg300=5.89 total=60588006; io.pressure some avg10=0.00 avg60=0.00 avg300=0.00 total=539104
13282 MiB, 59 %
== 18:58:39
Mem:         2063985      464304      892513        1237      722765     1599681
anon 768 MB; file 221472 MB; shmem 19 MB; file_mapped 58946 MB; unevictable 0 MB; 
memory.current 222417 MB
nr_periods 41243 nr_throttled 201 throttled_usec 5646616 
cpu.pressure some avg10=0.00 avg60=0.00 avg300=0.00 total=1862235; memory.pressure some avg10=0.49 avg60=8.03 avg300=5.50 total=60591057; io.pressure some avg10=0.00 avg60=0.00 avg300=0.00 total=539301
13282 MiB, 56 %
== 18:58:59
Mem:         2063985      464328      891992        1237      723263     1599656
anon 768 MB; file 221968 MB; shmem 19 MB; file_mapped 91227 MB; unevictable 0 MB; 
memory.current 222977 MB
nr_periods 41444 nr_throttled 201 throttled_usec 5646616 
cpu.pressure some avg10=0.00 avg60=0.00 avg300=0.00 total=1867614; memory.pressure some avg10=0.06 avg60=5.75 avg300=5.13 total=60603093; io.pressure some avg10=0.00 avg60=0.00 avg300=0.00 total=539679
16322 MiB, 60 %
== 18:59:19
Mem:         2063985      464445      891844        1237      723294     1599540
anon 768 MB; file 221999 MB; shmem 19 MB; file_mapped 131769 MB; unevictable 0 MB; 
memory.current 223088 MB
nr_periods 41645 nr_throttled 201 throttled_usec 5646616 
cpu.pressure some avg10=0.00 avg60=0.00 avg300=0.00 total=1870957; memory.pressure some avg10=0.00 avg60=4.12 avg300=4.79 total=60605344; io.pressure some avg10=0.00 avg60=0.00 avg300=0.00 total=541061
16322 MiB, 74 %
== 18:59:39
Mem:         2063985      464544      891688        1237      723350     1599441
anon 768 MB; file 222054 MB; shmem 19 MB; file_mapped 174427 MB; unevictable 0 MB; 
memory.current 223226 MB
nr_periods 41846 nr_throttled 201 throttled_usec 5646616 
cpu.pressure some avg10=0.00 avg60=0.00 avg300=0.00 total=1873623; memory.pressure some avg10=0.00 avg60=2.95 avg300=4.47 total=60608485; io.pressure some avg10=0.00 avg60=0.00 avg300=0.00 total=541763
16322 MiB, 73 %
== 18:59:59
Mem:         2063985      464725      891362        1237      723496     1599260
anon 768 MB; file 222199 MB; shmem 19 MB; file_mapped 216977 MB; unevictable 0 MB; 
memory.current 223454 MB
nr_periods 42047 nr_throttled 201 throttled_usec 5646616 
cpu.pressure some avg10=0.00 avg60=0.00 avg300=0.00 total=1877347; memory.pressure some avg10=0.00 avg60=2.11 avg300=4.17 total=60616583; io.pressure some avg10=0.00 avg60=0.00 avg300=0.00 total=543613
16322 MiB, 71 %
== 19:00:19
Mem:         2063985      465374      890693        1239      723518     1598611
anon 1004 MB; file 222219 MB; shmem 21 MB; file_mapped 221575 MB; unevictable 0 MB; 
memory.current 223726 MB
nr_periods 42248 nr_throttled 201 throttled_usec 5646616 
cpu.pressure some avg10=0.00 avg60=0.00 avg300=0.00 total=1880731; memory.pressure some avg10=10.86 avg60=4.48 avg300=4.56 total=62828733; io.pressure some avg10=0.00 avg60=0.00 avg300=0.00 total=544820
28850 MiB, 9 %
== 19:00:39
Mem:         2063985      465242      890824        1239      723519     1598743
anon 995 MB; file 222219 MB; shmem 21 MB; file_mapped 221575 MB; unevictable 0 MB; 
memory.current 223713 MB
nr_periods 42449 nr_throttled 201 throttled_usec 5646616 
cpu.pressure some avg10=0.00 avg60=0.00 avg300=0.00 total=1894687; memory.pressure some avg10=1.80 avg60=3.48 avg300=4.33 total=62943682; io.pressure some avg10=0.00 avg60=0.00 avg300=0.00 total=544825
28850 MiB, 3 %
== 19:00:59
Mem:         2063985      465658      890407        1239      723520     1598327
anon 1004 MB; file 222219 MB; shmem 21 MB; file_mapped 221575 MB; unevictable 0 MB; 
memory.current 223721 MB
nr_periods 42650 nr_throttled 201 throttled_usec 5646616 
cpu.pressure some avg10=0.00 avg60=0.00 avg300=0.00 total=1900389; memory.pressure some avg10=0.24 avg60=2.49 avg300=4.04 total=62943682; io.pressure some avg10=0.00 avg60=0.00 avg300=0.00 total=544826
28850 MiB, 47 %
== 19:01:19
Mem:         2063985      465596      890469        1239      723521     1598389
anon 1084 MB; file 222219 MB; shmem 21 MB; file_mapped 221575 MB; unevictable 0 MB; 
memory.current 223804 MB
nr_periods 42851 nr_throttled 201 throttled_usec 5646616 
cpu.pressure some avg10=0.00 avg60=0.00 avg300=0.00 total=1902983; memory.pressure some avg10=0.02 avg60=1.72 avg300=3.74 total=62943682; io.pressure some avg10=0.00 avg60=0.00 avg300=0.00 total=544829
28850 MiB, 0 %
== 19:01:39
Mem:         2063985      465623      890440        1239      723521     1598361
anon 1017 MB; file 222219 MB; shmem 21 MB; file_mapped 221575 MB; unevictable 0 MB; 
memory.current 223736 MB
nr_periods 43052 nr_throttled 201 throttled_usec 5646616 
cpu.pressure some avg10=0.00 avg60=0.00 avg300=0.00 total=1906323; memory.pressure some avg10=0.00 avg60=1.23 avg300=3.49 total=62943682; io.pressure some avg10=0.00 avg60=0.00 avg300=0.00 total=544829
28850 MiB, 56 %
== 19:02:00
Mem:         2063985      466081      889982        1239      723522     1597904
anon 1580 MB; file 222219 MB; shmem 21 MB; file_mapped 221575 MB; unevictable 0 MB; 
memory.current 224311 MB
nr_periods 43253 nr_throttled 201 throttled_usec 5646616 
cpu.pressure some avg10=0.00 avg60=0.00 avg300=0.00 total=1909504; memory.pressure some avg10=0.00 avg60=0.88 avg300=3.26 total=62943682; io.pressure some avg10=0.00 avg60=0.00 avg300=0.00 total=544829
28850 MiB, 11 %
== 19:02:20
Mem:         2063985      465388      890674        1239      723523     1598596
anon 1010 MB; file 222219 MB; shmem 21 MB; file_mapped 221575 MB; unevictable 0 MB; 
memory.current 223734 MB
nr_periods 43454 nr_throttled 201 throttled_usec 5646616 
cpu.pressure some avg10=0.00 avg60=0.00 avg300=0.00 total=1913457; memory.pressure some avg10=0.00 avg60=0.63 avg300=3.04 total=62943682; io.pressure some avg10=0.00 avg60=0.00 avg300=0.00 total=544829
28850 MiB, 40 %
== 19:02:40
Mem:         2063985      465474      890588        1239      723524     1598511
anon 1004 MB; file 222219 MB; shmem 21 MB; file_mapped 221575 MB; unevictable 0 MB; 
memory.current 223720 MB
nr_periods 43655 nr_throttled 201 throttled_usec 5646616 
cpu.pressure some avg10=0.00 avg60=0.00 avg300=0.00 total=1917072; memory.pressure some avg10=0.00 avg60=0.45 avg300=2.83 total=62943682; io.pressure some avg10=0.00 avg60=0.00 avg300=0.00 total=544829
28850 MiB, 48 %
== 19:03:00
Mem:         2063985      465543      890517        1239      723525     1598441
anon 1004 MB; file 222219 MB; shmem 21 MB; file_mapped 221575 MB; unevictable 0 MB; 
memory.current 223721 MB
nr_periods 43856 nr_throttled 201 throttled_usec 5646616 
cpu.pressure some avg10=0.00 avg60=0.00 avg300=0.00 total=1921136; memory.pressure some avg10=0.00 avg60=0.32 avg300=2.64 total=62943682; io.pressure some avg10=0.00 avg60=0.00 avg300=0.00 total=544829
28850 MiB, 42 %
== 19:03:20
Mem:         2063985      466058      890001        1239      723526     1597927
anon 1644 MB; file 222220 MB; shmem 21 MB; file_mapped 221575 MB; unevictable 0 MB; 
memory.current 224360 MB
nr_periods 44057 nr_throttled 201 throttled_usec 5646616 
cpu.pressure some avg10=0.00 avg60=0.00 avg300=0.00 total=1926563; memory.pressure some avg10=0.00 avg60=0.22 avg300=2.47 total=62943682; io.pressure some avg10=0.00 avg60=0.00 avg300=0.00 total=544862
8474 MiB, 0 %
== 19:03:40
Mem:         2063985      465980      890079        1239      723526     1598005
anon 1188 MB; file 222220 MB; shmem 21 MB; file_mapped 221575 MB; unevictable 0 MB; 
memory.current 223905 MB
nr_periods 44258 nr_throttled 201 throttled_usec 5646616 
cpu.pressure some avg10=0.00 avg60=0.00 avg300=0.00 total=1931420; memory.pressure some avg10=0.00 avg60=0.16 avg300=2.30 total=62943682; io.pressure some avg10=0.00 avg60=0.00 avg300=0.00 total=544862
50314 MiB, 55 %
== 19:04:00
Mem:         2063985      465795      890262        1239      723527     1598189
anon 1181 MB; file 222220 MB; shmem 21 MB; file_mapped 221575 MB; unevictable 0 MB; 
memory.current 223900 MB
nr_periods 44459 nr_throttled 201 throttled_usec 5646616 
cpu.pressure some avg10=0.00 avg60=0.00 avg300=0.00 total=1936479; memory.pressure some avg10=0.00 avg60=0.11 avg300=2.14 total=62943682; io.pressure some avg10=0.00 avg60=0.00 avg300=0.00 total=544862
50318 MiB, 99 %
== 19:04:20
Mem:         2063985      466018      890038        1239      723528     1597966
anon 1582 MB; file 222220 MB; shmem 21 MB; file_mapped 221575 MB; unevictable 0 MB; 
memory.current 224303 MB
nr_periods 44661 nr_throttled 201 throttled_usec 5646616 
cpu.pressure some avg10=0.00 avg60=0.00 avg300=0.00 total=1941935; memory.pressure some avg10=0.00 avg60=0.07 avg300=2.00 total=62943682; io.pressure some avg10=0.00 avg60=0.00 avg300=0.00 total=544862
68972 MiB, 0 %
== 19:04:40
Mem:         2063985      465983      890073        1239      723529     1598001
anon 1553 MB; file 222220 MB; shmem 21 MB; file_mapped 221575 MB; unevictable 0 MB; 
memory.current 224274 MB
nr_periods 44862 nr_throttled 201 throttled_usec 5646616 
cpu.pressure some avg10=0.00 avg60=0.00 avg300=0.00 total=1947879; memory.pressure some avg10=0.00 avg60=0.05 avg300=1.86 total=62943682; io.pressure some avg10=0.00 avg60=0.00 avg300=0.00 total=544862
77062 MiB, 0 %
== 19:05:01
Mem:         2063985      465748      890308        1239      723530     1598237
anon 1182 MB; file 222220 MB; shmem 21 MB; file_mapped 221575 MB; unevictable 0 MB; 
memory.current 223901 MB
nr_periods 45063 nr_throttled 201 throttled_usec 5646616 
cpu.pressure some avg10=0.00 avg60=0.00 avg300=0.00 total=1953273; memory.pressure some avg10=0.00 avg60=0.03 avg300=1.74 total=62943682; io.pressure some avg10=0.00 avg60=0.00 avg300=0.00 total=544862
81304 MiB, 3 %
== 19:05:21
Mem:         2063985      465727      890328        1239      723531     1598258
anon 1189 MB; file 222220 MB; shmem 21 MB; file_mapped 221575 MB; unevictable 0 MB; 
memory.current 223907 MB
nr_periods 45264 nr_throttled 201 throttled_usec 5646616 
cpu.pressure some avg10=0.00 avg60=0.00 avg300=0.00 total=1959493; memory.pressure some avg10=0.00 avg60=0.02 avg300=1.62 total=62943682; io.pressure some avg10=0.00 avg60=0.00 avg300=0.00 total=544862
85196 MiB, 99 %
== 19:05:41
Mem:         2063985      466029      890025        1239      723531     1597956
anon 1592 MB; file 222220 MB; shmem 21 MB; file_mapped 221575 MB; unevictable 0 MB; 
memory.current 224313 MB
nr_periods 45465 nr_throttled 201 throttled_usec 5646616 
cpu.pressure some avg10=0.00 avg60=0.00 avg300=0.00 total=1964610; memory.pressure some avg10=0.00 avg60=0.01 avg300=1.51 total=62943682; io.pressure some avg10=0.00 avg60=0.00 avg300=0.00 total=544862
90668 MiB, 0 %
== 19:06:01
Mem:         2063985      465757      890295        1239      723532     1598227
anon 1182 MB; file 222220 MB; shmem 21 MB; file_mapped 221575 MB; unevictable 0 MB; 
memory.current 223901 MB
nr_periods 45666 nr_throttled 201 throttled_usec 5646616 
cpu.pressure some avg10=0.00 avg60=0.00 avg300=0.00 total=1967729; memory.pressure some avg10=0.00 avg60=0.00 avg300=1.41 total=62943682; io.pressure some avg10=0.00 avg60=0.00 avg300=0.00 total=544862
93608 MiB, 50 %
== 19:06:21
Mem:         2063985      465825      890225        1239      723535     1598160
anon 1182 MB; file 222220 MB; shmem 21 MB; file_mapped 221575 MB; unevictable 0 MB; 
memory.current 223901 MB
nr_periods 45867 nr_throttled 201 throttled_usec 5646616 
cpu.pressure some avg10=0.00 avg60=0.00 avg300=0.00 total=1971104; memory.pressure some avg10=0.00 avg60=0.00 avg300=1.31 total=62943682; io.pressure some avg10=0.00 avg60=0.00 avg300=0.00 total=544862
98812 MiB, 8 %
== 19:06:41
Mem:         2063985      465807      890237        1239      723541     1598178
anon 1182 MB; file 222220 MB; shmem 21 MB; file_mapped 221575 MB; unevictable 0 MB; 
memory.current 223902 MB
nr_periods 46067 nr_throttled 201 throttled_usec 5646616 
cpu.pressure some avg10=0.00 avg60=0.00 avg300=0.00 total=1974897; memory.pressure some avg10=0.00 avg60=0.00 avg300=1.22 total=62943682; io.pressure some avg10=0.00 avg60=0.00 avg300=0.00 total=544862
102682 MiB, 0 %
== 19:07:01
Mem:         2063985      465790      890255        1239      723540     1598195
anon 1189 MB; file 222220 MB; shmem 21 MB; file_mapped 221575 MB; unevictable 0 MB; 
memory.current 223907 MB
nr_periods 46268 nr_throttled 201 throttled_usec 5646616 
cpu.pressure some avg10=0.00 avg60=0.00 avg300=0.00 total=1978753; memory.pressure some avg10=0.00 avg60=0.00 avg300=1.14 total=62943682; io.pressure some avg10=0.00 avg60=0.00 avg300=0.00 total=544862
108168 MiB, 53 %
== 19:07:21
Mem:         2063985      465766      890277        1239      723541     1598218
anon 1448 MB; file 222220 MB; shmem 21 MB; file_mapped 221575 MB; unevictable 0 MB; 
memory.current 224170 MB
nr_periods 46469 nr_throttled 201 throttled_usec 5646616 
cpu.pressure some avg10=0.00 avg60=0.00 avg300=0.00 total=1982128; memory.pressure some avg10=0.00 avg60=0.00 avg300=1.06 total=62943682; io.pressure some avg10=0.00 avg60=0.00 avg300=0.00 total=544862
112392 MiB, 0 %
== 19:07:41
Mem:         2063985      465577      890465        1239      723542     1598407
anon 1182 MB; file 222220 MB; shmem 21 MB; file_mapped 221575 MB; unevictable 0 MB; 
memory.current 223899 MB
nr_periods 46670 nr_throttled 201 throttled_usec 5646616 
cpu.pressure some avg10=0.00 avg60=0.00 avg300=0.00 total=1986235; memory.pressure some avg10=0.00 avg60=0.00 avg300=0.99 total=62943682; io.pressure some avg10=0.00 avg60=0.00 avg300=0.00 total=544862
117648 MiB, 99 %
== 19:08:01
Mem:         2063985      465574      890468        1239      723543     1598410
anon 1183 MB; file 222220 MB; shmem 21 MB; file_mapped 221575 MB; unevictable 0 MB; 
memory.current 223899 MB
nr_periods 46871 nr_throttled 201 throttled_usec 5646616 
cpu.pressure some avg10=0.00 avg60=0.00 avg300=0.00 total=1990193; memory.pressure some avg10=0.00 avg60=0.00 avg300=0.92 total=62943682; io.pressure some avg10=0.00 avg60=0.00 avg300=0.00 total=544862
122136 MiB, 57 %
== 19:08:21
Mem:         2063985      465553      890487        1239      723544     1598431
anon 1189 MB; file 222220 MB; shmem 21 MB; file_mapped 221575 MB; unevictable 0 MB; 
memory.current 223905 MB
nr_periods 47072 nr_throttled 201 throttled_usec 5646616 
cpu.pressure some avg10=0.00 avg60=0.00 avg300=0.00 total=1996664; memory.pressure some avg10=0.00 avg60=0.00 avg300=0.85 total=62943682; io.pressure some avg10=0.02 avg60=0.02 avg300=0.00 total=568296
149608 MiB, 97 %
== 19:08:42
Mem:         2063985      465905      890136        1239      723545     1598080
anon 1675 MB; file 222220 MB; shmem 21 MB; file_mapped 221575 MB; unevictable 0 MB; 
memory.current 224399 MB
nr_periods 47273 nr_throttled 201 throttled_usec 5646616 
cpu.pressure some avg10=0.00 avg60=0.00 avg300=0.00 total=2000992; memory.pressure some avg10=0.00 avg60=0.00 avg300=0.79 total=62943682; io.pressure some avg10=0.00 avg60=0.01 avg300=0.00 total=568296
149830 MiB, 0 %
== 19:09:02
Mem:         2063985      465988      890051        1239      723545     1597996
anon 1721 MB; file 222220 MB; shmem 21 MB; file_mapped 221575 MB; unevictable 0 MB; 
memory.current 224438 MB
nr_periods 47474 nr_throttled 201 throttled_usec 5646616 
cpu.pressure some avg10=0.00 avg60=0.00 avg300=0.00 total=2005066; memory.pressure some avg10=0.00 avg60=0.00 avg300=0.74 total=62943682; io.pressure some avg10=0.00 avg60=0.00 avg300=0.00 total=568296
165620 MiB, 100 %
== 19:09:22
Mem:         2063985      465916      890120        1239      723548     1598068
anon 1721 MB; file 222220 MB; shmem 21 MB; file_mapped 221575 MB; unevictable 0 MB; 
memory.current 224438 MB
nr_periods 47675 nr_throttled 201 throttled_usec 5646616 
cpu.pressure some avg10=0.00 avg60=0.00 avg300=0.00 total=2009496; memory.pressure some avg10=0.00 avg60=0.00 avg300=0.68 total=62943682; io.pressure some avg10=0.00 avg60=0.00 avg300=0.00 total=568296
165620 MiB, 99 %
== 19:09:42
Mem:         2063985      465925      890111        1239      723549     1598060
anon 1722 MB; file 222220 MB; shmem 21 MB; file_mapped 221575 MB; unevictable 0 MB; 
memory.current 224439 MB
nr_periods 47876 nr_throttled 201 throttled_usec 5646616 
cpu.pressure some avg10=0.00 avg60=0.00 avg300=0.00 total=2013215; memory.pressure some avg10=0.00 avg60=0.00 avg300=0.64 total=62943682; io.pressure some avg10=0.00 avg60=0.00 avg300=0.00 total=568296
165620 MiB, 59 %
== 19:10:02
Mem:         2063985      465924      890111        1239      723550     1598060
anon 1722 MB; file 222220 MB; shmem 21 MB; file_mapped 221575 MB; unevictable 0 MB; 
memory.current 224439 MB
nr_periods 48076 nr_throttled 201 throttled_usec 5646616 
cpu.pressure some avg10=0.00 avg60=0.00 avg300=0.00 total=2017693; memory.pressure some avg10=0.00 avg60=0.00 avg300=0.59 total=62943682; io.pressure some avg10=0.00 avg60=0.00 avg300=0.00 total=568296
165620 MiB, 55 %
== 19:10:22
Mem:         2063985      465943      890092        1239      723551     1598042
anon 1722 MB; file 222220 MB; shmem 21 MB; file_mapped 221575 MB; unevictable 0 MB; 
memory.current 224440 MB
nr_periods 48277 nr_throttled 201 throttled_usec 5646616 
cpu.pressure some avg10=0.00 avg60=0.00 avg300=0.00 total=2021707; memory.pressure some avg10=0.00 avg60=0.00 avg300=0.55 total=62943682; io.pressure some avg10=0.00 avg60=0.00 avg300=0.00 total=568296
165620 MiB, 60 %
== 19:10:42
Mem:         2063985      465899      890135        1239      723552     1598086
anon 1722 MB; file 222220 MB; shmem 21 MB; file_mapped 221575 MB; unevictable 0 MB; 
memory.current 224440 MB
nr_periods 48478 nr_throttled 201 throttled_usec 5646616 
cpu.pressure some avg10=0.00 avg60=0.00 avg300=0.00 total=2026159; memory.pressure some avg10=0.00 avg60=0.00 avg300=0.51 total=62943682; io.pressure some avg10=0.00 avg60=0.00 avg300=0.00 total=568296
165620 MiB, 99 %
== 19:11:02
Mem:         2063985      465926      890107        1239      723552     1598058
anon 1747 MB; file 222220 MB; shmem 21 MB; file_mapped 221575 MB; unevictable 0 MB; 
memory.current 224475 MB
nr_periods 48679 nr_throttled 201 throttled_usec 5646616 
cpu.pressure some avg10=0.00 avg60=0.00 avg300=0.00 total=2030587; memory.pressure some avg10=0.00 avg60=0.00 avg300=0.47 total=62943682; io.pressure some avg10=0.00 avg60=0.00 avg300=0.00 total=568296
165620 MiB, 65 %
== 19:11:22
Mem:         2063985      465861      890170        1239      723553     1598123
anon 1722 MB; file 222220 MB; shmem 21 MB; file_mapped 221575 MB; unevictable 0 MB; 
memory.current 224439 MB
nr_periods 48880 nr_throttled 201 throttled_usec 5646616 
cpu.pressure some avg10=0.00 avg60=0.00 avg300=0.00 total=2034458; memory.pressure some avg10=0.00 avg60=0.00 avg300=0.44 total=62943682; io.pressure some avg10=0.00 avg60=0.00 avg300=0.00 total=568296
165622 MiB, 95 %
== 19:11:42
Mem:         2063985      465813      890218        1239      723554     1598171
anon 1756 MB; file 222220 MB; shmem 21 MB; file_mapped 221575 MB; unevictable 0 MB; 
memory.current 224473 MB
nr_periods 49081 nr_throttled 201 throttled_usec 5646616 
cpu.pressure some avg10=0.00 avg60=0.00 avg300=0.00 total=2037156; memory.pressure some avg10=0.00 avg60=0.00 avg300=0.41 total=62943682; io.pressure some avg10=0.00 avg60=0.00 avg300=0.00 total=568296
165622 MiB, 86 %
== 19:12:02
Mem:         2063985      466785      889246        1239      723555     1597200
anon 2754 MB; file 222220 MB; shmem 21 MB; file_mapped 221575 MB; unevictable 0 MB; 
memory.current 225474 MB
nr_periods 49282 nr_throttled 201 throttled_usec 5646616 
cpu.pressure some avg10=0.00 avg60=0.00 avg300=0.00 total=2037471; memory.pressure some avg10=0.00 avg60=0.00 avg300=0.38 total=62943682; io.pressure some avg10=0.00 avg60=0.00 avg300=0.00 total=568296
165622 MiB, 71 %
== 19:12:23
Mem:         2063985      468426      887603        1239      723556     1595558
anon 4385 MB; file 222220 MB; shmem 21 MB; file_mapped 221575 MB; unevictable 0 MB; 
memory.current 227110 MB
nr_periods 49483 nr_throttled 201 throttled_usec 5646616 
cpu.pressure some avg10=0.00 avg60=0.00 avg300=0.00 total=2038059; memory.pressure some avg10=0.00 avg60=0.00 avg300=0.35 total=62943682; io.pressure some avg10=0.00 avg60=0.00 avg300=0.00 total=568296
165622 MiB, 75 %
== 19:12:43
Mem:         2063985      470241      885787        1239      723557     1593744
anon 6140 MB; file 222220 MB; shmem 21 MB; file_mapped 221575 MB; unevictable 0 MB; 
memory.current 228867 MB
nr_periods 49684 nr_throttled 201 throttled_usec 5646616 
cpu.pressure some avg10=0.00 avg60=0.00 avg300=0.00 total=2038442; memory.pressure some avg10=0.00 avg60=0.00 avg300=0.33 total=62943682; io.pressure some avg10=0.00 avg60=0.00 avg300=0.00 total=568296
165622 MiB, 65 %
== 19:13:03
Mem:         2063985      471965      884063        1239      723557     1592019
anon 7876 MB; file 222220 MB; shmem 21 MB; file_mapped 221575 MB; unevictable 0 MB; 
memory.current 230605 MB
nr_periods 49885 nr_throttled 201 throttled_usec 5646616 
cpu.pressure some avg10=0.00 avg60=0.00 avg300=0.00 total=2039089; memory.pressure some avg10=0.00 avg60=0.00 avg300=0.30 total=62943682; io.pressure some avg10=0.00 avg60=0.00 avg300=0.00 total=568296
165622 MiB, 66 %
== 19:13:23
Mem:         2063985      473694      882332        1239      723558     1590290
anon 9645 MB; file 222220 MB; shmem 21 MB; file_mapped 221575 MB; unevictable 0 MB; 
memory.current 232379 MB
nr_periods 50086 nr_throttled 201 throttled_usec 5646616 
cpu.pressure some avg10=0.00 avg60=0.00 avg300=0.00 total=2040740; memory.pressure some avg10=0.00 avg60=0.00 avg300=0.28 total=62943682; io.pressure some avg10=0.00 avg60=0.00 avg300=0.00 total=568296
165622 MiB, 0 %
== 19:13:43
Mem:         2063985      481310      875307        1239      722967     1582674
anon 17204 MB; file 221628 MB; shmem 21 MB; file_mapped 221099 MB; unevictable 0 MB; 
memory.current 239357 MB
nr_periods 50287 nr_throttled 201 throttled_usec 5646616 
cpu.pressure some avg10=0.00 avg60=0.00 avg300=0.00 total=2044805; memory.pressure some avg10=12.44 avg60=3.72 avg300=1.10 total=65522052; io.pressure some avg10=0.00 avg60=0.00 avg300=0.00 total=568446
165622 MiB, 98 %
== 19:14:03
Mem:         2063985      481263      875358        1239      722964     1582721
anon 17203 MB; file 221624 MB; shmem 21 MB; file_mapped 221089 MB; unevictable 0 MB; 
memory.current 239353 MB
nr_periods 50488 nr_throttled 201 throttled_usec 5646616 
cpu.pressure some avg10=0.00 avg60=0.00 avg300=0.00 total=2045369; memory.pressure some avg10=1.68 avg60=2.66 avg300=1.03 total=65522946; io.pressure some avg10=0.00 avg60=0.00 avg300=0.00 total=568446
165622 MiB, 100 %
== 19:14:23
Mem:         2063985      481306      875314        1239      722965     1582679
anon 17203 MB; file 221624 MB; shmem 21 MB; file_mapped 221089 MB; unevictable 0 MB; 
memory.current 239351 MB
nr_periods 50689 nr_throttled 201 throttled_usec 5646616 
cpu.pressure some avg10=0.00 avg60=0.00 avg300=0.00 total=2045669; memory.pressure some avg10=0.22 avg60=1.91 avg300=0.96 total=65522946; io.pressure some avg10=0.00 avg60=0.00 avg300=0.00 total=568446
165622 MiB, 100 %
== 19:14:43
Mem:         2063985      484820      874036        1239      720728     1579164
anon 19426 MB; file 219387 MB; shmem 21 MB; file_mapped 218904 MB; unevictable 0 MB; 
memory.current 239342 MB
nr_periods 50889 nr_throttled 201 throttled_usec 5646616 
cpu.pressure some avg10=0.00 avg60=0.00 avg300=0.00 total=2047339; memory.pressure some avg10=1.29 avg60=1.59 avg300=0.94 total=65732427; io.pressure some avg10=0.00 avg60=0.00 avg300=0.00 total=568508
165622 MiB, 0 %
== 19:15:03
Mem:         2063985      499369      872799        1239      707417     1564615
anon 32742 MB; file 206067 MB; shmem 21 MB; file_mapped 205582 MB; unevictable 0 MB; 
memory.current 239361 MB
nr_periods 51090 nr_throttled 201 throttled_usec 5646616 
cpu.pressure some avg10=0.00 avg60=0.00 avg300=0.00 total=2056081; memory.pressure some avg10=1.93 avg60=1.73 avg300=1.02 total=66236048; io.pressure some avg10=0.00 avg60=0.00 avg300=0.00 total=568517
165622 MiB, 0 %
== 19:15:23
Mem:         2063985      487905      893551        1239      698130     1576080
anon 21791 MB; file 196786 MB; shmem 21 MB; file_mapped 196303 MB; unevictable 0 MB; 
memory.current 219100 MB
nr_periods 51291 nr_throttled 201 throttled_usec 5646616 
cpu.pressure some avg10=0.00 avg60=0.00 avg300=0.00 total=2064573; memory.pressure some avg10=1.21 avg60=1.65 avg300=1.05 total=66578523; io.pressure some avg10=0.00 avg60=0.00 avg300=0.00 total=568517
165622 MiB, 0 %
== 19:15:43
Mem:         2063985      481738      899710        1239      698137     1582247
anon 17228 MB; file 196791 MB; shmem 21 MB; file_mapped 196303 MB; unevictable 0 MB; 
memory.current 214543 MB
nr_periods 51492 nr_throttled 201 throttled_usec 5646616 
cpu.pressure some avg10=0.00 avg60=0.00 avg300=0.00 total=2066102; memory.pressure some avg10=0.16 avg60=1.18 avg300=0.98 total=66579009; io.pressure some avg10=0.00 avg60=0.00 avg300=0.00 total=568578
165686 MiB, 0 %
== 19:16:04
Mem:         2063985      481235      900212        1239      698138     1582750
anon 17228 MB; file 196791 MB; shmem 21 MB; file_mapped 196303 MB; unevictable 0 MB; 
memory.current 214545 MB
nr_periods 51693 nr_throttled 201 throttled_usec 5646616 
cpu.pressure some avg10=0.00 avg60=0.00 avg300=0.00 total=2066536; memory.pressure some avg10=0.02 avg60=0.84 avg300=0.91 total=66579009; io.pressure some avg10=0.00 avg60=0.00 avg300=0.00 total=568578
165778 MiB, 0 %
== 19:16:24
Mem:         2063985      481122      900300        1239      698163     1582862
anon 17248 MB; file 196813 MB; shmem 21 MB; file_mapped 196305 MB; unevictable 0 MB; 
memory.current 214586 MB
nr_periods 51894 nr_throttled 201 throttled_usec 5646616 
cpu.pressure some avg10=0.00 avg60=0.00 avg300=0.00 total=2066948; memory.pressure some avg10=0.00 avg60=0.60 avg300=0.85 total=66580540; io.pressure some avg10=0.00 avg60=0.00 avg300=0.00 total=568967
137476 MiB, 97 %
== 19:16:44
Mem:         2063985      481149      900272        1239      698165     1582836
anon 17248 MB; file 196813 MB; shmem 21 MB; file_mapped 196305 MB; unevictable 0 MB; 
memory.current 214586 MB
nr_periods 52095 nr_throttled 201 throttled_usec 5646616 
cpu.pressure some avg10=0.00 avg60=0.00 avg300=0.00 total=2067783; memory.pressure some avg10=0.00 avg60=0.41 avg300=0.78 total=66580540; io.pressure some avg10=0.00 avg60=0.00 avg300=0.00 total=568967
169056 MiB, 97 %
== 19:17:04
Mem:         2063985      481105      900315        1239      698165     1582879
anon 17248 MB; file 196813 MB; shmem 21 MB; file_mapped 196305 MB; unevictable 0 MB; 
memory.current 214587 MB
nr_periods 52296 nr_throttled 201 throttled_usec 5646616 
cpu.pressure some avg10=0.00 avg60=0.00 avg300=0.00 total=2068395; memory.pressure some avg10=0.00 avg60=0.29 avg300=0.73 total=66580540; io.pressure some avg10=0.00 avg60=0.00 avg300=0.00 total=568967
169066 MiB, 97 %
== 19:17:24
Mem:         2063985      481113      900307        1239      698165     1582872
anon 17249 MB; file 196813 MB; shmem 21 MB; file_mapped 196305 MB; unevictable 0 MB; 
memory.current 214588 MB
nr_periods 52497 nr_throttled 201 throttled_usec 5646616 
cpu.pressure some avg10=0.00 avg60=0.00 avg300=0.00 total=2068581; memory.pressure some avg10=0.00 avg60=0.21 avg300=0.68 total=66580540; io.pressure some avg10=0.00 avg60=0.00 avg300=0.00 total=568967
169068 MiB, 95 %
== 19:17:44
Mem:         2063985      481127      900292        1239      698167     1582858
anon 17248 MB; file 196813 MB; shmem 21 MB; file_mapped 196305 MB; unevictable 0 MB; 
memory.current 214586 MB
nr_periods 52698 nr_throttled 201 throttled_usec 5646616 
cpu.pressure some avg10=0.00 avg60=0.00 avg300=0.00 total=2068785; memory.pressure some avg10=0.00 avg60=0.14 avg300=0.63 total=66580540; io.pressure some avg10=0.00 avg60=0.00 avg300=0.00 total=568967
169068 MiB, 97 %
== 19:18:04
Mem:         2063985      481122      900296        1239      698167     1582863
anon 17248 MB; file 196813 MB; shmem 21 MB; file_mapped 196305 MB; unevictable 0 MB; 
memory.current 214587 MB
nr_periods 52899 nr_throttled 201 throttled_usec 5646616 
cpu.pressure some avg10=0.00 avg60=0.00 avg300=0.00 total=2068995; memory.pressure some avg10=0.00 avg60=0.10 avg300=0.58 total=66580540; io.pressure some avg10=0.00 avg60=0.00 avg300=0.00 total=568967
169070 MiB, 100 %
== 19:18:24
Mem:         2063985      481178      900239        1239      698168     1582806
anon 17248 MB; file 196813 MB; shmem 21 MB; file_mapped 196305 MB; unevictable 0 MB; 
memory.current 214586 MB
nr_periods 53099 nr_throttled 201 throttled_usec 5646616 
cpu.pressure some avg10=0.00 avg60=0.00 avg300=0.00 total=2069202; memory.pressure some avg10=0.00 avg60=0.07 avg300=0.54 total=66580540; io.pressure some avg10=0.00 avg60=0.00 avg300=0.00 total=568967
169076 MiB, 86 %
== 19:18:44
Mem:         2063985      481248      900168        1239      698169     1582737
anon 17248 MB; file 196813 MB; shmem 21 MB; file_mapped 196305 MB; unevictable 0 MB; 
memory.current 214586 MB
nr_periods 53300 nr_throttled 201 throttled_usec 5646616 
cpu.pressure some avg10=0.00 avg60=0.00 avg300=0.00 total=2069389; memory.pressure some avg10=0.00 avg60=0.05 avg300=0.50 total=66580540; io.pressure some avg10=0.00 avg60=0.00 avg300=0.00 total=568967
169078 MiB, 94 %
== 19:19:04
Mem:         2063985      481211      900205        1239      698170     1582774
anon 17248 MB; file 196813 MB; shmem 21 MB; file_mapped 196305 MB; unevictable 0 MB; 
memory.current 214586 MB
nr_periods 53501 nr_throttled 201 throttled_usec 5646616 
cpu.pressure some avg10=0.00 avg60=0.00 avg300=0.00 total=2069586; memory.pressure some avg10=0.00 avg60=0.03 avg300=0.47 total=66580540; io.pressure some avg10=0.00 avg60=0.00 avg300=0.00 total=568967
169078 MiB, 96 %
== 19:19:24
Mem:         2063985      481211      900204        1239      698171     1582774
anon 17248 MB; file 196813 MB; shmem 21 MB; file_mapped 196305 MB; unevictable 0 MB; 
memory.current 214586 MB
nr_periods 53702 nr_throttled 201 throttled_usec 5646616 
cpu.pressure some avg10=0.00 avg60=0.00 avg300=0.00 total=2069791; memory.pressure some avg10=0.00 avg60=0.02 avg300=0.43 total=66580540; io.pressure some avg10=0.00 avg60=0.00 avg300=0.00 total=568967
169082 MiB, 94 %
== 19:19:45
Mem:         2063985      481291      900123        1239      698172     1582693
anon 17248 MB; file 196813 MB; shmem 21 MB; file_mapped 196305 MB; unevictable 0 MB; 
memory.current 214586 MB
nr_periods 53903 nr_throttled 201 throttled_usec 5646616 
cpu.pressure some avg10=0.00 avg60=0.00 avg300=0.00 total=2069894; memory.pressure some avg10=0.00 avg60=0.01 avg300=0.40 total=66580540; io.pressure some avg10=0.00 avg60=0.00 avg300=0.00 total=568967
169086 MiB, 91 %
== 19:20:05
Mem:         2063985      481262      900151        1239      698173     1582723
anon 17248 MB; file 196813 MB; shmem 21 MB; file_mapped 196305 MB; unevictable 0 MB; 
memory.current 214586 MB
nr_periods 54104 nr_throttled 201 throttled_usec 5646616 
cpu.pressure some avg10=0.00 avg60=0.00 avg300=0.00 total=2070041; memory.pressure some avg10=0.00 avg60=0.00 avg300=0.37 total=66580540; io.pressure some avg10=0.00 avg60=0.00 avg300=0.00 total=568967
169086 MiB, 96 %
== 19:20:25
Mem:         2063985      481227      900186        1239      698173     1582758
anon 17248 MB; file 196813 MB; shmem 21 MB; file_mapped 196305 MB; unevictable 0 MB; 
memory.current 214586 MB
nr_periods 54305 nr_throttled 201 throttled_usec 5646616 
cpu.pressure some avg10=0.00 avg60=0.00 avg300=0.00 total=2070194; memory.pressure some avg10=0.00 avg60=0.00 avg300=0.35 total=66580540; io.pressure some avg10=0.00 avg60=0.00 avg300=0.00 total=568967
169088 MiB, 96 %
== 19:20:45
Mem:         2063985      481632      899284        1239      698670     1582352
anon 17365 MB; file 197309 MB; shmem 21 MB; file_mapped 196427 MB; unevictable 0 MB; 
memory.current 215202 MB
nr_periods 54506 nr_throttled 201 throttled_usec 5646616 
cpu.pressure some avg10=0.00 avg60=0.00 avg300=0.00 total=2071391; memory.pressure some avg10=0.00 avg60=0.00 avg300=0.32 total=66580540; io.pressure some avg10=0.00 avg60=0.00 avg300=0.00 total=571186
169092 MiB, 97 %
== 19:21:05
Mem:         2063985      481959      898893        1239      698733     1582025
anon 17406 MB; file 197371 MB; shmem 21 MB; file_mapped 196412 MB; unevictable 0 MB; 
memory.current 215307 MB
nr_periods 54707 nr_throttled 201 throttled_usec 5646616 
cpu.pressure some avg10=0.00 avg60=0.00 avg300=0.00 total=2073457; memory.pressure some avg10=0.00 avg60=0.00 avg300=0.30 total=66580540; io.pressure some avg10=0.00 avg60=0.00 avg300=0.00 total=573109
169094 MiB, 97 %
== 19:21:25
Mem:         2063985      481568      899282        1239      698736     1582417
anon 17248 MB; file 197373 MB; shmem 21 MB; file_mapped 196305 MB; unevictable 0 MB; 
memory.current 215147 MB
nr_periods 54908 nr_throttled 201 throttled_usec 5646616 
cpu.pressure some avg10=0.00 avg60=0.00 avg300=0.00 total=2073797; memory.pressure some avg10=0.00 avg60=0.00 avg300=0.27 total=66580540; io.pressure some avg10=0.00 avg60=0.00 avg300=0.00 total=573109
169094 MiB, 98 %
== 19:21:45
Mem:         2063985      480380      900456        1218      698718     1583604
anon 17249 MB; file 197375 MB; shmem 21 MB; file_mapped 196305 MB; unevictable 0 MB; 
memory.current 215151 MB
nr_periods 55109 nr_throttled 201 throttled_usec 5646616 
cpu.pressure some avg10=0.00 avg60=0.00 avg300=0.00 total=2074242; memory.pressure some avg10=0.00 avg60=0.00 avg300=0.25 total=66580540; io.pressure some avg10=0.00 avg60=0.00 avg300=0.00 total=573148
169098 MiB, 95 %
== 19:22:05
Mem:         2063985      480190      900637        1218      698720     1583794
anon 17249 MB; file 197375 MB; shmem 21 MB; file_mapped 196289 MB; unevictable 0 MB; 
memory.current 215151 MB
nr_periods 55310 nr_throttled 201 throttled_usec 5646616 
cpu.pressure some avg10=0.00 avg60=0.00 avg300=0.00 total=2075063; memory.pressure some avg10=0.00 avg60=0.00 avg300=0.23 total=66580540; io.pressure some avg10=0.00 avg60=0.00 avg300=0.00 total=573148
169100 MiB, 96 %
== 19:22:25
Mem:         2063985      480234      900593        1218      698720     1583751
anon 17250 MB; file 197375 MB; shmem 21 MB; file_mapped 196289 MB; unevictable 0 MB; 
memory.current 215152 MB
nr_periods 55511 nr_throttled 201 throttled_usec 5646616 
cpu.pressure some avg10=0.00 avg60=0.00 avg300=0.00 total=2075663; memory.pressure some avg10=0.00 avg60=0.00 avg300=0.22 total=66580540; io.pressure some avg10=0.00 avg60=0.00 avg300=0.00 total=573148
169104 MiB, 0 %
== 19:22:45
Mem:         2063985      480252      900574        1218      698722     1583733
anon 17250 MB; file 197375 MB; shmem 21 MB; file_mapped 196289 MB; unevictable 0 MB; 
memory.current 215152 MB
nr_periods 55712 nr_throttled 201 throttled_usec 5646616 
cpu.pressure some avg10=0.00 avg60=0.00 avg300=0.00 total=2076017; memory.pressure some avg10=0.00 avg60=0.00 avg300=0.20 total=66580540; io.pressure some avg10=0.00 avg60=0.00 avg300=0.00 total=573149
169104 MiB, 96 %
== 19:23:06
Mem:         2063985      481442      899226        1239      698918     1582542
anon 17250 MB; file 197375 MB; shmem 21 MB; file_mapped 196323 MB; unevictable 0 MB; 
memory.current 215152 MB
nr_periods 55913 nr_throttled 201 throttled_usec 5646616 
cpu.pressure some avg10=0.00 avg60=0.00 avg300=0.00 total=2076453; memory.pressure some avg10=0.00 avg60=0.00 avg300=0.18 total=66580540; io.pressure some avg10=0.00 avg60=0.00 avg300=0.00 total=573149
169108 MiB, 95 %
== 19:23:26
Mem:         2063985      481444      899220        1239      698922     1582541
anon 17251 MB; file 197375 MB; shmem 21 MB; file_mapped 196327 MB; unevictable 0 MB; 
memory.current 215153 MB
nr_periods 56114 nr_throttled 201 throttled_usec 5646616 
cpu.pressure some avg10=0.00 avg60=0.00 avg300=0.00 total=2077433; memory.pressure some avg10=0.00 avg60=0.00 avg300=0.17 total=66580540; io.pressure some avg10=0.00 avg60=0.00 avg300=0.00 total=573149
169110 MiB, 97 %
== 19:23:46
Mem:         2063985      481441      899222        1239      698922     1582543
anon 17251 MB; file 197375 MB; shmem 21 MB; file_mapped 196327 MB; unevictable 0 MB; 
memory.current 215153 MB
nr_periods 56315 nr_throttled 201 throttled_usec 5646616 
cpu.pressure some avg10=0.00 avg60=0.00 avg300=0.00 total=2078543; memory.pressure some avg10=0.00 avg60=0.00 avg300=0.15 total=66580540; io.pressure some avg10=0.00 avg60=0.00 avg300=0.00 total=573149
169116 MiB, 98 %
== 19:24:06
Mem:         2063985      481441      899222        1239      698923     1582544
anon 17252 MB; file 197375 MB; shmem 21 MB; file_mapped 196327 MB; unevictable 0 MB; 
memory.current 215153 MB
nr_periods 56515 nr_throttled 201 throttled_usec 5646616 
cpu.pressure some avg10=0.00 avg60=0.00 avg300=0.00 total=2079209; memory.pressure some avg10=0.00 avg60=0.00 avg300=0.14 total=66580540; io.pressure some avg10=0.00 avg60=0.00 avg300=0.00 total=573149
169116 MiB, 97 %
== 19:24:26
Mem:         2063985      481403      899258        1239      698924     1582581
anon 17252 MB; file 197375 MB; shmem 21 MB; file_mapped 196327 MB; unevictable 0 MB; 
memory.current 215154 MB
nr_periods 56716 nr_throttled 201 throttled_usec 5646616 
cpu.pressure some avg10=0.00 avg60=0.00 avg300=0.00 total=2079818; memory.pressure some avg10=0.00 avg60=0.00 avg300=0.13 total=66580540; io.pressure some avg10=0.00 avg60=0.00 avg300=0.00 total=573149
169118 MiB, 98 %
== 19:24:46
Mem:         2063985      481345      899316        1239      698925     1582640
anon 17253 MB; file 197375 MB; shmem 21 MB; file_mapped 196327 MB; unevictable 0 MB; 
memory.current 215154 MB
nr_periods 56917 nr_throttled 201 throttled_usec 5646616 
cpu.pressure some avg10=0.00 avg60=0.00 avg300=0.00 total=2080463; memory.pressure some avg10=0.00 avg60=0.00 avg300=0.12 total=66580540; io.pressure some avg10=0.00 avg60=0.00 avg300=0.00 total=573149
169122 MiB, 97 %
== 19:25:06
Mem:         2063985      481370      899290        1239      698926     1582615
anon 17253 MB; file 197375 MB; shmem 21 MB; file_mapped 196327 MB; unevictable 0 MB; 
memory.current 215154 MB
nr_periods 57118 nr_throttled 201 throttled_usec 5646616 
cpu.pressure some avg10=0.00 avg60=0.00 avg300=0.00 total=2081042; memory.pressure some avg10=0.00 avg60=0.00 avg300=0.11 total=66580540; io.pressure some avg10=0.00 avg60=0.00 avg300=0.00 total=573149
169126 MiB, 97 %
== 19:25:26
Mem:         2063985      481348      899311        1239      698926     1582636
anon 17255 MB; file 197375 MB; shmem 21 MB; file_mapped 196327 MB; unevictable 0 MB; 
memory.current 215158 MB
nr_periods 57319 nr_throttled 201 throttled_usec 5646616 
cpu.pressure some avg10=0.00 avg60=0.00 avg300=0.00 total=2081471; memory.pressure some avg10=0.00 avg60=0.00 avg300=0.10 total=66580540; io.pressure some avg10=0.00 avg60=0.00 avg300=0.00 total=573149
169126 MiB, 97 %
== 19:25:46
Mem:         2063985      481373      899285        1239      698927     1582611
anon 17254 MB; file 197375 MB; shmem 21 MB; file_mapped 196327 MB; unevictable 0 MB; 
memory.current 215156 MB
nr_periods 57520 nr_throttled 201 throttled_usec 5646616 
cpu.pressure some avg10=0.00 avg60=0.00 avg300=0.00 total=2082073; memory.pressure some avg10=0.00 avg60=0.00 avg300=0.09 total=66580540; io.pressure some avg10=0.00 avg60=0.00 avg300=0.00 total=573149
169128 MiB, 96 %
== 19:26:06
Mem:         2063985      480671      919475        1239      679437     1583314
anon 17255 MB; file 197375 MB; shmem 21 MB; file_mapped 196327 MB; unevictable 0 MB; 
memory.current 215156 MB
nr_periods 57721 nr_throttled 201 throttled_usec 5646616 
cpu.pressure some avg10=0.00 avg60=0.00 avg300=0.00 total=2082656; memory.pressure some avg10=0.00 avg60=0.00 avg300=0.08 total=66580540; io.pressure some avg10=0.00 avg60=0.00 avg300=0.00 total=573149
169132 MiB, 97 %
== 19:26:26
Mem:         2063985      480797      919349        1239      679436     1583188
anon 17255 MB; file 197375 MB; shmem 21 MB; file_mapped 196327 MB; unevictable 0 MB; 
memory.current 215156 MB
nr_periods 57922 nr_throttled 201 throttled_usec 5646616 
cpu.pressure some avg10=0.00 avg60=0.00 avg300=0.00 total=2083294; memory.pressure some avg10=0.00 avg60=0.00 avg300=0.07 total=66580540; io.pressure some avg10=0.00 avg60=0.00 avg300=0.00 total=573149
169134 MiB, 98 %
== 19:26:47
Mem:         2063985      480912      919233        1239      679437     1583072
anon 17255 MB; file 197375 MB; shmem 21 MB; file_mapped 196327 MB; unevictable 0 MB; 
memory.current 215156 MB
nr_periods 58123 nr_throttled 201 throttled_usec 5646616 
cpu.pressure some avg10=0.00 avg60=0.00 avg300=0.00 total=2084195; memory.pressure some avg10=0.00 avg60=0.00 avg300=0.06 total=66580540; io.pressure some avg10=0.00 avg60=0.00 avg300=0.00 total=573149
169134 MiB, 97 %
== 19:27:07
Mem:         2063985      481008      919136        1239      679438     1582976
anon 17256 MB; file 197375 MB; shmem 21 MB; file_mapped 196327 MB; unevictable 0 MB; 
memory.current 215157 MB
nr_periods 58324 nr_throttled 201 throttled_usec 5646616 
cpu.pressure some avg10=0.00 avg60=0.00 avg300=0.00 total=2084702; memory.pressure some avg10=0.00 avg60=0.00 avg300=0.06 total=66580540; io.pressure some avg10=0.00 avg60=0.00 avg300=0.00 total=573149
169138 MiB, 97 %
== 19:27:27
Mem:         2063985      481072      919071        1239      679439     1582912
anon 17265 MB; file 197375 MB; shmem 21 MB; file_mapped 196327 MB; unevictable 0 MB; 
memory.current 215166 MB
nr_periods 58525 nr_throttled 201 throttled_usec 5646616 
cpu.pressure some avg10=0.00 avg60=0.00 avg300=0.00 total=2085204; memory.pressure some avg10=0.00 avg60=0.00 avg300=0.05 total=66580540; io.pressure some avg10=0.00 avg60=0.00 avg300=0.00 total=573149
169142 MiB, 0 %
== 19:27:47
Mem:         2063985      481145      918997        1239      679439     1582839
anon 17263 MB; file 197375 MB; shmem 21 MB; file_mapped 196327 MB; unevictable 0 MB; 
memory.current 215164 MB
nr_periods 58726 nr_throttled 201 throttled_usec 5646616 
cpu.pressure some avg10=0.00 avg60=0.00 avg300=0.00 total=2086055; memory.pressure some avg10=0.00 avg60=0.00 avg300=0.05 total=66580540; io.pressure some avg10=0.00 avg60=0.00 avg300=0.00 total=573149
169142 MiB, 97 %
== 19:28:07
Mem:         2063985      481099      919043        1239      679440     1582886
anon 17261 MB; file 197375 MB; shmem 21 MB; file_mapped 196327 MB; unevictable 0 MB; 
memory.current 215162 MB
nr_periods 58927 nr_throttled 201 throttled_usec 5646616 
cpu.pressure some avg10=0.00 avg60=0.00 avg300=0.00 total=2086498; memory.pressure some avg10=0.00 avg60=0.00 avg300=0.04 total=66580540; io.pressure some avg10=0.00 avg60=0.00 avg300=0.00 total=573149
169142 MiB, 94 %
== 19:28:27
Mem:         2063985      481156      918985        1239      679442     1582829
anon 17261 MB; file 197375 MB; shmem 21 MB; file_mapped 196327 MB; unevictable 0 MB; 
memory.current 215162 MB
nr_periods 59128 nr_throttled 201 throttled_usec 5646616 
cpu.pressure some avg10=0.00 avg60=0.00 avg300=0.00 total=2086697; memory.pressure some avg10=0.00 avg60=0.00 avg300=0.04 total=66580540; io.pressure some avg10=0.00 avg60=0.00 avg300=0.00 total=573149
169142 MiB, 96 %
== 19:28:47
Mem:         2063985      481152      918988        1239      679442     1582833
anon 17261 MB; file 197375 MB; shmem 21 MB; file_mapped 196327 MB; unevictable 0 MB; 
memory.current 215162 MB
nr_periods 59328 nr_throttled 201 throttled_usec 5646616 
cpu.pressure some avg10=0.00 avg60=0.00 avg300=0.00 total=2086810; memory.pressure some avg10=0.00 avg60=0.00 avg300=0.03 total=66580540; io.pressure some avg10=0.00 avg60=0.00 avg300=0.00 total=573149
169142 MiB, 96 %
== 19:29:07
Mem:         2063985      481158      918981        1239      679443     1582827
anon 17261 MB; file 197375 MB; shmem 21 MB; file_mapped 196327 MB; unevictable 0 MB; 
memory.current 215163 MB
nr_periods 59529 nr_throttled 201 throttled_usec 5646616 
cpu.pressure some avg10=0.00 avg60=0.00 avg300=0.00 total=2086989; memory.pressure some avg10=0.00 avg60=0.00 avg300=0.03 total=66580540; io.pressure some avg10=0.00 avg60=0.00 avg300=0.00 total=573149
169142 MiB, 96 %
== 19:29:27
Mem:         2063985      481172      918966        1239      679444     1582813
anon 17261 MB; file 197375 MB; shmem 21 MB; file_mapped 196327 MB; unevictable 0 MB; 
memory.current 215162 MB
nr_periods 59730 nr_throttled 201 throttled_usec 5646616 
cpu.pressure some avg10=0.00 avg60=0.00 avg300=0.00 total=2087156; memory.pressure some avg10=0.00 avg60=0.00 avg300=0.02 total=66580540; io.pressure some avg10=0.00 avg60=0.00 avg300=0.00 total=573149
169142 MiB, 97 %
== 19:29:47
Mem:         2063985      481254      918883        1239      679445     1582730
anon 17261 MB; file 197375 MB; shmem 21 MB; file_mapped 196327 MB; unevictable 0 MB; 
memory.current 215163 MB
nr_periods 59931 nr_throttled 201 throttled_usec 5646616 
cpu.pressure some avg10=0.00 avg60=0.00 avg300=0.00 total=2087417; memory.pressure some avg10=0.00 avg60=0.00 avg300=0.02 total=66580540; io.pressure some avg10=0.00 avg60=0.00 avg300=0.00 total=573149
169142 MiB, 97 %
== 19:30:07
Mem:         2063985      481442      918458        1239      679682     1582542
anon 17261 MB; file 197375 MB; shmem 21 MB; file_mapped 196327 MB; unevictable 0 MB; 
memory.current 215162 MB
nr_periods 60132 nr_throttled 201 throttled_usec 5646616 
cpu.pressure some avg10=0.00 avg60=0.00 avg300=0.00 total=2087662; memory.pressure some avg10=0.00 avg60=0.00 avg300=0.01 total=66580540; io.pressure some avg10=0.00 avg60=0.00 avg300=0.00 total=573149
169142 MiB, 96 %
== 19:30:28
Mem:         2063985      481249      918381        1239      679953     1582736
anon 17261 MB; file 197375 MB; shmem 21 MB; file_mapped 196327 MB; unevictable 0 MB; 
memory.current 215162 MB
nr_periods 60333 nr_throttled 201 throttled_usec 5646616 
cpu.pressure some avg10=0.00 avg60=0.00 avg300=0.00 total=2088768; memory.pressure some avg10=0.00 avg60=0.00 avg300=0.01 total=66580540; io.pressure some avg10=0.00 avg60=0.00 avg300=0.00 total=573149
169142 MiB, 98 %
== 19:30:48
Mem:         2063985      481189      918440        1239      679953     1582795
anon 17261 MB; file 197375 MB; shmem 21 MB; file_mapped 196327 MB; unevictable 0 MB; 
memory.current 215163 MB
nr_periods 60534 nr_throttled 201 throttled_usec 5646616 
cpu.pressure some avg10=0.00 avg60=0.00 avg300=0.00 total=2089245; memory.pressure some avg10=0.00 avg60=0.00 avg300=0.00 total=66580540; io.pressure some avg10=0.00 avg60=0.00 avg300=0.00 total=573149
169142 MiB, 94 %
== 19:31:08
Mem:         2063985      481176      918452        1239      679954     1582808
anon 17261 MB; file 197375 MB; shmem 21 MB; file_mapped 196327 MB; unevictable 0 MB; 
memory.current 215162 MB
nr_periods 60735 nr_throttled 201 throttled_usec 5646616 
cpu.pressure some avg10=0.00 avg60=0.00 avg300=0.00 total=2089761; memory.pressure some avg10=0.00 avg60=0.00 avg300=0.00 total=66580540; io.pressure some avg10=0.00 avg60=0.00 avg300=0.00 total=573149
169142 MiB, 97 %
== 19:31:28
Mem:         2063985      481194      918433        1239      679955     1582791
anon 17261 MB; file 197375 MB; shmem 21 MB; file_mapped 196327 MB; unevictable 0 MB; 
memory.current 215162 MB
nr_periods 60936 nr_throttled 201 throttled_usec 5646616 
cpu.pressure some avg10=0.00 avg60=0.00 avg300=0.00 total=2089971; memory.pressure some avg10=0.00 avg60=0.00 avg300=0.00 total=66580540; io.pressure some avg10=0.00 avg60=0.00 avg300=0.00 total=573165
169142 MiB, 68 %
== 19:31:48
Mem:         2063985      481236      918390        1239      679956     1582749
anon 17263 MB; file 197375 MB; shmem 21 MB; file_mapped 196327 MB; unevictable 0 MB; 
memory.current 215165 MB
nr_periods 61137 nr_throttled 201 throttled_usec 5646616 
cpu.pressure some avg10=0.00 avg60=0.00 avg300=0.00 total=2090235; memory.pressure some avg10=0.00 avg60=0.00 avg300=0.00 total=66580540; io.pressure some avg10=0.00 avg60=0.00 avg300=0.00 total=573165
169142 MiB, 97 %
== 19:32:08
Mem:         2063985      481278      918348        1239      679957     1582707
anon 17261 MB; file 197375 MB; shmem 21 MB; file_mapped 196327 MB; unevictable 0 MB; 
memory.current 215163 MB
nr_periods 61338 nr_throttled 201 throttled_usec 5646616 
cpu.pressure some avg10=0.00 avg60=0.00 avg300=0.00 total=2090432; memory.pressure some avg10=0.00 avg60=0.00 avg300=0.00 total=66580540; io.pressure some avg10=0.00 avg60=0.00 avg300=0.00 total=573165
169142 MiB, 99 %
== 19:32:28
Mem:         2063985      481261      918364        1239      679957     1582723
anon 17261 MB; file 197375 MB; shmem 21 MB; file_mapped 196327 MB; unevictable 0 MB; 
memory.current 215163 MB
nr_periods 61539 nr_throttled 201 throttled_usec 5646616 
cpu.pressure some avg10=0.00 avg60=0.00 avg300=0.00 total=2091042; memory.pressure some avg10=0.00 avg60=0.00 avg300=0.00 total=66580540; io.pressure some avg10=0.00 avg60=0.00 avg300=0.00 total=573165
169142 MiB, 96 %
== 19:32:48
Mem:         2063985      479639      917599        1239      682344     1584345
anon 16785 MB; file 199767 MB; shmem 21 MB; file_mapped 196327 MB; unevictable 0 MB; 
memory.current 217082 MB
nr_periods 61739 nr_throttled 201 throttled_usec 5646616 
cpu.pressure some avg10=0.00 avg60=0.00 avg300=0.00 total=2096757; memory.pressure some avg10=0.00 avg60=0.00 avg300=0.00 total=66580540; io.pressure some avg10=0.00 avg60=0.00 avg300=0.00 total=573893
169142 MiB, 0 %
== 19:33:08
Mem:         2063985      480109      904810        1239      694663     1583875
anon 16785 MB; file 212081 MB; shmem 21 MB; file_mapped 196327 MB; unevictable 0 MB; 
memory.current 229401 MB
nr_periods 61940 nr_throttled 201 throttled_usec 5646616 
cpu.pressure some avg10=0.00 avg60=0.00 avg300=0.00 total=2116078; memory.pressure some avg10=0.00 avg60=0.00 avg300=0.00 total=66580540; io.pressure some avg10=0.00 avg60=0.00 avg300=0.00 total=573893
169142 MiB, 0 %
== 19:33:28
Mem:         2063985      462800      917993        1218      698751     1601184
anon 6 MB; file 216166 MB; shmem 0 MB; file_mapped 59 MB; unevictable 0 MB; 
memory.current 216227 MB
nr_periods 62083 nr_throttled 201 throttled_usec 5646616 
cpu.pressure some avg10=0.00 avg60=0.00 avg300=0.00 total=2130233; memory.pressure some avg10=0.00 avg60=0.00 avg300=0.00 total=66585199; io.pressure some avg10=0.00 avg60=0.00 avg300=0.00 total=585799
0 MiB, 0 %
== 19:33:48
Mem:         2063985      462930      917862        1218      698752     1601054
anon 6 MB; file 216166 MB; shmem 0 MB; file_mapped 59 MB; unevictable 0 MB; 
memory.current 216225 MB
nr_periods 62090 nr_throttled 201 throttled_usec 5646616 
cpu.pressure some avg10=0.00 avg60=0.00 avg300=0.00 total=2131006; memory.pressure some avg10=0.00 avg60=0.00 avg300=0.00 total=66585199; io.pressure some avg10=0.00 avg60=0.00 avg300=0.00 total=585799
0 MiB, 0 %
== 19:34:09
Mem:         2063985      464143      916647        1218      698755     1599842
anon 1102 MB; file 216167 MB; shmem 0 MB; file_mapped 59 MB; unevictable 0 MB; 
memory.current 217325 MB
nr_periods 62178 nr_throttled 201 throttled_usec 5646616 
cpu.pressure some avg10=0.00 avg60=0.00 avg300=0.00 total=2132467; memory.pressure some avg10=0.00 avg60=0.00 avg300=0.00 total=66585199; io.pressure some avg10=0.00 avg60=0.00 avg300=0.00 total=585827
0 MiB, 0 %
== 19:34:29
Mem:         2063985      467078      913710        1218      698756     1596906
anon 3408 MB; file 216167 MB; shmem 0 MB; file_mapped 59 MB; unevictable 0 MB; 
memory.current 219637 MB
nr_periods 62379 nr_throttled 201 throttled_usec 5646616 
cpu.pressure some avg10=0.00 avg60=0.00 avg300=0.00 total=2135359; memory.pressure some avg10=0.00 avg60=0.00 avg300=0.00 total=66585199; io.pressure some avg10=0.00 avg60=0.00 avg300=0.00 total=585827
0 MiB, 0 %
== 19:34:49
Mem:         2063985      469229      911559        1218      698756     1594756
anon 5711 MB; file 216167 MB; shmem 0 MB; file_mapped 59 MB; unevictable 0 MB; 
memory.current 221943 MB
nr_periods 62580 nr_throttled 201 throttled_usec 5646616 
cpu.pressure some avg10=0.00 avg60=0.00 avg300=0.00 total=2143163; memory.pressure some avg10=0.00 avg60=0.00 avg300=0.00 total=66585199; io.pressure some avg10=0.00 avg60=0.00 avg300=0.00 total=585827
0 MiB, 0 %
== 19:35:09
Mem:         2063985      471723      909064        1218      698757     1592262
anon 8271 MB; file 216167 MB; shmem 0 MB; file_mapped 59 MB; unevictable 0 MB; 
memory.current 224509 MB
nr_periods 62781 nr_throttled 201 throttled_usec 5646616 
cpu.pressure some avg10=0.00 avg60=0.00 avg300=0.00 total=2151271; memory.pressure some avg10=0.00 avg60=0.00 avg300=0.00 total=66585199; io.pressure some avg10=0.00 avg60=0.00 avg300=0.00 total=586068
0 MiB, 0 %
== 19:35:29
Mem:         2063985      474197      906589        1218      698758     1589788
anon 10576 MB; file 216167 MB; shmem 0 MB; file_mapped 59 MB; unevictable 0 MB; 
memory.current 226817 MB
nr_periods 62982 nr_throttled 201 throttled_usec 5646616 
cpu.pressure some avg10=0.00 avg60=0.00 avg300=0.00 total=2152818; memory.pressure some avg10=0.00 avg60=0.00 avg300=0.00 total=66585199; io.pressure some avg10=0.00 avg60=0.00 avg300=0.00 total=586068
0 MiB, 0 %
== 19:35:49
Mem:         2063985      476579      904206        1218      698759     1587405
anon 13292 MB; file 216167 MB; shmem 0 MB; file_mapped 59 MB; unevictable 0 MB; 
memory.current 229539 MB
nr_periods 63183 nr_throttled 201 throttled_usec 5646616 
cpu.pressure some avg10=0.00 avg60=0.00 avg300=0.00 total=2159173; memory.pressure some avg10=0.00 avg60=0.00 avg300=0.00 total=66585199; io.pressure some avg10=0.00 avg60=0.00 avg300=0.00 total=586068
0 MiB, 0 %
== 19:36:09
Mem:         2063985      479378      901389        1197      698738     1584606
anon 17230 MB; file 216167 MB; shmem 0 MB; file_mapped 0 MB; unevictable 0 MB; 
memory.current 233484 MB
nr_periods 63384 nr_throttled 201 throttled_usec 5646616 
cpu.pressure some avg10=0.00 avg60=0.00 avg300=0.00 total=2161819; memory.pressure some avg10=0.00 avg60=0.00 avg300=0.00 total=66585199; io.pressure some avg10=0.00 avg60=0.00 avg300=0.00 total=586068
0 MiB, 0 %
== 19:36:29
Mem:         2063985      483445      897315        1218      698785     1580540
anon 20082 MB; file 216167 MB; shmem 0 MB; file_mapped 58 MB; unevictable 0 MB; 
memory.current 236343 MB
nr_periods 63585 nr_throttled 201 throttled_usec 5646616 
cpu.pressure some avg10=0.00 avg60=0.00 avg300=0.00 total=2168976; memory.pressure some avg10=0.00 avg60=0.00 avg300=0.00 total=66585199; io.pressure some avg10=0.00 avg60=0.00 avg300=0.00 total=586068
0 MiB, 0 %
== 19:36:49
Mem:         2063985      482882      897877        1218      698786     1581103
anon 19258 MB; file 216167 MB; shmem 0 MB; file_mapped 61 MB; unevictable 0 MB; 
memory.current 235518 MB
nr_periods 63786 nr_throttled 201 throttled_usec 5646616 
cpu.pressure some avg10=0.00 avg60=0.00 avg300=0.00 total=2173253; memory.pressure some avg10=0.00 avg60=0.00 avg300=0.00 total=66585199; io.pressure some avg10=0.00 avg60=0.00 avg300=0.00 total=586068
0 MiB, 0 %
== 19:37:09
Mem:         2063985      481973      898784        1218      698787     1582011
anon 18417 MB; file 216167 MB; shmem 0 MB; file_mapped 61 MB; unevictable 0 MB; 
memory.current 234674 MB
nr_periods 63987 nr_throttled 201 throttled_usec 5646616 
cpu.pressure some avg10=0.00 avg60=0.00 avg300=0.00 total=2178127; memory.pressure some avg10=0.00 avg60=0.00 avg300=0.00 total=66585199; io.pressure some avg10=0.00 avg60=0.00 avg300=0.00 total=586068
0 MiB, 0 %
== 19:37:30
Mem:         2063985      484097      896659        1218      698788     1579887
anon 20311 MB; file 216167 MB; shmem 0 MB; file_mapped 61 MB; unevictable 0 MB; 
memory.current 236573 MB
nr_periods 64188 nr_throttled 201 throttled_usec 5646616 
cpu.pressure some avg10=0.00 avg60=0.00 avg300=0.00 total=2188510; memory.pressure some avg10=0.00 avg60=0.00 avg300=0.00 total=66585199; io.pressure some avg10=0.00 avg60=0.00 avg300=0.00 total=586068
0 MiB, 0 %
== 19:37:50
Mem:         2063985      486207      894549        1218      698788     1577778
anon 22595 MB; file 216167 MB; shmem 0 MB; file_mapped 61 MB; unevictable 0 MB; 
memory.current 238861 MB
nr_periods 64389 nr_throttled 201 throttled_usec 5646616 
cpu.pressure some avg10=0.00 avg60=0.00 avg300=0.00 total=2189212; memory.pressure some avg10=0.00 avg60=0.00 avg300=0.00 total=66585199; io.pressure some avg10=0.00 avg60=0.00 avg300=0.00 total=586068
0 MiB, 0 %
== 19:38:10
Mem:         2063985      488444      894183        1218      696917     1575541
anon 24866 MB; file 214295 MB; shmem 0 MB; file_mapped 61 MB; unevictable 0 MB; 
memory.current 239264 MB
nr_periods 64589 nr_throttled 201 throttled_usec 5646616 
cpu.pressure some avg10=0.00 avg60=0.00 avg300=0.00 total=2190689; memory.pressure some avg10=0.00 avg60=0.00 avg300=0.00 total=66594295; io.pressure some avg10=0.00 avg60=0.00 avg300=0.00 total=586068
0 MiB, 0 %
== 19:38:30
Mem:         2063985      490047      894356        1218      695142     1573938
anon 26579 MB; file 212519 MB; shmem 0 MB; file_mapped 61 MB; unevictable 0 MB; 
memory.current 239208 MB
nr_periods 64790 nr_throttled 201 throttled_usec 5646616 
cpu.pressure some avg10=0.00 avg60=0.00 avg300=0.00 total=2194570; memory.pressure some avg10=0.00 avg60=0.00 avg300=0.00 total=66602236; io.pressure some avg10=0.00 avg60=0.00 avg300=0.00 total=586068
0 MiB, 0 %
== 19:38:50
Mem:         2063985      489514      896049        1218      693981     1574471
anon 25946 MB; file 211357 MB; shmem 0 MB; file_mapped 61 MB; unevictable 0 MB; 
memory.current 237418 MB
nr_periods 64991 nr_throttled 201 throttled_usec 5646616 
cpu.pressure some avg10=0.00 avg60=0.00 avg300=0.00 total=2201378; memory.pressure some avg10=0.00 avg60=0.00 avg300=0.00 total=66607902; io.pressure some avg10=0.00 avg60=0.00 avg300=0.00 total=586068
0 MiB, 0 %
== 19:39:10
Mem:         2063985      489581      895981        1218      693982     1574403
anon 25998 MB; file 211357 MB; shmem 0 MB; file_mapped 61 MB; unevictable 0 MB; 
memory.current 237461 MB
nr_periods 65192 nr_throttled 202 throttled_usec 5647743 
cpu.pressure some avg10=0.00 avg60=0.00 avg300=0.00 total=2203223; memory.pressure some avg10=0.00 avg60=0.00 avg300=0.00 total=66607902; io.pressure some avg10=0.00 avg60=0.00 avg300=0.00 total=586121
0 MiB, 0 %
== 19:39:30
Mem:         2063985      489524      896038        1218      693983     1574461
anon 25998 MB; file 211357 MB; shmem 0 MB; file_mapped 61 MB; unevictable 0 MB; 
memory.current 237461 MB
nr_periods 65393 nr_throttled 205 throttled_usec 5652422 
cpu.pressure some avg10=0.00 avg60=0.00 avg300=0.00 total=2203826; memory.pressure some avg10=0.00 avg60=0.00 avg300=0.00 total=66607902; io.pressure some avg10=0.00 avg60=0.00 avg300=0.00 total=586145
0 MiB, 0 %
== 19:39:50
Mem:         2063985      489541      896019        1218      693984     1574443
anon 25998 MB; file 211357 MB; shmem 0 MB; file_mapped 61 MB; unevictable 0 MB; 
memory.current 237461 MB
nr_periods 65594 nr_throttled 208 throttled_usec 5656154 
cpu.pressure some avg10=0.00 avg60=0.00 avg300=0.00 total=2204432; memory.pressure some avg10=0.00 avg60=0.00 avg300=0.00 total=66607902; io.pressure some avg10=0.00 avg60=0.00 avg300=0.00 total=586145
0 MiB, 0 %
== 19:40:10
Mem:         2063985      489495      896064        1218      693984     1574489
anon 25998 MB; file 211357 MB; shmem 0 MB; file_mapped 61 MB; unevictable 0 MB; 
memory.current 237463 MB
nr_periods 65795 nr_throttled 208 throttled_usec 5656154 
cpu.pressure some avg10=0.00 avg60=0.00 avg300=0.00 total=2204894; memory.pressure some avg10=0.00 avg60=0.00 avg300=0.00 total=66607902; io.pressure some avg10=0.00 avg60=0.00 avg300=0.00 total=586147
0 MiB, 0 %
== 19:40:30
Mem:         2063985      489550      896009        1218      693985     1574435
anon 25998 MB; file 211357 MB; shmem 0 MB; file_mapped 61 MB; unevictable 0 MB; 
memory.current 237461 MB
nr_periods 65996 nr_throttled 209 throttled_usec 5665414 
cpu.pressure some avg10=0.00 avg60=0.00 avg300=0.00 total=2205810; memory.pressure some avg10=0.00 avg60=0.00 avg300=0.00 total=66607902; io.pressure some avg10=0.00 avg60=0.00 avg300=0.00 total=586173
0 MiB, 0 %
== 19:40:50
Mem:         2063985      489493      896065        1218      693986     1574491
anon 25998 MB; file 211357 MB; shmem 0 MB; file_mapped 61 MB; unevictable 0 MB; 
memory.current 237462 MB
nr_periods 66197 nr_throttled 211 throttled_usec 5668304 
cpu.pressure some avg10=0.00 avg60=0.00 avg300=0.00 total=2206506; memory.pressure some avg10=0.00 avg60=0.00 avg300=0.00 total=66607902; io.pressure some avg10=0.00 avg60=0.00 avg300=0.00 total=586179
0 MiB, 0 %
== 19:41:11
Mem:         2063985      489476      896081        1218      693987     1574508
anon 25998 MB; file 211357 MB; shmem 0 MB; file_mapped 61 MB; unevictable 0 MB; 
memory.current 237461 MB
nr_periods 66398 nr_throttled 213 throttled_usec 5678485 
cpu.pressure some avg10=0.00 avg60=0.00 avg300=0.00 total=2207609; memory.pressure some avg10=0.00 avg60=0.00 avg300=0.00 total=66607902; io.pressure some avg10=0.00 avg60=0.00 avg300=0.00 total=586179
0 MiB, 0 %
== 19:41:31
Mem:         2063985      489482      896073        1218      693988     1574502
anon 25998 MB; file 211357 MB; shmem 0 MB; file_mapped 61 MB; unevictable 0 MB; 
memory.current 237461 MB
nr_periods 66599 nr_throttled 214 throttled_usec 5678745 
cpu.pressure some avg10=0.00 avg60=0.00 avg300=0.00 total=2208335; memory.pressure some avg10=0.00 avg60=0.00 avg300=0.00 total=66607902; io.pressure some avg10=0.00 avg60=0.00 avg300=0.00 total=586188
0 MiB, 0 %
== 19:41:51
Mem:         2063985      489401      896154        1218      693989     1574583
anon 25998 MB; file 211357 MB; shmem 0 MB; file_mapped 61 MB; unevictable 0 MB; 
memory.current 237461 MB
nr_periods 66800 nr_throttled 216 throttled_usec 5684860 
cpu.pressure some avg10=0.00 avg60=0.00 avg300=0.00 total=2209345; memory.pressure some avg10=0.00 avg60=0.00 avg300=0.00 total=66607902; io.pressure some avg10=0.00 avg60=0.00 avg300=0.00 total=586262
0 MiB, 0 %
== 19:42:11
Mem:         2063985      489433      896122        1218      693990     1574552
anon 25998 MB; file 211357 MB; shmem 0 MB; file_mapped 61 MB; unevictable 0 MB; 
memory.current 237461 MB
nr_periods 67001 nr_throttled 219 throttled_usec 5691332 
cpu.pressure some avg10=0.00 avg60=0.00 avg300=0.00 total=2210776; memory.pressure some avg10=0.00 avg60=0.00 avg300=0.00 total=66607902; io.pressure some avg10=0.00 avg60=0.00 avg300=0.00 total=586290
0 MiB, 0 %
== 19:42:31
Mem:         2063985      489476      896078        1218      693991     1574509
anon 25998 MB; file 211357 MB; shmem 0 MB; file_mapped 61 MB; unevictable 0 MB; 
memory.current 237462 MB
nr_periods 67202 nr_throttled 221 throttled_usec 5692785 
cpu.pressure some avg10=0.00 avg60=0.00 avg300=0.00 total=2212436; memory.pressure some avg10=0.00 avg60=0.00 avg300=0.00 total=66607902; io.pressure some avg10=0.00 avg60=0.00 avg300=0.00 total=586298
0 MiB, 0 %
== 19:42:51
Mem:         2063985      489424      896129        1218      693992     1574561
anon 25998 MB; file 211357 MB; shmem 0 MB; file_mapped 61 MB; unevictable 0 MB; 
memory.current 237462 MB
nr_periods 67403 nr_throttled 225 throttled_usec 5697499 
cpu.pressure some avg10=0.00 avg60=0.00 avg300=0.00 total=2213987; memory.pressure some avg10=0.00 avg60=0.00 avg300=0.00 total=66607902; io.pressure some avg10=0.00 avg60=0.00 avg300=0.00 total=586302
0 MiB, 0 %
== 19:43:11
Mem:         2063985      489421      896131        1218      693993     1574563
anon 25998 MB; file 211357 MB; shmem 0 MB; file_mapped 61 MB; unevictable 0 MB; 
memory.current 237463 MB
nr_periods 67604 nr_throttled 228 throttled_usec 5706989 
cpu.pressure some avg10=0.00 avg60=0.00 avg300=0.00 total=2215846; memory.pressure some avg10=0.00 avg60=0.00 avg300=0.00 total=66607902; io.pressure some avg10=0.00 avg60=0.00 avg300=0.00 total=586611
0 MiB, 0 %
== 19:43:31
Mem:         2063985      489446      896105        1218      693993     1574538
anon 25998 MB; file 211357 MB; shmem 0 MB; file_mapped 61 MB; unevictable 0 MB; 
memory.current 237461 MB
nr_periods 67805 nr_throttled 233 throttled_usec 5721019 
cpu.pressure some avg10=0.00 avg60=0.00 avg300=0.00 total=2218135; memory.pressure some avg10=0.00 avg60=0.00 avg300=0.00 total=66607902; io.pressure some avg10=0.00 avg60=0.00 avg300=0.00 total=586622
0 MiB, 0 %
== 19:43:51
Mem:         2063985      489416      896134        1218      693995     1574569
anon 25998 MB; file 211357 MB; shmem 0 MB; file_mapped 61 MB; unevictable 0 MB; 
memory.current 237461 MB
nr_periods 68006 nr_throttled 237 throttled_usec 5765998 
cpu.pressure some avg10=0.00 avg60=0.00 avg300=0.00 total=2222091; memory.pressure some avg10=0.00 avg60=0.00 avg300=0.00 total=66607902; io.pressure some avg10=0.00 avg60=0.00 avg300=0.00 total=586727
0 MiB, 0 %
== 19:44:11
Mem:         2063985      489401      896148        1218      693995     1574584
anon 25998 MB; file 211357 MB; shmem 0 MB; file_mapped 61 MB; unevictable 0 MB; 
memory.current 237462 MB
nr_periods 68207 nr_throttled 238 throttled_usec 5767052 
cpu.pressure some avg10=0.00 avg60=0.00 avg300=0.00 total=2223118; memory.pressure some avg10=0.00 avg60=0.00 avg300=0.00 total=66607902; io.pressure some avg10=0.00 avg60=0.00 avg300=0.00 total=586788
0 MiB, 0 %
== 19:44:32
Mem:         2063985      489421      896128        1218      693996     1574564
anon 25998 MB; file 211357 MB; shmem 0 MB; file_mapped 61 MB; unevictable 0 MB; 
memory.current 237461 MB
nr_periods 68408 nr_throttled 241 throttled_usec 5794692 
cpu.pressure some avg10=0.00 avg60=0.00 avg300=0.00 total=2226793; memory.pressure some avg10=0.00 avg60=0.00 avg300=0.00 total=66607902; io.pressure some avg10=0.00 avg60=0.00 avg300=0.00 total=586918
0 MiB, 0 %
== 19:44:52
Mem:         2063985      489418      896130        1218      693997     1574567
anon 25998 MB; file 211357 MB; shmem 0 MB; file_mapped 61 MB; unevictable 0 MB; 
memory.current 237462 MB
nr_periods 68609 nr_throttled 244 throttled_usec 5803672 
cpu.pressure some avg10=0.00 avg60=0.00 avg300=0.00 total=2229393; memory.pressure some avg10=0.00 avg60=0.00 avg300=0.00 total=66607902; io.pressure some avg10=0.00 avg60=0.00 avg300=0.00 total=586931
0 MiB, 0 %
== 19:45:12
Mem:         2063985      489429      896118        1218      693998     1574556
anon 25998 MB; file 211357 MB; shmem 0 MB; file_mapped 61 MB; unevictable 0 MB; 
memory.current 237461 MB
nr_periods 68810 nr_throttled 246 throttled_usec 5818890 
cpu.pressure some avg10=0.00 avg60=0.00 avg300=0.00 total=2232130; memory.pressure some avg10=0.00 avg60=0.00 avg300=0.00 total=66607902; io.pressure some avg10=0.00 avg60=0.00 avg300=0.00 total=587247
0 MiB, 0 %
== 19:45:32
Mem:         2063985      489355      896191        1218      693999     1574629
anon 25998 MB; file 211357 MB; shmem 0 MB; file_mapped 61 MB; unevictable 0 MB; 
memory.current 237461 MB
nr_periods 69011 nr_throttled 252 throttled_usec 5836644 
cpu.pressure some avg10=0.00 avg60=0.00 avg300=0.00 total=2234432; memory.pressure some avg10=0.00 avg60=0.00 avg300=0.00 total=66607902; io.pressure some avg10=0.00 avg60=0.00 avg300=0.00 total=587272
0 MiB, 0 %
== 19:45:52
Mem:         2063985      489374      896170        1218      694000     1574610
anon 25998 MB; file 211357 MB; shmem 0 MB; file_mapped 61 MB; unevictable 0 MB; 
memory.current 237462 MB
nr_periods 69212 nr_throttled 255 throttled_usec 5855497 
cpu.pressure some avg10=0.00 avg60=0.00 avg300=0.00 total=2236261; memory.pressure some avg10=0.00 avg60=0.00 avg300=0.00 total=66607902; io.pressure some avg10=0.00 avg60=0.00 avg300=0.00 total=587280
0 MiB, 0 %
== 19:46:12
Mem:         2063985      489429      896115        1218      694001     1574555
anon 25998 MB; file 211357 MB; shmem 0 MB; file_mapped 61 MB; unevictable 0 MB; 
memory.current 237462 MB
nr_periods 69412 nr_throttled 258 throttled_usec 5864840 
cpu.pressure some avg10=0.00 avg60=0.00 avg300=0.00 total=2238305; memory.pressure some avg10=0.00 avg60=0.00 avg300=0.00 total=66607902; io.pressure some avg10=0.00 avg60=0.00 avg300=0.00 total=587307
0 MiB, 0 %
== 19:46:32
Mem:         2063985      489449      896093        1218      694002     1574535
anon 25998 MB; file 211357 MB; shmem 0 MB; file_mapped 61 MB; unevictable 0 MB; 
memory.current 237461 MB
nr_periods 69613 nr_throttled 261 throttled_usec 5874044 
cpu.pressure some avg10=0.00 avg60=0.00 avg300=0.00 total=2239943; memory.pressure some avg10=0.00 avg60=0.00 avg300=0.00 total=66607902; io.pressure some avg10=0.00 avg60=0.00 avg300=0.00 total=587394
0 MiB, 0 %
== 19:46:52
Mem:         2063985      489460      896083        1218      694002     1574525
anon 25998 MB; file 211357 MB; shmem 0 MB; file_mapped 61 MB; unevictable 0 MB; 
memory.current 237462 MB
nr_periods 69814 nr_throttled 264 throttled_usec 5907404 
cpu.pressure some avg10=0.00 avg60=0.00 avg300=0.00 total=2243364; memory.pressure some avg10=0.00 avg60=0.00 avg300=0.00 total=66607902; io.pressure some avg10=0.00 avg60=0.00 avg300=0.00 total=587692
0 MiB, 0 %
== 19:47:12
Mem:         2063985      488127      897398        1197      693982     1575858
anon 25998 MB; file 211357 MB; shmem 0 MB; file_mapped 1 MB; unevictable 0 MB; 
memory.current 237461 MB
nr_periods 70015 nr_throttled 265 throttled_usec 5914675 
cpu.pressure some avg10=0.00 avg60=0.00 avg300=0.00 total=2245006; memory.pressure some avg10=0.00 avg60=0.00 avg300=0.00 total=66607902; io.pressure some avg10=0.00 avg60=0.00 avg300=0.00 total=587721
0 MiB, 0 %
== 19:47:32
Mem:         2063985      488074      897450        1197      693983     1575911
anon 25998 MB; file 211357 MB; shmem 0 MB; file_mapped 1 MB; unevictable 0 MB; 
memory.current 237461 MB
nr_periods 70216 nr_throttled 267 throttled_usec 5916161 
cpu.pressure some avg10=0.00 avg60=0.00 avg300=0.00 total=2246170; memory.pressure some avg10=0.00 avg60=0.00 avg300=0.00 total=66607902; io.pressure some avg10=0.00 avg60=0.00 avg300=0.00 total=588015
0 MiB, 0 %
== 19:47:52
Mem:         2063985      489516      896022        1218      694006     1574468
anon 25998 MB; file 211357 MB; shmem 0 MB; file_mapped 61 MB; unevictable 0 MB; 
memory.current 237462 MB
nr_periods 70417 nr_throttled 269 throttled_usec 5940796 
cpu.pressure some avg10=0.00 avg60=0.00 avg300=0.00 total=2249855; memory.pressure some avg10=0.00 avg60=0.00 avg300=0.00 total=66607902; io.pressure some avg10=0.00 avg60=0.00 avg300=0.00 total=588015
0 MiB, 0 %
== 19:48:13
Mem:         2063985      489536      896001        1218      694007     1574448
anon 25998 MB; file 211357 MB; shmem 0 MB; file_mapped 61 MB; unevictable 0 MB; 
memory.current 237462 MB
nr_periods 70618 nr_throttled 271 throttled_usec 5948411 
cpu.pressure some avg10=0.00 avg60=0.00 avg300=0.00 total=2252210; memory.pressure some avg10=0.00 avg60=0.00 avg300=0.00 total=66607902; io.pressure some avg10=0.00 avg60=0.00 avg300=0.00 total=588876
0 MiB, 0 %
== 19:48:33
Mem:         2063985      489504      896033        1218      694008     1574480
anon 25998 MB; file 211357 MB; shmem 0 MB; file_mapped 61 MB; unevictable 0 MB; 
memory.current 237462 MB
nr_periods 70819 nr_throttled 273 throttled_usec 5951217 
cpu.pressure some avg10=0.00 avg60=0.00 avg300=0.00 total=2254668; memory.pressure some avg10=0.00 avg60=0.00 avg300=0.00 total=66607902; io.pressure some avg10=0.00 avg60=0.00 avg300=0.00 total=588910
0 MiB, 0 %
== 19:48:53
Mem:         2063985      489511      896025        1218      694009     1574474
anon 25998 MB; file 211357 MB; shmem 0 MB; file_mapped 61 MB; unevictable 0 MB; 
memory.current 237461 MB
nr_periods 71020 nr_throttled 276 throttled_usec 5984587 
cpu.pressure some avg10=0.00 avg60=0.00 avg300=0.00 total=2257827; memory.pressure some avg10=0.00 avg60=0.00 avg300=0.00 total=66607902; io.pressure some avg10=0.00 avg60=0.00 avg300=0.00 total=588959
0 MiB, 0 %
== 19:49:13
Mem:         2063985      489518      896017        1218      694010     1574466
anon 25998 MB; file 211357 MB; shmem 0 MB; file_mapped 61 MB; unevictable 0 MB; 
memory.current 237462 MB
nr_periods 71221 nr_throttled 279 throttled_usec 5999008 
cpu.pressure some avg10=0.00 avg60=0.00 avg300=0.00 total=2259552; memory.pressure some avg10=0.00 avg60=0.00 avg300=0.00 total=66607902; io.pressure some avg10=0.00 avg60=0.00 avg300=0.00 total=588968
0 MiB, 0 %
== 19:49:33
Mem:         2063985      489505      896029        1218      694011     1574479
anon 25998 MB; file 211357 MB; shmem 0 MB; file_mapped 61 MB; unevictable 0 MB; 
memory.current 237462 MB
nr_periods 71422 nr_throttled 281 throttled_usec 6000054 
cpu.pressure some avg10=0.00 avg60=0.00 avg300=0.00 total=2261186; memory.pressure some avg10=0.00 avg60=0.00 avg300=0.00 total=66607902; io.pressure some avg10=0.00 avg60=0.00 avg300=0.00 total=588969
0 MiB, 0 %
== 19:49:53
Mem:         2063985      489535      895999        1218      694011     1574450
anon 25998 MB; file 211357 MB; shmem 0 MB; file_mapped 61 MB; unevictable 0 MB; 
memory.current 237462 MB
nr_periods 71623 nr_throttled 286 throttled_usec 6010324 
cpu.pressure some avg10=0.00 avg60=0.00 avg300=0.00 total=2262762; memory.pressure some avg10=0.00 avg60=0.00 avg300=0.00 total=66607902; io.pressure some avg10=0.00 avg60=0.00 avg300=0.00 total=588969
0 MiB, 0 %
== 19:50:13
Mem:         2063985      489551      895981        1218      694012     1574433
anon 25998 MB; file 211357 MB; shmem 0 MB; file_mapped 61 MB; unevictable 0 MB; 
memory.current 237461 MB
nr_periods 71824 nr_throttled 290 throttled_usec 6013042 
cpu.pressure some avg10=0.00 avg60=0.00 avg300=0.00 total=2264637; memory.pressure some avg10=0.00 avg60=0.00 avg300=0.00 total=66607902; io.pressure some avg10=0.00 avg60=0.00 avg300=0.00 total=589005
0 MiB, 0 %
== 19:50:33
Mem:         2063985      489520      896012        1218      694013     1574464
anon 25998 MB; file 211357 MB; shmem 0 MB; file_mapped 61 MB; unevictable 0 MB; 
memory.current 237462 MB
nr_periods 72025 nr_throttled 292 throttled_usec 6016726 
cpu.pressure some avg10=0.00 avg60=0.00 avg300=0.00 total=2266067; memory.pressure some avg10=0.00 avg60=0.00 avg300=0.00 total=66607902; io.pressure some avg10=0.00 avg60=0.00 avg300=0.00 total=589052
0 MiB, 0 %
== 19:50:53
Mem:         2063985      489584      895947        1218      694014     1574401
anon 25998 MB; file 211357 MB; shmem 0 MB; file_mapped 61 MB; unevictable 0 MB; 
memory.current 237462 MB
nr_periods 72226 nr_throttled 295 throttled_usec 6022141 
cpu.pressure some avg10=0.00 avg60=0.00 avg300=0.00 total=2267320; memory.pressure some avg10=0.00 avg60=0.00 avg300=0.00 total=66607902; io.pressure some avg10=0.00 avg60=0.00 avg300=0.00 total=589131
0 MiB, 0 %
== 19:51:13
Mem:         2063985      489568      895962        1218      694015     1574416
anon 25998 MB; file 211357 MB; shmem 0 MB; file_mapped 61 MB; unevictable 0 MB; 
memory.current 237461 MB
nr_periods 72427 nr_throttled 298 throttled_usec 6031317 
cpu.pressure some avg10=0.00 avg60=0.00 avg300=0.00 total=2270614; memory.pressure some avg10=0.00 avg60=0.00 avg300=0.00 total=66607902; io.pressure some avg10=0.00 avg60=0.00 avg300=0.00 total=589174
0 MiB, 0 %
== 19:51:34
Mem:         2063985      489671      895858        1218      694016     1574313
anon 25998 MB; file 211357 MB; shmem 0 MB; file_mapped 61 MB; unevictable 0 MB; 
memory.current 237461 MB
nr_periods 72628 nr_throttled 301 throttled_usec 6044833 
cpu.pressure some avg10=0.00 avg60=0.00 avg300=0.00 total=2273274; memory.pressure some avg10=0.00 avg60=0.00 avg300=0.00 total=66607902; io.pressure some avg10=0.00 avg60=0.00 avg300=0.00 total=589274
0 MiB, 0 %
== 19:51:54
Mem:         2063985      489572      895957        1218      694016     1574413
anon 25998 MB; file 211357 MB; shmem 0 MB; file_mapped 61 MB; unevictable 0 MB; 
memory.current 237461 MB
nr_periods 72831 nr_throttled 306 throttled_usec 6046807 
cpu.pressure some avg10=0.00 avg60=0.00 avg300=0.00 total=2275501; memory.pressure some avg10=0.00 avg60=0.00 avg300=0.00 total=66607902; io.pressure some avg10=0.00 avg60=0.00 avg300=0.00 total=589344
0 MiB, 0 %
== 19:52:14
Mem:         2063985      489646      895882        1218      694017     1574339
anon 25998 MB; file 211357 MB; shmem 0 MB; file_mapped 61 MB; unevictable 0 MB; 
memory.current 237462 MB
nr_periods 73032 nr_throttled 312 throttled_usec 6051012 
cpu.pressure some avg10=0.00 avg60=0.00 avg300=0.00 total=2277613; memory.pressure some avg10=0.00 avg60=0.00 avg300=0.00 total=66607902; io.pressure some avg10=0.00 avg60=0.00 avg300=0.00 total=589508
0 MiB, 0 %
== 19:52:34
Mem:         2063985      489658      895869        1218      694018     1574327
anon 25998 MB; file 211357 MB; shmem 0 MB; file_mapped 61 MB; unevictable 0 MB; 
memory.current 237461 MB
nr_periods 73233 nr_throttled 317 throttled_usec 6056414 
cpu.pressure some avg10=0.00 avg60=0.00 avg300=0.00 total=2278596; memory.pressure some avg10=0.00 avg60=0.00 avg300=0.00 total=66607902; io.pressure some avg10=0.00 avg60=0.00 avg300=0.00 total=589525
0 MiB, 0 %
== 19:52:54
Mem:         2063985      489586      895940        1218      694019     1574399
anon 25998 MB; file 211357 MB; shmem 0 MB; file_mapped 61 MB; unevictable 0 MB; 
memory.current 237461 MB
nr_periods 73434 nr_throttled 320 throttled_usec 6060729 
cpu.pressure some avg10=0.00 avg60=0.00 avg300=0.00 total=2280495; memory.pressure some avg10=0.00 avg60=0.00 avg300=0.00 total=66607902; io.pressure some avg10=0.00 avg60=0.00 avg300=0.00 total=589669
0 MiB, 0 %
== 19:53:14
Mem:         2063985      489615      895910        1218      694020     1574369
anon 25998 MB; file 211357 MB; shmem 0 MB; file_mapped 61 MB; unevictable 0 MB; 
memory.current 237462 MB
nr_periods 73635 nr_throttled 326 throttled_usec 6084788 
cpu.pressure some avg10=0.00 avg60=0.00 avg300=0.00 total=2282821; memory.pressure some avg10=0.00 avg60=0.00 avg300=0.00 total=66607902; io.pressure some avg10=0.00 avg60=0.00 avg300=0.00 total=589779
0 MiB, 0 %
== 19:53:34
Mem:         2063985      489608      895917        1218      694020     1574377
anon 25998 MB; file 211357 MB; shmem 0 MB; file_mapped 61 MB; unevictable 0 MB; 
memory.current 237462 MB
nr_periods 73836 nr_throttled 328 throttled_usec 6098147 
cpu.pressure some avg10=0.00 avg60=0.00 avg300=0.00 total=2284736; memory.pressure some avg10=0.00 avg60=0.00 avg300=0.00 total=66607902; io.pressure some avg10=0.00 avg60=0.00 avg300=0.00 total=589782
0 MiB, 0 %
== 19:53:54
Mem:         2063985      489578      895946        1218      694021     1574406
anon 25998 MB; file 211357 MB; shmem 0 MB; file_mapped 61 MB; unevictable 0 MB; 
memory.current 237462 MB
nr_periods 74037 nr_throttled 329 throttled_usec 6099196 
cpu.pressure some avg10=0.00 avg60=0.00 avg300=0.00 total=2286365; memory.pressure some avg10=0.00 avg60=0.00 avg300=0.00 total=66607902; io.pressure some avg10=0.00 avg60=0.00 avg300=0.00 total=589783
0 MiB, 0 %
== 19:54:15
Mem:         2063985      489658      895865        1218      694022     1574327
anon 25998 MB; file 211357 MB; shmem 0 MB; file_mapped 61 MB; unevictable 0 MB; 
memory.current 237461 MB
nr_periods 74238 nr_throttled 334 throttled_usec 6117029 
cpu.pressure some avg10=0.00 avg60=0.00 avg300=0.00 total=2287980; memory.pressure some avg10=0.00 avg60=0.00 avg300=0.00 total=66607902; io.pressure some avg10=0.00 avg60=0.00 avg300=0.00 total=589816
0 MiB, 0 %
== 19:54:35
Mem:         2063985      489651      895871        1218      694023     1574333
anon 25998 MB; file 211357 MB; shmem 0 MB; file_mapped 61 MB; unevictable 0 MB; 
memory.current 237462 MB
nr_periods 74439 nr_throttled 339 throttled_usec 6129993 
cpu.pressure some avg10=0.00 avg60=0.00 avg300=0.00 total=2290741; memory.pressure some avg10=0.00 avg60=0.00 avg300=0.00 total=66607902; io.pressure some avg10=0.00 avg60=0.00 avg300=0.00 total=589928
0 MiB, 0 %
== 19:54:55
Mem:         2063985      489623      895898        1218      694024     1574361
anon 25998 MB; file 211357 MB; shmem 0 MB; file_mapped 61 MB; unevictable 0 MB; 
memory.current 237462 MB
nr_periods 74640 nr_throttled 342 throttled_usec 6135330 
cpu.pressure some avg10=0.00 avg60=0.00 avg300=0.00 total=2293102; memory.pressure some avg10=0.00 avg60=0.00 avg300=0.00 total=66607902; io.pressure some avg10=0.00 avg60=0.00 avg300=0.00 total=590125
0 MiB, 0 %
== 19:55:15
Mem:         2063985      489618      895903        1218      694024     1574367
anon 25998 MB; file 211357 MB; shmem 0 MB; file_mapped 61 MB; unevictable 0 MB; 
memory.current 237461 MB
nr_periods 74841 nr_throttled 343 throttled_usec 6138522 
cpu.pressure some avg10=0.00 avg60=0.00 avg300=0.00 total=2295090; memory.pressure some avg10=0.00 avg60=0.00 avg300=0.00 total=66607902; io.pressure some avg10=0.00 avg60=0.00 avg300=0.00 total=590245
0 MiB, 0 %
== 19:55:35
Mem:         2063985      489571      895949        1218      694025     1574414
anon 25998 MB; file 211357 MB; shmem 0 MB; file_mapped 61 MB; unevictable 0 MB; 
memory.current 237463 MB
nr_periods 75042 nr_throttled 345 throttled_usec 6138704 
cpu.pressure some avg10=0.00 avg60=0.00 avg300=0.00 total=2296867; memory.pressure some avg10=0.00 avg60=0.00 avg300=0.00 total=66607902; io.pressure some avg10=0.00 avg60=0.00 avg300=0.00 total=590296
0 MiB, 0 %
== 19:55:55
Mem:         2063985      489616      895903        1218      694026     1574369
anon 25998 MB; file 211357 MB; shmem 0 MB; file_mapped 61 MB; unevictable 0 MB; 
memory.current 237463 MB
nr_periods 75243 nr_throttled 351 throttled_usec 6177430 
cpu.pressure some avg10=0.00 avg60=0.00 avg300=0.00 total=2299461; memory.pressure some avg10=0.00 avg60=0.00 avg300=0.00 total=66607902; io.pressure some avg10=0.00 avg60=0.00 avg300=0.00 total=590296
0 MiB, 0 %
== 19:56:15
Mem:         2063985      489565      895953        1218      694027     1574420
anon 25998 MB; file 211357 MB; shmem 0 MB; file_mapped 61 MB; unevictable 0 MB; 
memory.current 237462 MB
nr_periods 75444 nr_throttled 356 throttled_usec 6185841 
cpu.pressure some avg10=0.00 avg60=0.00 avg300=0.00 total=2301189; memory.pressure some avg10=0.00 avg60=0.00 avg300=0.00 total=66607902; io.pressure some avg10=0.00 avg60=0.00 avg300=0.00 total=590345
0 MiB, 0 %
== 19:56:35
Mem:         2063985      489559      895958        1218      694028     1574426
anon 25998 MB; file 211357 MB; shmem 0 MB; file_mapped 61 MB; unevictable 0 MB; 
memory.current 237462 MB
nr_periods 75645 nr_throttled 357 throttled_usec 6187951 
cpu.pressure some avg10=0.00 avg60=0.00 avg300=0.00 total=2302851; memory.pressure some avg10=0.00 avg60=0.00 avg300=0.00 total=66607902; io.pressure some avg10=0.00 avg60=0.00 avg300=0.00 total=590406
0 MiB, 0 %
== 19:56:55
Mem:         2063985      489514      896002        1218      694029     1574470
anon 26000 MB; file 211357 MB; shmem 0 MB; file_mapped 61 MB; unevictable 0 MB; 
memory.current 237465 MB
nr_periods 75846 nr_throttled 365 throttled_usec 6198918 
cpu.pressure some avg10=0.00 avg60=0.00 avg300=0.00 total=2304757; memory.pressure some avg10=0.00 avg60=0.00 avg300=0.00 total=66607902; io.pressure some avg10=0.00 avg60=0.00 avg300=0.00 total=590447
0 MiB, 0 %
== 19:57:15
Mem:         2063985      489566      895949        1218      694029     1574418
anon 25998 MB; file 211357 MB; shmem 0 MB; file_mapped 61 MB; unevictable 0 MB; 
memory.current 237462 MB
nr_periods 76047 nr_throttled 371 throttled_usec 6251039 
cpu.pressure some avg10=0.00 avg60=0.00 avg300=0.00 total=2309291; memory.pressure some avg10=0.00 avg60=0.00 avg300=0.00 total=66607902; io.pressure some avg10=0.00 avg60=0.00 avg300=0.00 total=590451
0 MiB, 0 %
== 19:57:36
Mem:         2063985      489504      896011        1218      694030     1574481
anon 25998 MB; file 211357 MB; shmem 0 MB; file_mapped 61 MB; unevictable 0 MB; 
memory.current 237462 MB
nr_periods 76248 nr_throttled 373 throttled_usec 6261759 
cpu.pressure some avg10=0.00 avg60=0.00 avg300=0.00 total=2310692; memory.pressure some avg10=0.00 avg60=0.00 avg300=0.00 total=66607902; io.pressure some avg10=0.00 avg60=0.00 avg300=0.00 total=590451
0 MiB, 0 %
== 19:57:56
Mem:         2063985      489538      895975        1218      694031     1574446
anon 25998 MB; file 211357 MB; shmem 0 MB; file_mapped 61 MB; unevictable 0 MB; 
memory.current 237462 MB
nr_periods 76449 nr_throttled 377 throttled_usec 6267046 
cpu.pressure some avg10=0.00 avg60=0.00 avg300=0.00 total=2312090; memory.pressure some avg10=0.00 avg60=0.00 avg300=0.00 total=66607902; io.pressure some avg10=0.00 avg60=0.00 avg300=0.00 total=590542
0 MiB, 0 %
== 19:58:16
Mem:         2063985      489565      895948        1218      694032     1574419
anon 25998 MB; file 211357 MB; shmem 0 MB; file_mapped 61 MB; unevictable 0 MB; 
memory.current 237461 MB
nr_periods 76650 nr_throttled 381 throttled_usec 6289096 
cpu.pressure some avg10=0.00 avg60=0.00 avg300=0.00 total=2315779; memory.pressure some avg10=0.00 avg60=0.00 avg300=0.00 total=66607902; io.pressure some avg10=0.00 avg60=0.00 avg300=0.00 total=590586
0 MiB, 0 %
== 19:58:36
Mem:         2063985      489535      895977        1218      694032     1574449
anon 25998 MB; file 211357 MB; shmem 0 MB; file_mapped 61 MB; unevictable 0 MB; 
memory.current 237462 MB
nr_periods 76851 nr_throttled 388 throttled_usec 6309430 
cpu.pressure some avg10=0.00 avg60=0.00 avg300=0.00 total=2318697; memory.pressure some avg10=0.00 avg60=0.00 avg300=0.00 total=66607902; io.pressure some avg10=0.00 avg60=0.00 avg300=0.00 total=590587
0 MiB, 0 %
== 19:58:56
Mem:         2063985      489468      896043        1218      694034     1574517
anon 25998 MB; file 211357 MB; shmem 0 MB; file_mapped 61 MB; unevictable 0 MB; 
memory.current 237461 MB
nr_periods 77052 nr_throttled 391 throttled_usec 6336292 
cpu.pressure some avg10=0.00 avg60=0.00 avg300=0.00 total=2321747; memory.pressure some avg10=0.00 avg60=0.00 avg300=0.00 total=66607902; io.pressure some avg10=0.00 avg60=0.00 avg300=0.00 total=590591
0 MiB, 0 %
== 19:59:16
Mem:         2063985      489520      895991        1218      694035     1574465
anon 25998 MB; file 211357 MB; shmem 0 MB; file_mapped 61 MB; unevictable 0 MB; 
memory.current 237462 MB
nr_periods 77253 nr_throttled 397 throttled_usec 6345873 
cpu.pressure some avg10=0.00 avg60=0.00 avg300=0.00 total=2323899; memory.pressure some avg10=0.00 avg60=0.00 avg300=0.00 total=66607902; io.pressure some avg10=0.00 avg60=0.00 avg300=0.00 total=590627
0 MiB, 0 %
== 19:59:36
Mem:         2063985      489524      895986        1218      694035     1574461
anon 25998 MB; file 211357 MB; shmem 0 MB; file_mapped 61 MB; unevictable 0 MB; 
memory.current 237463 MB
nr_periods 77454 nr_throttled 400 throttled_usec 6351238 
cpu.pressure some avg10=0.00 avg60=0.00 avg300=0.00 total=2325501; memory.pressure some avg10=0.00 avg60=0.00 avg300=0.00 total=66607902; io.pressure some avg10=0.00 avg60=0.00 avg300=0.00 total=590675
0 MiB, 0 %
== 19:59:56
Mem:         2063985      489525      895984        1218      694036     1574460
anon 25998 MB; file 211357 MB; shmem 0 MB; file_mapped 61 MB; unevictable 0 MB; 
memory.current 237462 MB
nr_periods 77655 nr_throttled 402 throttled_usec 6353212 
cpu.pressure some avg10=0.00 avg60=0.00 avg300=0.00 total=2327149; memory.pressure some avg10=0.00 avg60=0.00 avg300=0.00 total=66607902; io.pressure some avg10=0.00 avg60=0.00 avg300=0.00 total=590681
0 MiB, 0 %
== 20:00:16
Mem:         2063985      489794      895714        1218      694037     1574191
anon 25998 MB; file 211357 MB; shmem 0 MB; file_mapped 61 MB; unevictable 0 MB; 
memory.current 237462 MB
nr_periods 77856 nr_throttled 404 throttled_usec 6361294 
cpu.pressure some avg10=0.00 avg60=0.00 avg300=0.00 total=2328699; memory.pressure some avg10=0.00 avg60=0.00 avg300=0.00 total=66607902; io.pressure some avg10=0.00 avg60=0.00 avg300=0.00 total=590685
0 MiB, 0 %
== 20:00:36
Mem:         2063985      489738      895769        1218      694038     1574246
anon 26000 MB; file 211357 MB; shmem 0 MB; file_mapped 61 MB; unevictable 0 MB; 
memory.current 237464 MB
nr_periods 78057 nr_throttled 407 throttled_usec 6370291 
cpu.pressure some avg10=0.00 avg60=0.00 avg300=0.00 total=2330610; memory.pressure some avg10=0.00 avg60=0.00 avg300=0.00 total=66607902; io.pressure some avg10=0.00 avg60=0.00 avg300=0.00 total=590793
0 MiB, 0 %
== 20:00:57
Mem:         2063985      489735      895772        1218      694039     1574250
anon 25998 MB; file 211357 MB; shmem 0 MB; file_mapped 61 MB; unevictable 0 MB; 
memory.current 237462 MB
nr_periods 78258 nr_throttled 410 throttled_usec 6370943 
cpu.pressure some avg10=0.00 avg60=0.00 avg300=0.00 total=2332259; memory.pressure some avg10=0.00 avg60=0.00 avg300=0.00 total=66607902; io.pressure some avg10=0.00 avg60=0.00 avg300=0.00 total=590863
0 MiB, 0 %
== 20:01:17
Mem:         2063985      489749      895756        1218      694040     1574235
anon 25998 MB; file 211357 MB; shmem 0 MB; file_mapped 61 MB; unevictable 0 MB; 
memory.current 237462 MB
nr_periods 78459 nr_throttled 415 throttled_usec 6381751 
cpu.pressure some avg10=0.00 avg60=0.00 avg300=0.00 total=2333648; memory.pressure some avg10=0.00 avg60=0.00 avg300=0.00 total=66607902; io.pressure some avg10=0.00 avg60=0.00 avg300=0.00 total=590863
0 MiB, 0 %
== 20:01:37
Mem:         2063985      489752      895752        1218      694041     1574233
anon 26000 MB; file 211357 MB; shmem 0 MB; file_mapped 61 MB; unevictable 0 MB; 
memory.current 237464 MB
nr_periods 78660 nr_throttled 418 throttled_usec 6392039 
cpu.pressure some avg10=0.00 avg60=0.00 avg300=0.00 total=2336382; memory.pressure some avg10=0.00 avg60=0.00 avg300=0.00 total=66607902; io.pressure some avg10=0.00 avg60=0.00 avg300=0.00 total=590886
0 MiB, 0 %
== 20:01:57
Mem:         2063985      489670      895834        1218      694041     1574314
anon 25998 MB; file 211357 MB; shmem 0 MB; file_mapped 61 MB; unevictable 0 MB; 
memory.current 237462 MB
nr_periods 78861 nr_throttled 421 throttled_usec 6396376 
cpu.pressure some avg10=0.00 avg60=0.00 avg300=0.00 total=2338741; memory.pressure some avg10=0.00 avg60=0.00 avg300=0.00 total=66607902; io.pressure some avg10=0.00 avg60=0.00 avg300=0.00 total=591144
0 MiB, 0 %
== 20:02:17
Mem:         2063985      489653      895850        1218      694042     1574331
anon 25998 MB; file 211357 MB; shmem 0 MB; file_mapped 61 MB; unevictable 0 MB; 
memory.current 237462 MB
nr_periods 79062 nr_throttled 423 throttled_usec 6399526 
cpu.pressure some avg10=0.00 avg60=0.00 avg300=0.00 total=2340815; memory.pressure some avg10=0.00 avg60=0.00 avg300=0.00 total=66607902; io.pressure some avg10=0.00 avg60=0.00 avg300=0.00 total=591280
0 MiB, 0 %
== 20:02:37
Mem:         2063985      489647      895855        1218      694043     1574337
anon 26001 MB; file 211357 MB; shmem 0 MB; file_mapped 61 MB; unevictable 0 MB; 
memory.current 237467 MB
nr_periods 79263 nr_throttled 426 throttled_usec 6409493 
cpu.pressure some avg10=0.00 avg60=0.00 avg300=0.00 total=2343543; memory.pressure some avg10=0.00 avg60=0.00 avg300=0.00 total=66607902; io.pressure some avg10=0.00 avg60=0.00 avg300=0.00 total=591817
0 MiB, 0 %
== 20:02:57
Mem:         2063985      489582      895919        1218      694044     1574402
anon 26001 MB; file 211357 MB; shmem 0 MB; file_mapped 61 MB; unevictable 0 MB; 
memory.current 237467 MB
nr_periods 79464 nr_throttled 431 throttled_usec 6445547 
cpu.pressure some avg10=0.00 avg60=0.00 avg300=0.00 total=2346019; memory.pressure some avg10=0.00 avg60=0.00 avg300=0.00 total=66607902; io.pressure some avg10=0.00 avg60=0.00 avg300=0.00 total=591840
0 MiB, 0 %
== 20:03:17
Mem:         2063985      489585      895915        1218      694044     1574399
anon 26001 MB; file 211357 MB; shmem 0 MB; file_mapped 61 MB; unevictable 0 MB; 
memory.current 237468 MB
nr_periods 79665 nr_throttled 436 throttled_usec 6465062 
cpu.pressure some avg10=0.00 avg60=0.00 avg300=0.00 total=2348240; memory.pressure some avg10=0.00 avg60=0.00 avg300=0.00 total=66607902; io.pressure some avg10=0.00 avg60=0.00 avg300=0.00 total=591842
0 MiB, 0 %
== 20:03:37
Mem:         2063985      489600      895900        1218      694045     1574384
anon 26001 MB; file 211357 MB; shmem 0 MB; file_mapped 61 MB; unevictable 0 MB; 
memory.current 237467 MB
nr_periods 79866 nr_throttled 437 throttled_usec 6466089 
cpu.pressure some avg10=0.00 avg60=0.00 avg300=0.00 total=2349571; memory.pressure some avg10=0.00 avg60=0.00 avg300=0.00 total=66607902; io.pressure some avg10=0.00 avg60=0.00 avg300=0.00 total=591847
0 MiB, 0 %
== 20:03:57
Mem:         2063985      489629      895870        1218      694046     1574356
anon 26001 MB; file 211357 MB; shmem 0 MB; file_mapped 61 MB; unevictable 0 MB; 
memory.current 237468 MB
nr_periods 80067 nr_throttled 441 throttled_usec 6475072 
cpu.pressure some avg10=0.00 avg60=0.00 avg300=0.00 total=2351169; memory.pressure some avg10=0.00 avg60=0.00 avg300=0.00 total=66607902; io.pressure some avg10=0.00 avg60=0.00 avg300=0.00 total=591905
0 MiB, 0 %
== 20:04:18
Mem:         2063985      489626      895872        1218      694047     1574358
anon 26001 MB; file 211357 MB; shmem 0 MB; file_mapped 61 MB; unevictable 0 MB; 
memory.current 237468 MB
nr_periods 80268 nr_throttled 445 throttled_usec 6480378 
cpu.pressure some avg10=0.00 avg60=0.00 avg300=0.00 total=2353368; memory.pressure some avg10=0.00 avg60=0.00 avg300=0.00 total=66607902; io.pressure some avg10=0.00 avg60=0.00 avg300=0.00 total=592022
0 MiB, 0 %
== 20:04:38
Mem:         2063985      489632      895866        1218      694048     1574353
anon 26001 MB; file 211357 MB; shmem 0 MB; file_mapped 61 MB; unevictable 0 MB; 
memory.current 237468 MB
nr_periods 80469 nr_throttled 447 throttled_usec 6497791 
cpu.pressure some avg10=0.00 avg60=0.00 avg300=0.00 total=2355335; memory.pressure some avg10=0.00 avg60=0.00 avg300=0.00 total=66607902; io.pressure some avg10=0.00 avg60=0.00 avg300=0.00 total=592076
0 MiB, 0 %
== 20:04:58
Mem:         2063985      489651      895846        1218      694048     1574334
anon 26001 MB; file 211357 MB; shmem 0 MB; file_mapped 61 MB; unevictable 0 MB; 
memory.current 237468 MB
nr_periods 80670 nr_throttled 451 throttled_usec 6505561 
cpu.pressure some avg10=0.00 avg60=0.00 avg300=0.00 total=2356545; memory.pressure some avg10=0.00 avg60=0.00 avg300=0.00 total=66607902; io.pressure some avg10=0.00 avg60=0.00 avg300=0.00 total=592150
0 MiB, 0 %
== 20:05:18
Mem:         2063985      489636      895860        1218      694050     1574349
anon 26001 MB; file 211357 MB; shmem 0 MB; file_mapped 61 MB; unevictable 0 MB; 
memory.current 237468 MB
nr_periods 80871 nr_throttled 455 throttled_usec 6514984 
cpu.pressure some avg10=0.00 avg60=0.00 avg300=0.00 total=2359611; memory.pressure some avg10=0.00 avg60=0.00 avg300=0.00 total=66607902; io.pressure some avg10=0.00 avg60=0.00 avg300=0.00 total=592154
0 MiB, 0 %
== 20:05:38
Mem:         2063985      489585      895909        1218      694051     1574399
anon 26001 MB; file 211357 MB; shmem 0 MB; file_mapped 61 MB; unevictable 0 MB; 
memory.current 237468 MB
nr_periods 81072 nr_throttled 458 throttled_usec 6523221 
cpu.pressure some avg10=0.00 avg60=0.00 avg300=0.00 total=2362354; memory.pressure some avg10=0.00 avg60=0.00 avg300=0.00 total=66607902; io.pressure some avg10=0.00 avg60=0.00 avg300=0.00 total=592751
0 MiB, 0 %
== 20:05:58
Mem:         2063985      489624      895870        1218      694051     1574361
anon 26003 MB; file 211357 MB; shmem 0 MB; file_mapped 61 MB; unevictable 0 MB; 
memory.current 237470 MB
nr_periods 81273 nr_throttled 462 throttled_usec 6539391 
cpu.pressure some avg10=0.00 avg60=0.00 avg300=0.00 total=2365499; memory.pressure some avg10=0.00 avg60=0.00 avg300=0.00 total=66607902; io.pressure some avg10=0.00 avg60=0.00 avg300=0.00 total=592898
0 MiB, 0 %
== 20:06:18
Mem:         2063985      489641      895852        1218      694052     1574344
anon 26001 MB; file 211357 MB; shmem 0 MB; file_mapped 61 MB; unevictable 0 MB; 
memory.current 237468 MB
nr_periods 81474 nr_throttled 466 throttled_usec 6545664 
cpu.pressure some avg10=0.00 avg60=0.00 avg300=0.00 total=2367621; memory.pressure some avg10=0.00 avg60=0.00 avg300=0.00 total=66607902; io.pressure some avg10=0.00 avg60=0.00 avg300=0.00 total=592958
0 MiB, 0 %
== 20:06:38
Mem:         2063985      489672      895820        1218      694053     1574313
anon 26003 MB; file 211357 MB; shmem 0 MB; file_mapped 61 MB; unevictable 0 MB; 
memory.current 237469 MB
nr_periods 81675 nr_throttled 471 throttled_usec 6568926 
cpu.pressure some avg10=0.00 avg60=0.00 avg300=0.00 total=2369728; memory.pressure some avg10=0.00 avg60=0.00 avg300=0.00 total=66607902; io.pressure some avg10=0.00 avg60=0.00 avg300=0.00 total=593136
0 MiB, 0 %
== 20:06:58
Mem:         2063985      489634      895858        1218      694054     1574351
anon 26003 MB; file 211357 MB; shmem 0 MB; file_mapped 61 MB; unevictable 0 MB; 
memory.current 237469 MB
nr_periods 81876 nr_throttled 474 throttled_usec 6581391 
cpu.pressure some avg10=0.00 avg60=0.00 avg300=0.00 total=2371898; memory.pressure some avg10=0.00 avg60=0.00 avg300=0.00 total=66607902; io.pressure some avg10=0.00 avg60=0.00 avg300=0.00 total=593136
0 MiB, 0 %
== 20:07:18
Mem:         2063985      489596      895895        1218      694055     1574389
anon 26003 MB; file 211357 MB; shmem 0 MB; file_mapped 61 MB; unevictable 0 MB; 
memory.current 237470 MB
nr_periods 82077 nr_throttled 481 throttled_usec 6598959 
cpu.pressure some avg10=0.00 avg60=0.00 avg300=0.00 total=2373951; memory.pressure some avg10=0.00 avg60=0.00 avg300=0.00 total=66607902; io.pressure some avg10=0.00 avg60=0.00 avg300=0.00 total=593209
0 MiB, 0 %
== 20:07:39
Mem:         2063985      489575      895915        1218      694056     1574410
anon 26003 MB; file 211357 MB; shmem 0 MB; file_mapped 61 MB; unevictable 0 MB; 
memory.current 237469 MB
nr_periods 82278 nr_throttled 488 throttled_usec 6606772 
cpu.pressure some avg10=0.00 avg60=0.00 avg300=0.00 total=2376124; memory.pressure some avg10=0.00 avg60=0.00 avg300=0.00 total=66607902; io.pressure some avg10=0.00 avg60=0.00 avg300=0.00 total=593349
0 MiB, 0 %
== 20:07:59
Mem:         2063985      489563      895926        1218      694056     1574421
anon 26003 MB; file 211357 MB; shmem 0 MB; file_mapped 61 MB; unevictable 0 MB; 
memory.current 237470 MB
nr_periods 82479 nr_throttled 488 throttled_usec 6606772 
cpu.pressure some avg10=0.00 avg60=0.00 avg300=0.00 total=2377964; memory.pressure some avg10=0.00 avg60=0.00 avg300=0.00 total=66607902; io.pressure some avg10=0.00 avg60=0.00 avg300=0.00 total=593394
0 MiB, 0 %
== 20:08:19
Mem:         2063985      489556      895932        1218      694057     1574429
anon 26003 MB; file 211357 MB; shmem 0 MB; file_mapped 61 MB; unevictable 0 MB; 
memory.current 237470 MB
nr_periods 82680 nr_throttled 492 throttled_usec 6633129 
cpu.pressure some avg10=0.00 avg60=0.00 avg300=0.00 total=2380063; memory.pressure some avg10=0.00 avg60=0.00 avg300=0.00 total=66607902; io.pressure some avg10=0.00 avg60=0.00 avg300=0.00 total=593478
0 MiB, 0 %
== 20:08:39
Mem:         2063985      489572      895915        1218      694058     1574412
anon 26005 MB; file 211357 MB; shmem 0 MB; file_mapped 61 MB; unevictable 0 MB; 
memory.current 237472 MB
nr_periods 82881 nr_throttled 497 throttled_usec 6661487 
cpu.pressure some avg10=0.00 avg60=0.00 avg300=0.00 total=2383352; memory.pressure some avg10=0.00 avg60=0.00 avg300=0.00 total=66607902; io.pressure some avg10=0.00 avg60=0.00 avg300=0.00 total=593553
0 MiB, 0 %
== 20:08:59
Mem:         2063985      489530      895956        1218      694059     1574454
anon 26003 MB; file 211357 MB; shmem 0 MB; file_mapped 61 MB; unevictable 0 MB; 
memory.current 237470 MB
nr_periods 83082 nr_throttled 497 throttled_usec 6661487 
cpu.pressure some avg10=0.00 avg60=0.00 avg300=0.00 total=2385667; memory.pressure some avg10=0.00 avg60=0.00 avg300=0.00 total=66607902; io.pressure some avg10=0.00 avg60=0.00 avg300=0.00 total=593806
0 MiB, 0 %
== 20:09:19
Mem:         2063985      489512      895971        1218      694062     1574472
anon 26003 MB; file 211357 MB; shmem 0 MB; file_mapped 61 MB; unevictable 0 MB; 
memory.current 237469 MB
nr_periods 83283 nr_throttled 500 throttled_usec 6665992 
cpu.pressure some avg10=0.00 avg60=0.00 avg300=0.00 total=2387846; memory.pressure some avg10=0.00 avg60=0.00 avg300=0.00 total=66607902; io.pressure some avg10=0.00 avg60=0.00 avg300=0.00 total=593993
0 MiB, 0 %
== 20:09:39
Mem:         2063985      489554      895931        1218      694061     1574431
anon 26003 MB; file 211357 MB; shmem 0 MB; file_mapped 61 MB; unevictable 0 MB; 
memory.current 237470 MB
nr_periods 83484 nr_throttled 504 throttled_usec 6670158 
cpu.pressure some avg10=0.00 avg60=0.00 avg300=0.00 total=2389968; memory.pressure some avg10=0.00 avg60=0.00 avg300=0.00 total=66607902; io.pressure some avg10=0.00 avg60=0.00 avg300=0.00 total=593993
0 MiB, 0 %
== 20:09:59
Mem:         2063985      489518      895966        1218      694061     1574467
anon 26003 MB; file 211357 MB; shmem 0 MB; file_mapped 61 MB; unevictable 0 MB; 
memory.current 237470 MB
nr_periods 83685 nr_throttled 509 throttled_usec 6686969 
cpu.pressure some avg10=0.00 avg60=0.00 avg300=0.00 total=2391563; memory.pressure some avg10=0.00 avg60=0.00 avg300=0.00 total=66607902; io.pressure some avg10=0.00 avg60=0.00 avg300=0.00 total=594030
0 MiB, 0 %
== 20:10:19
Mem:         2063985      489528      895955        1218      694062     1574457
anon 26003 MB; file 211357 MB; shmem 0 MB; file_mapped 61 MB; unevictable 0 MB; 
memory.current 237470 MB
nr_periods 83886 nr_throttled 518 throttled_usec 6702852 
cpu.pressure some avg10=0.00 avg60=0.00 avg300=0.00 total=2393781; memory.pressure some avg10=0.00 avg60=0.00 avg300=0.00 total=66607902; io.pressure some avg10=0.00 avg60=0.00 avg300=0.00 total=594167
0 MiB, 0 %
== 20:10:39
Mem:         2063985      489541      895939        1218      694066     1574443
anon 26003 MB; file 211357 MB; shmem 0 MB; file_mapped 61 MB; unevictable 0 MB; 
memory.current 237469 MB
nr_periods 84087 nr_throttled 523 throttled_usec 6720378 
cpu.pressure some avg10=0.00 avg60=0.00 avg300=0.00 total=2396347; memory.pressure some avg10=0.00 avg60=0.00 avg300=0.00 total=66607902; io.pressure some avg10=0.00 avg60=0.00 avg300=0.00 total=594202
0 MiB, 0 %
== 20:11:00
Mem:         2063985      489582      895900        1218      694064     1574403
anon 26003 MB; file 211357 MB; shmem 0 MB; file_mapped 61 MB; unevictable 0 MB; 
memory.current 237470 MB
nr_periods 84288 nr_throttled 531 throttled_usec 6747825 
cpu.pressure some avg10=0.00 avg60=0.00 avg300=0.00 total=2398783; memory.pressure some avg10=0.00 avg60=0.00 avg300=0.00 total=66607902; io.pressure some avg10=0.00 avg60=0.00 avg300=0.00 total=594235
0 MiB, 0 %
== 20:11:20
Mem:         2063985      489514      895966        1218      694065     1574470
anon 26003 MB; file 211357 MB; shmem 0 MB; file_mapped 61 MB; unevictable 0 MB; 
memory.current 237470 MB
nr_periods 84489 nr_throttled 533 throttled_usec 6766566 
cpu.pressure some avg10=0.00 avg60=0.00 avg300=0.00 total=2402057; memory.pressure some avg10=0.00 avg60=0.00 avg300=0.00 total=66607902; io.pressure some avg10=0.00 avg60=0.00 avg300=0.00 total=594318
0 MiB, 0 %
== 20:11:40
Mem:         2063985      489525      895955        1218      694065     1574459
anon 26003 MB; file 211357 MB; shmem 0 MB; file_mapped 61 MB; unevictable 0 MB; 
memory.current 237470 MB
nr_periods 84690 nr_throttled 536 throttled_usec 6778612 
cpu.pressure some avg10=0.00 avg60=0.00 avg300=0.00 total=2403829; memory.pressure some avg10=0.00 avg60=0.00 avg300=0.00 total=66607902; io.pressure some avg10=0.00 avg60=0.00 avg300=0.00 total=594360
0 MiB, 0 %
== 20:12:00
Mem:         2063985      489513      895966        1218      694066     1574471
anon 26003 MB; file 211357 MB; shmem 0 MB; file_mapped 61 MB; unevictable 0 MB; 
memory.current 237469 MB
nr_periods 84891 nr_throttled 545 throttled_usec 6798548 
cpu.pressure some avg10=0.00 avg60=0.00 avg300=0.00 total=2405838; memory.pressure some avg10=0.00 avg60=0.00 avg300=0.00 total=66607902; io.pressure some avg10=0.00 avg60=0.00 avg300=0.00 total=594630
0 MiB, 0 %
== 20:12:20
Mem:         2063985      489557      895921        1218      694067     1574427
anon 26003 MB; file 211357 MB; shmem 0 MB; file_mapped 61 MB; unevictable 0 MB; 
memory.current 237470 MB
nr_periods 85092 nr_throttled 547 throttled_usec 6803582 
cpu.pressure some avg10=0.00 avg60=0.00 avg300=0.00 total=2408673; memory.pressure some avg10=0.00 avg60=0.00 avg300=0.00 total=66607902; io.pressure some avg10=0.00 avg60=0.00 avg300=0.00 total=594630
0 MiB, 0 %
== 20:12:40
Mem:         2063985      489542      895936        1218      694068     1574443
anon 26003 MB; file 211357 MB; shmem 0 MB; file_mapped 61 MB; unevictable 0 MB; 
memory.current 237471 MB
nr_periods 85293 nr_throttled 554 throttled_usec 6852105 
cpu.pressure some avg10=0.00 avg60=0.00 avg300=0.00 total=2412862; memory.pressure some avg10=0.00 avg60=0.00 avg300=0.00 total=66607902; io.pressure some avg10=0.00 avg60=0.00 avg300=0.00 total=594767
0 MiB, 0 %
== 20:13:00
Mem:         2063985      489517      895960        1218      694069     1574468
anon 26003 MB; file 211357 MB; shmem 0 MB; file_mapped 61 MB; unevictable 0 MB; 
memory.current 237471 MB
nr_periods 85494 nr_throttled 557 throttled_usec 6865739 
cpu.pressure some avg10=0.00 avg60=0.00 avg300=0.00 total=2415408; memory.pressure some avg10=0.00 avg60=0.00 avg300=0.00 total=66607902; io.pressure some avg10=0.00 avg60=0.00 avg300=0.00 total=594875
0 MiB, 0 %
== 20:13:20
Mem:         2063985      489468      896007        1218      694070     1574516
anon 26004 MB; file 211357 MB; shmem 0 MB; file_mapped 61 MB; unevictable 0 MB; 
memory.current 237471 MB
nr_periods 85695 nr_throttled 559 throttled_usec 6867715 
cpu.pressure some avg10=0.00 avg60=0.00 avg300=0.00 total=2417714; memory.pressure some avg10=0.00 avg60=0.00 avg300=0.00 total=66607902; io.pressure some avg10=0.00 avg60=0.00 avg300=0.00 total=594881
0 MiB, 0 %
== 20:13:40
Mem:         2063985      489534      895941        1218      694071     1574451
anon 26003 MB; file 211357 MB; shmem 0 MB; file_mapped 61 MB; unevictable 0 MB; 
memory.current 237471 MB
nr_periods 85896 nr_throttled 564 throttled_usec 6880360 
cpu.pressure some avg10=0.00 avg60=0.00 avg300=0.00 total=2419183; memory.pressure some avg10=0.00 avg60=0.00 avg300=0.00 total=66607902; io.pressure some avg10=0.00 avg60=0.00 avg300=0.00 total=594881
0 MiB, 0 %
== 20:14:00
Mem:         2063985      489521      895953        1218      694071     1574463
anon 26005 MB; file 211357 MB; shmem 0 MB; file_mapped 61 MB; unevictable 0 MB; 
memory.current 237472 MB
nr_periods 86097 nr_throttled 569 throttled_usec 6899066 
cpu.pressure some avg10=0.00 avg60=0.00 avg300=0.00 total=2422282; memory.pressure some avg10=0.00 avg60=0.00 avg300=0.00 total=66607902; io.pressure some avg10=0.00 avg60=0.00 avg300=0.00 total=595032
0 MiB, 0 %
== 20:14:21
Mem:         2063985      489558      895915        1218      694072     1574427
anon 26003 MB; file 211357 MB; shmem 0 MB; file_mapped 61 MB; unevictable 0 MB; 
memory.current 237472 MB
nr_periods 86298 nr_throttled 573 throttled_usec 6934541 
cpu.pressure some avg10=0.00 avg60=0.00 avg300=0.00 total=2425206; memory.pressure some avg10=0.00 avg60=0.00 avg300=0.00 total=66607902; io.pressure some avg10=0.00 avg60=0.00 avg300=0.00 total=595116
0 MiB, 0 %
== 20:14:41
Mem:         2063985      489617      895855        1218      694073     1574367
anon 26003 MB; file 211357 MB; shmem 0 MB; file_mapped 61 MB; unevictable 0 MB; 
memory.current 237470 MB
nr_periods 86499 nr_throttled 579 throttled_usec 6951139 
cpu.pressure some avg10=0.00 avg60=0.00 avg300=0.00 total=2427609; memory.pressure some avg10=0.00 avg60=0.00 avg300=0.00 total=66607902; io.pressure some avg10=0.00 avg60=0.00 avg300=0.00 total=595237
0 MiB, 0 %
== 20:15:01
Mem:         2063985      489564      895908        1218      694074     1574420
anon 26003 MB; file 211357 MB; shmem 0 MB; file_mapped 61 MB; unevictable 0 MB; 
memory.current 237471 MB
nr_periods 86700 nr_throttled 579 throttled_usec 6951139 
cpu.pressure some avg10=0.00 avg60=0.00 avg300=0.00 total=2429404; memory.pressure some avg10=0.00 avg60=0.00 avg300=0.00 total=66607902; io.pressure some avg10=0.00 avg60=0.00 avg300=0.00 total=595314
0 MiB, 0 %
== 20:15:21
Mem:         2063985      489678      895793        1218      694074     1574306
anon 26003 MB; file 211357 MB; shmem 0 MB; file_mapped 61 MB; unevictable 0 MB; 
memory.current 237470 MB
nr_periods 86901 nr_throttled 583 throttled_usec 6956697 
cpu.pressure some avg10=0.00 avg60=0.00 avg300=0.00 total=2430669; memory.pressure some avg10=0.00 avg60=0.00 avg300=0.00 total=66607902; io.pressure some avg10=0.00 avg60=0.00 avg300=0.00 total=595323
0 MiB, 0 %
== 20:15:41
Mem:         2063985      489624      895847        1218      694075     1574361
anon 26003 MB; file 211357 MB; shmem 0 MB; file_mapped 61 MB; unevictable 0 MB; 
memory.current 237470 MB
nr_periods 87102 nr_throttled 591 throttled_usec 6978450 
cpu.pressure some avg10=0.00 avg60=0.00 avg300=0.00 total=2434378; memory.pressure some avg10=0.00 avg60=0.00 avg300=0.00 total=66607902; io.pressure some avg10=0.00 avg60=0.00 avg300=0.00 total=595390
0 MiB, 0 %
== 20:16:01
Mem:         2063985      489633      895836        1218      694076     1574351
anon 26003 MB; file 211357 MB; shmem 0 MB; file_mapped 61 MB; unevictable 0 MB; 
memory.current 237470 MB
nr_periods 87303 nr_throttled 597 throttled_usec 6995542 
cpu.pressure some avg10=0.00 avg60=0.00 avg300=0.00 total=2437180; memory.pressure some avg10=0.00 avg60=0.00 avg300=0.00 total=66607902; io.pressure some avg10=0.00 avg60=0.00 avg300=0.00 total=595450
0 MiB, 0 %
== 20:16:21
Mem:         2063985      488077      897375        1197      694056     1575908
anon 26003 MB; file 211357 MB; shmem 0 MB; file_mapped 1 MB; unevictable 0 MB; 
memory.current 237471 MB
nr_periods 87504 nr_throttled 600 throttled_usec 6999503 
cpu.pressure some avg10=0.00 avg60=0.00 avg300=0.00 total=2439372; memory.pressure some avg10=0.00 avg60=0.00 avg300=0.00 total=66607902; io.pressure some avg10=0.00 avg60=0.00 avg300=0.00 total=595636
0 MiB, 0 %
== 20:16:41
Mem:         2063985      489551      895903        1218      694091     1574433
anon 26003 MB; file 211357 MB; shmem 0 MB; file_mapped 64 MB; unevictable 0 MB; 
memory.current 237471 MB
nr_periods 87705 nr_throttled 600 throttled_usec 6999503 
cpu.pressure some avg10=0.00 avg60=0.00 avg300=0.00 total=2441485; memory.pressure some avg10=0.00 avg60=0.00 avg300=0.00 total=66607902; io.pressure some avg10=0.00 avg60=0.00 avg300=0.00 total=595745
0 MiB, 0 %
== 20:17:01
Mem:         2063985      489773      895681        1218      694092     1574211
anon 26003 MB; file 211357 MB; shmem 0 MB; file_mapped 65 MB; unevictable 0 MB; 
memory.current 237470 MB
nr_periods 87906 nr_throttled 604 throttled_usec 7011050 
cpu.pressure some avg10=0.00 avg60=0.00 avg300=0.00 total=2443134; memory.pressure some avg10=0.00 avg60=0.00 avg300=0.00 total=66607902; io.pressure some avg10=0.00 avg60=0.00 avg300=0.00 total=595747
0 MiB, 0 %
== 20:17:21
Mem:         2063985      489762      895691        1218      694092     1574222
anon 26005 MB; file 211357 MB; shmem 0 MB; file_mapped 65 MB; unevictable 0 MB; 
memory.current 237472 MB
nr_periods 88107 nr_throttled 609 throttled_usec 7032698 
cpu.pressure some avg10=0.00 avg60=0.00 avg300=0.00 total=2445809; memory.pressure some avg10=0.00 avg60=0.00 avg300=0.00 total=66607902; io.pressure some avg10=0.00 avg60=0.00 avg300=0.00 total=595747
0 MiB, 0 %
== 20:17:42
Mem:         2063985      489741      895711        1218      694093     1574243
anon 26003 MB; file 211357 MB; shmem 0 MB; file_mapped 65 MB; unevictable 0 MB; 
memory.current 237470 MB
nr_periods 88308 nr_throttled 609 throttled_usec 7032698 
cpu.pressure some avg10=0.00 avg60=0.00 avg300=0.00 total=2447988; memory.pressure some avg10=0.00 avg60=0.00 avg300=0.00 total=66607902; io.pressure some avg10=0.00 avg60=0.00 avg300=0.00 total=595937
0 MiB, 0 %
== 20:18:02
Mem:         2063985      489760      895691        1218      694094     1574224
anon 26003 MB; file 211357 MB; shmem 0 MB; file_mapped 65 MB; unevictable 0 MB; 
memory.current 237468 MB
nr_periods 88509 nr_throttled 613 throttled_usec 7041175 
cpu.pressure some avg10=0.00 avg60=0.00 avg300=0.00 total=2449752; memory.pressure some avg10=0.00 avg60=0.00 avg300=0.00 total=66607902; io.pressure some avg10=0.00 avg60=0.00 avg300=0.00 total=595956
0 MiB, 0 %
== 20:18:22
Mem:         2063985      489740      895711        1218      694095     1574245
anon 26003 MB; file 211357 MB; shmem 0 MB; file_mapped 65 MB; unevictable 0 MB; 
memory.current 237470 MB
nr_periods 88710 nr_throttled 618 throttled_usec 7051610 
cpu.pressure some avg10=0.00 avg60=0.00 avg300=0.00 total=2452997; memory.pressure some avg10=0.00 avg60=0.00 avg300=0.00 total=66607902; io.pressure some avg10=0.00 avg60=0.00 avg300=0.00 total=596043
0 MiB, 0 %
== 20:18:42
Mem:         2063985      489707      895742        1218      694096     1574277
anon 26003 MB; file 211357 MB; shmem 0 MB; file_mapped 65 MB; unevictable 0 MB; 
memory.current 237470 MB
nr_periods 88911 nr_throttled 619 throttled_usec 7052636 
cpu.pressure some avg10=0.00 avg60=0.00 avg300=0.00 total=2453848; memory.pressure some avg10=0.00 avg60=0.00 avg300=0.00 total=66607902; io.pressure some avg10=0.00 avg60=0.00 avg300=0.00 total=596043
0 MiB, 0 %
== 20:19:02
Mem:         2063985      489726      895723        1218      694097     1574259
anon 26004 MB; file 211357 MB; shmem 0 MB; file_mapped 65 MB; unevictable 0 MB; 
memory.current 237470 MB
nr_periods 89112 nr_throttled 623 throttled_usec 7070988 
cpu.pressure some avg10=0.00 avg60=0.00 avg300=0.00 total=2456122; memory.pressure some avg10=0.00 avg60=0.00 avg300=0.00 total=66607902; io.pressure some avg10=0.00 avg60=0.00 avg300=0.00 total=596144
0 MiB, 0 %
== 20:19:22
Mem:         2063985      489743      895705        1218      694098     1574241
anon 26003 MB; file 211357 MB; shmem 0 MB; file_mapped 65 MB; unevictable 0 MB; 
memory.current 237469 MB
nr_periods 89313 nr_throttled 627 throttled_usec 7078184 
cpu.pressure some avg10=0.00 avg60=0.00 avg300=0.00 total=2459595; memory.pressure some avg10=0.00 avg60=0.00 avg300=0.00 total=66607902; io.pressure some avg10=0.00 avg60=0.00 avg300=0.00 total=596324
0 MiB, 0 %
== 20:19:42
Mem:         2063985      489764      895683        1218      694099     1574221
anon 26003 MB; file 211357 MB; shmem 0 MB; file_mapped 65 MB; unevictable 0 MB; 
memory.current 237469 MB
nr_periods 89514 nr_throttled 631 throttled_usec 7096596 
cpu.pressure some avg10=0.00 avg60=0.00 avg300=0.00 total=2463248; memory.pressure some avg10=0.00 avg60=0.00 avg300=0.00 total=66607902; io.pressure some avg10=0.00 avg60=0.00 avg300=0.00 total=596468
0 MiB, 0 %
== 20:20:02
Mem:         2063985      489813      895633        1218      694099     1574172
anon 26005 MB; file 211357 MB; shmem 0 MB; file_mapped 65 MB; unevictable 0 MB; 
memory.current 237472 MB
nr_periods 89715 nr_throttled 634 throttled_usec 7105619 
cpu.pressure some avg10=0.00 avg60=0.00 avg300=0.00 total=2465864; memory.pressure some avg10=0.00 avg60=0.00 avg300=0.00 total=66607902; io.pressure some avg10=0.00 avg60=0.00 avg300=0.00 total=596555
0 MiB, 0 %
== 20:20:22
Mem:         2063985      489780      895665        1218      694100     1574204
anon 26003 MB; file 211357 MB; shmem 0 MB; file_mapped 65 MB; unevictable 0 MB; 
memory.current 237471 MB
nr_periods 89916 nr_throttled 637 throttled_usec 7123007 
cpu.pressure some avg10=0.00 avg60=0.00 avg300=0.00 total=2468675; memory.pressure some avg10=0.00 avg60=0.00 avg300=0.00 total=66607902; io.pressure some avg10=0.00 avg60=0.00 avg300=0.00 total=596555
0 MiB, 0 %
== 20:20:42
Mem:         2063985      489760      895684        1218      694101     1574224
anon 26003 MB; file 211357 MB; shmem 0 MB; file_mapped 65 MB; unevictable 0 MB; 
memory.current 237469 MB
nr_periods 90117 nr_throttled 643 throttled_usec 7139763 
cpu.pressure some avg10=0.00 avg60=0.00 avg300=0.00 total=2470205; memory.pressure some avg10=0.00 avg60=0.00 avg300=0.00 total=66607902; io.pressure some avg10=0.00 avg60=0.00 avg300=0.00 total=596555
0 MiB, 0 %
== 20:21:03
Mem:         2063985      489702      895742        1218      694102     1574283
anon 26003 MB; file 211357 MB; shmem 0 MB; file_mapped 65 MB; unevictable 0 MB; 
memory.current 237469 MB
nr_periods 90318 nr_throttled 649 throttled_usec 7176439 
cpu.pressure some avg10=0.00 avg60=0.00 avg300=0.00 total=2473478; memory.pressure some avg10=0.00 avg60=0.00 avg300=0.00 total=66607902; io.pressure some avg10=0.00 avg60=0.00 avg300=0.00 total=596571
0 MiB, 0 %
== 20:21:23
Mem:         2063985      489818      895625        1218      694103     1574167
anon 26003 MB; file 211357 MB; shmem 0 MB; file_mapped 65 MB; unevictable 0 MB; 
memory.current 237469 MB
nr_periods 90519 nr_throttled 650 throttled_usec 7176489 
cpu.pressure some avg10=0.00 avg60=0.00 avg300=0.00 total=2474702; memory.pressure some avg10=0.00 avg60=0.00 avg300=0.00 total=66607902; io.pressure some avg10=0.00 avg60=0.00 avg300=0.00 total=596654
0 MiB, 0 %
== 20:21:43
Mem:         2063985      489731      895711        1218      694104     1574253
anon 26003 MB; file 211357 MB; shmem 0 MB; file_mapped 65 MB; unevictable 0 MB; 
memory.current 237470 MB
nr_periods 90720 nr_throttled 653 throttled_usec 7197877 
cpu.pressure some avg10=0.00 avg60=0.00 avg300=0.00 total=2477641; memory.pressure some avg10=0.00 avg60=0.00 avg300=0.00 total=66607902; io.pressure some avg10=0.00 avg60=0.00 avg300=0.00 total=596746
0 MiB, 0 %
== 20:22:03
Mem:         2063985      489791      895651        1218      694104     1574194
anon 26003 MB; file 211357 MB; shmem 0 MB; file_mapped 65 MB; unevictable 0 MB; 
memory.current 237470 MB
nr_periods 90921 nr_throttled 659 throttled_usec 7208130 
cpu.pressure some avg10=0.00 avg60=0.00 avg300=0.00 total=2479859; memory.pressure some avg10=0.00 avg60=0.00 avg300=0.00 total=66607902; io.pressure some avg10=0.00 avg60=0.00 avg300=0.00 total=596755
0 MiB, 0 %
== 20:22:23
Mem:         2063985      489758      895683        1218      694105     1574227
anon 26003 MB; file 211357 MB; shmem 0 MB; file_mapped 65 MB; unevictable 0 MB; 
memory.current 237470 MB
nr_periods 91122 nr_throttled 664 throttled_usec 7227392 
cpu.pressure some avg10=0.00 avg60=0.00 avg300=0.00 total=2481722; memory.pressure some avg10=0.00 avg60=0.00 avg300=0.00 total=66607902; io.pressure some avg10=0.00 avg60=0.00 avg300=0.00 total=596784
0 MiB, 0 %
== 20:22:43
Mem:         2063985      489733      895707        1218      694106     1574252
anon 26005 MB; file 211357 MB; shmem 0 MB; file_mapped 65 MB; unevictable 0 MB; 
memory.current 237471 MB
nr_periods 91323 nr_throttled 671 throttled_usec 7253924 
cpu.pressure some avg10=0.00 avg60=0.00 avg300=0.00 total=2485853; memory.pressure some avg10=0.00 avg60=0.00 avg300=0.00 total=66607902; io.pressure some avg10=0.00 avg60=0.00 avg300=0.00 total=597029
0 MiB, 0 %
== 20:23:03
Mem:         2063985      489708      895731        1218      694107     1574277
anon 26003 MB; file 211357 MB; shmem 0 MB; file_mapped 65 MB; unevictable 0 MB; 
memory.current 237470 MB
nr_periods 91524 nr_throttled 676 throttled_usec 7277317 
cpu.pressure some avg10=0.00 avg60=0.00 avg300=0.00 total=2489094; memory.pressure some avg10=0.00 avg60=0.00 avg300=0.00 total=66607902; io.pressure some avg10=0.00 avg60=0.00 avg300=0.00 total=597139
0 MiB, 0 %
== 20:23:23
Mem:         2063985      489721      895717        1218      694108     1574264
anon 26003 MB; file 211357 MB; shmem 0 MB; file_mapped 65 MB; unevictable 0 MB; 
memory.current 237471 MB
nr_periods 91725 nr_throttled 680 throttled_usec 7289801 
cpu.pressure some avg10=0.00 avg60=0.00 avg300=0.00 total=2491696; memory.pressure some avg10=0.00 avg60=0.00 avg300=0.00 total=66607902; io.pressure some avg10=0.00 avg60=0.00 avg300=0.00 total=597156
0 MiB, 0 %
== 20:23:43
Mem:         2063985      489708      895730        1218      694108     1574277
anon 26003 MB; file 211357 MB; shmem 0 MB; file_mapped 65 MB; unevictable 0 MB; 
memory.current 237470 MB
nr_periods 91926 nr_throttled 686 throttled_usec 7312837 
cpu.pressure some avg10=0.00 avg60=0.00 avg300=0.00 total=2494567; memory.pressure some avg10=0.00 avg60=0.00 avg300=0.00 total=66607902; io.pressure some avg10=0.00 avg60=0.00 avg300=0.00 total=597156
0 MiB, 0 %
== 20:24:03
Mem:         2063985      489722      895714        1218      694109     1574262
anon 26003 MB; file 211357 MB; shmem 0 MB; file_mapped 65 MB; unevictable 0 MB; 
memory.current 237469 MB
nr_periods 92127 nr_throttled 692 throttled_usec 7340844 
cpu.pressure some avg10=0.00 avg60=0.00 avg300=0.00 total=2496648; memory.pressure some avg10=0.00 avg60=0.00 avg300=0.00 total=66607902; io.pressure some avg10=0.00 avg60=0.00 avg300=0.00 total=597443
0 MiB, 0 %
== 20:24:24
Mem:         2063985      489670      895765        1218      694110     1574314
anon 26003 MB; file 211357 MB; shmem 0 MB; file_mapped 65 MB; unevictable 0 MB; 
memory.current 237470 MB
nr_periods 92328 nr_throttled 695 throttled_usec 7363274 
cpu.pressure some avg10=0.00 avg60=0.00 avg300=0.00 total=2499317; memory.pressure some avg10=0.00 avg60=0.00 avg300=0.00 total=66607902; io.pressure some avg10=0.00 avg60=0.00 avg300=0.00 total=597461
0 MiB, 0 %
== 20:24:44
Mem:         2063985      489702      895732        1218      694111     1574282
anon 26003 MB; file 211357 MB; shmem 0 MB; file_mapped 65 MB; unevictable 0 MB; 
memory.current 237470 MB
nr_periods 92529 nr_throttled 695 throttled_usec 7363274 
cpu.pressure some avg10=0.00 avg60=0.00 avg300=0.00 total=2500638; memory.pressure some avg10=0.00 avg60=0.00 avg300=0.00 total=66607902; io.pressure some avg10=0.00 avg60=0.00 avg300=0.00 total=597690
0 MiB, 0 %
== 20:25:04
Mem:         2063985      489706      895728        1218      694112     1574278
anon 26003 MB; file 211357 MB; shmem 0 MB; file_mapped 65 MB; unevictable 0 MB; 
memory.current 237469 MB
nr_periods 92730 nr_throttled 697 throttled_usec 7366168 
cpu.pressure some avg10=0.00 avg60=0.00 avg300=0.00 total=2502001; memory.pressure some avg10=0.00 avg60=0.00 avg300=0.00 total=66607902; io.pressure some avg10=0.00 avg60=0.00 avg300=0.00 total=597780
0 MiB, 0 %
== 20:25:24
Mem:         2063985      489714      895719        1218      694113     1574271
anon 26003 MB; file 211357 MB; shmem 0 MB; file_mapped 65 MB; unevictable 0 MB; 
memory.current 237470 MB
nr_periods 92931 nr_throttled 704 throttled_usec 7401491 
cpu.pressure some avg10=0.00 avg60=0.00 avg300=0.00 total=2505920; memory.pressure some avg10=0.00 avg60=0.00 avg300=0.00 total=66607902; io.pressure some avg10=0.00 avg60=0.00 avg300=0.00 total=597835
0 MiB, 0 %
== 20:25:44
Mem:         2063985      489675      895758        1218      694113     1574310
anon 26003 MB; file 211357 MB; shmem 0 MB; file_mapped 65 MB; unevictable 0 MB; 
memory.current 237470 MB
nr_periods 93132 nr_throttled 707 throttled_usec 7441390 
cpu.pressure some avg10=0.00 avg60=0.00 avg300=0.00 total=2508681; memory.pressure some avg10=0.00 avg60=0.00 avg300=0.00 total=66607902; io.pressure some avg10=0.00 avg60=0.00 avg300=0.00 total=597991
0 MiB, 0 %
== 20:26:04
Mem:         2063985      489136      911265        1218      679144     1574849
anon 26003 MB; file 211357 MB; shmem 0 MB; file_mapped 65 MB; unevictable 0 MB; 
memory.current 237470 MB
nr_periods 93333 nr_throttled 716 throttled_usec 7468662 
cpu.pressure some avg10=0.00 avg60=0.00 avg300=0.00 total=2511155; memory.pressure some avg10=0.00 avg60=0.00 avg300=0.00 total=66607902; io.pressure some avg10=0.00 avg60=0.00 avg300=0.00 total=597991
0 MiB, 0 %
== 20:26:24
Mem:         2063985      489282      911122        1218      679138     1574703
anon 26003 MB; file 211357 MB; shmem 0 MB; file_mapped 65 MB; unevictable 0 MB; 
memory.current 237470 MB
nr_periods 93534 nr_throttled 721 throttled_usec 7497472 
cpu.pressure some avg10=0.00 avg60=0.00 avg300=0.00 total=2515072; memory.pressure some avg10=0.00 avg60=0.00 avg300=0.00 total=66607902; io.pressure some avg10=0.00 avg60=0.00 avg300=0.00 total=598927
0 MiB, 0 %
== 20:26:44
Mem:         2063985      489343      911060        1218      679139     1574642
anon 26003 MB; file 211357 MB; shmem 0 MB; file_mapped 65 MB; unevictable 0 MB; 
memory.current 237469 MB
nr_periods 93735 nr_throttled 727 throttled_usec 7510430 
cpu.pressure some avg10=0.00 avg60=0.00 avg300=0.00 total=2517642; memory.pressure some avg10=0.00 avg60=0.00 avg300=0.00 total=66607902; io.pressure some avg10=0.00 avg60=0.00 avg300=0.00 total=599043
0 MiB, 0 %
== 20:27:04
Mem:         2063985      489385      911018        1218      679136     1574599
anon 26003 MB; file 211357 MB; shmem 0 MB; file_mapped 65 MB; unevictable 0 MB; 
memory.current 237470 MB
nr_periods 93936 nr_throttled 730 throttled_usec 7531995 
cpu.pressure some avg10=0.00 avg60=0.00 avg300=0.00 total=2521403; memory.pressure some avg10=0.00 avg60=0.00 avg300=0.00 total=66607902; io.pressure some avg10=0.00 avg60=0.00 avg300=0.00 total=599259
0 MiB, 0 %
== 20:27:24
Mem:         2063985      489411      910992        1218      679137     1574574
anon 26003 MB; file 211357 MB; shmem 0 MB; file_mapped 65 MB; unevictable 0 MB; 
memory.current 237469 MB
nr_periods 94137 nr_throttled 732 throttled_usec 7537920 
cpu.pressure some avg10=0.00 avg60=0.00 avg300=0.00 total=2524090; memory.pressure some avg10=0.00 avg60=0.00 avg300=0.00 total=66607902; io.pressure some avg10=0.00 avg60=0.00 avg300=0.00 total=599860
0 MiB, 0 %
== 20:27:45
Mem:         2063985      489432      910970        1218      679138     1574552
anon 26004 MB; file 211357 MB; shmem 0 MB; file_mapped 65 MB; unevictable 0 MB; 
memory.current 237469 MB
nr_periods 94338 nr_throttled 735 throttled_usec 7543953 
cpu.pressure some avg10=0.00 avg60=0.00 avg300=0.00 total=2525394; memory.pressure some avg10=0.00 avg60=0.00 avg300=0.00 total=66607902; io.pressure some avg10=0.00 avg60=0.00 avg300=0.00 total=599886
0 MiB, 0 %
== 20:28:05
Mem:         2063985      489429      910972        1218      679139     1574556
anon 26003 MB; file 211357 MB; shmem 0 MB; file_mapped 65 MB; unevictable 0 MB; 
memory.current 237470 MB
nr_periods 94539 nr_throttled 742 throttled_usec 7563899 
cpu.pressure some avg10=0.00 avg60=0.00 avg300=0.00 total=2528221; memory.pressure some avg10=0.00 avg60=0.00 avg300=0.00 total=66607902; io.pressure some avg10=0.00 avg60=0.00 avg300=0.00 total=599891
0 MiB, 0 %
== 20:28:25
Mem:         2063985      489420      910980        1218      679140     1574565
anon 26003 MB; file 211357 MB; shmem 0 MB; file_mapped 65 MB; unevictable 0 MB; 
memory.current 237469 MB
nr_periods 94740 nr_throttled 744 throttled_usec 7584576 
cpu.pressure some avg10=0.00 avg60=0.00 avg300=0.00 total=2530339; memory.pressure some avg10=0.00 avg60=0.00 avg300=0.00 total=66607902; io.pressure some avg10=0.00 avg60=0.00 avg300=0.00 total=599900
0 MiB, 0 %
== 20:28:45
Mem:         2063985      489471      910928        1218      679141     1574513
anon 26003 MB; file 211357 MB; shmem 0 MB; file_mapped 65 MB; unevictable 0 MB; 
memory.current 237469 MB
nr_periods 94941 nr_throttled 746 throttled_usec 7595105 
cpu.pressure some avg10=0.00 avg60=0.00 avg300=0.00 total=2532331; memory.pressure some avg10=0.00 avg60=0.00 avg300=0.00 total=66607902; io.pressure some avg10=0.00 avg60=0.00 avg300=0.00 total=600101
0 MiB, 0 %
== 20:29:05
Mem:         2063985      489548      910851        1218      679142     1574437
anon 26005 MB; file 211357 MB; shmem 0 MB; file_mapped 65 MB; unevictable 0 MB; 
memory.current 237472 MB
nr_periods 95142 nr_throttled 747 throttled_usec 7612517 
cpu.pressure some avg10=0.00 avg60=0.00 avg300=0.00 total=2535257; memory.pressure some avg10=0.00 avg60=0.00 avg300=0.00 total=66607902; io.pressure some avg10=0.00 avg60=0.00 avg300=0.00 total=600311
0 MiB, 0 %
== 20:29:25
Mem:         2063985      489551      910847        1218      679142     1574434
anon 26003 MB; file 211357 MB; shmem 0 MB; file_mapped 65 MB; unevictable 0 MB; 
memory.current 237471 MB
nr_periods 95343 nr_throttled 755 throttled_usec 7650665 
cpu.pressure some avg10=0.00 avg60=0.00 avg300=0.00 total=2538485; memory.pressure some avg10=0.00 avg60=0.00 avg300=0.00 total=66607902; io.pressure some avg10=0.00 avg60=0.00 avg300=0.00 total=600311
0 MiB, 0 %
== 20:29:45
Mem:         2063985      489531      910866        1218      679143     1574454
anon 26004 MB; file 211357 MB; shmem 0 MB; file_mapped 65 MB; unevictable 0 MB; 
memory.current 237470 MB
nr_periods 95544 nr_throttled 757 throttled_usec 7655223 
cpu.pressure some avg10=0.00 avg60=0.00 avg300=0.00 total=2541092; memory.pressure some avg10=0.00 avg60=0.00 avg300=0.00 total=66607902; io.pressure some avg10=0.00 avg60=0.00 avg300=0.00 total=600311
0 MiB, 0 %
== 20:30:05
Mem:         2063985      489776      910381        1218      679384     1574209
anon 26004 MB; file 211357 MB; shmem 0 MB; file_mapped 65 MB; unevictable 0 MB; 
memory.current 237470 MB
nr_periods 95745 nr_throttled 760 throttled_usec 7665627 
cpu.pressure some avg10=0.00 avg60=0.00 avg300=0.00 total=2543477; memory.pressure some avg10=0.00 avg60=0.00 avg300=0.00 total=66607902; io.pressure some avg10=0.00 avg60=0.00 avg300=0.00 total=600403
0 MiB, 0 %
== 20:30:25
Mem:         2063985      489721      910167        1218      679652     1574263
anon 26004 MB; file 211357 MB; shmem 0 MB; file_mapped 65 MB; unevictable 0 MB; 
memory.current 237470 MB
nr_periods 95946 nr_throttled 766 throttled_usec 7674745 
cpu.pressure some avg10=0.00 avg60=0.00 avg300=0.00 total=2545826; memory.pressure some avg10=0.00 avg60=0.00 avg300=0.00 total=66607902; io.pressure some avg10=0.00 avg60=0.00 avg300=0.00 total=600854
0 MiB, 0 %
== 20:30:45
Mem:         2063985      489653      910235        1218      679652     1574332
anon 26004 MB; file 211357 MB; shmem 0 MB; file_mapped 65 MB; unevictable 0 MB; 
memory.current 237470 MB
nr_periods 96147 nr_throttled 770 throttled_usec 7676535 
cpu.pressure some avg10=0.00 avg60=0.00 avg300=0.00 total=2547821; memory.pressure some avg10=0.00 avg60=0.00 avg300=0.00 total=66607902; io.pressure some avg10=0.00 avg60=0.00 avg300=0.00 total=600867
0 MiB, 0 %
== 20:31:06
Mem:         2063985      489660      910227        1218      679653     1574325
anon 26004 MB; file 211357 MB; shmem 0 MB; file_mapped 65 MB; unevictable 0 MB; 
memory.current 237471 MB
nr_periods 96348 nr_throttled 778 throttled_usec 7700158 
cpu.pressure some avg10=0.00 avg60=0.00 avg300=0.00 total=2549802; memory.pressure some avg10=0.00 avg60=0.00 avg300=0.00 total=66607902; io.pressure some avg10=0.00 avg60=0.00 avg300=0.00 total=600888
0 MiB, 0 %
== 20:31:26
Mem:         2063985      489631      910255        1218      679654     1574353
anon 26004 MB; file 211357 MB; shmem 0 MB; file_mapped 65 MB; unevictable 0 MB; 
memory.current 237470 MB
nr_periods 96549 nr_throttled 786 throttled_usec 7734991 
cpu.pressure some avg10=0.00 avg60=0.00 avg300=0.00 total=2553098; memory.pressure some avg10=0.00 avg60=0.00 avg300=0.00 total=66607902; io.pressure some avg10=0.00 avg60=0.00 avg300=0.00 total=600898
0 MiB, 0 %
== 20:31:46
Mem:         2063985      489636      910249        1218      679655     1574348
anon 26004 MB; file 211357 MB; shmem 0 MB; file_mapped 65 MB; unevictable 0 MB; 
memory.current 237473 MB
nr_periods 96750 nr_throttled 787 throttled_usec 7737751 
cpu.pressure some avg10=0.00 avg60=0.00 avg300=0.00 total=2554785; memory.pressure some avg10=0.00 avg60=0.00 avg300=0.00 total=66607902; io.pressure some avg10=0.00 avg60=0.00 avg300=0.00 total=600898
0 MiB, 0 %
== 20:32:06
Mem:         2063985      489655      910229        1218      679656     1574330
anon 26004 MB; file 211357 MB; shmem 0 MB; file_mapped 65 MB; unevictable 0 MB; 
memory.current 237470 MB
nr_periods 96951 nr_throttled 790 throttled_usec 7739400 
cpu.pressure some avg10=0.00 avg60=0.00 avg300=0.00 total=2556127; memory.pressure some avg10=0.00 avg60=0.00 avg300=0.00 total=66607902; io.pressure some avg10=0.00 avg60=0.00 avg300=0.00 total=600898
0 MiB, 0 %
== 20:32:26
Mem:         2063985      489666      910217        1218      679657     1574319
anon 25998 MB; file 211357 MB; shmem 0 MB; file_mapped 65 MB; unevictable 0 MB; 
memory.current 237461 MB
nr_periods 97152 nr_throttled 803 throttled_usec 7761666 
cpu.pressure some avg10=0.00 avg60=0.00 avg300=0.00 total=2559641; memory.pressure some avg10=0.00 avg60=0.00 avg300=0.00 total=66607902; io.pressure some avg10=0.00 avg60=0.00 avg300=0.00 total=600973
0 MiB, 0 %
== 20:32:46
Mem:         2063985      489694      910188        1218      679658     1574290
anon 26002 MB; file 211357 MB; shmem 0 MB; file_mapped 65 MB; unevictable 0 MB; 
memory.current 237468 MB
nr_periods 97353 nr_throttled 808 throttled_usec 7778459 
cpu.pressure some avg10=0.00 avg60=0.00 avg300=0.00 total=2561495; memory.pressure some avg10=0.00 avg60=0.00 avg300=0.00 total=66607902; io.pressure some avg10=0.00 avg60=0.00 avg300=0.00 total=601025
0 MiB, 0 %
== 20:33:06
Mem:         2063985      489724      910158        1218      679658     1574261
anon 26002 MB; file 211357 MB; shmem 0 MB; file_mapped 65 MB; unevictable 0 MB; 
memory.current 237468 MB
nr_periods 97554 nr_throttled 813 throttled_usec 7787581 
cpu.pressure some avg10=0.00 avg60=0.00 avg300=0.00 total=2563132; memory.pressure some avg10=0.00 avg60=0.00 avg300=0.00 total=66607902; io.pressure some avg10=0.00 avg60=0.00 avg300=0.00 total=601032
0 MiB, 0 %
== 20:33:26
Mem:         2063985      489721      910160        1218      679659     1574263
anon 26002 MB; file 211357 MB; shmem 0 MB; file_mapped 65 MB; unevictable 0 MB; 
memory.current 237468 MB
nr_periods 97755 nr_throttled 819 throttled_usec 7805919 
cpu.pressure some avg10=0.00 avg60=0.00 avg300=0.00 total=2566339; memory.pressure some avg10=0.00 avg60=0.00 avg300=0.00 total=66607902; io.pressure some avg10=0.00 avg60=0.00 avg300=0.00 total=601032
0 MiB, 0 %
== 20:33:46
Mem:         2063985      489735      910146        1218      679660     1574250
anon 26002 MB; file 211357 MB; shmem 0 MB; file_mapped 65 MB; unevictable 0 MB; 
memory.current 237469 MB
nr_periods 97956 nr_throttled 826 throttled_usec 7817711 
cpu.pressure some avg10=0.00 avg60=0.00 avg300=0.00 total=2568938; memory.pressure some avg10=0.00 avg60=0.00 avg300=0.00 total=66607902; io.pressure some avg10=0.00 avg60=0.00 avg300=0.00 total=601062
0 MiB, 0 %
== 20:34:06
Mem:         2063985      489687      910192        1218      679661     1574297
anon 26002 MB; file 211357 MB; shmem 0 MB; file_mapped 65 MB; unevictable 0 MB; 
memory.current 237468 MB
nr_periods 98157 nr_throttled 831 throttled_usec 7823175 
cpu.pressure some avg10=0.00 avg60=0.00 avg300=0.00 total=2571173; memory.pressure some avg10=0.00 avg60=0.00 avg300=0.00 total=66607902; io.pressure some avg10=0.00 avg60=0.00 avg300=0.00 total=601810
0 MiB, 0 %
== 20:34:27
Mem:         2063985      489728      910150        1218      679662     1574256
anon 26004 MB; file 211357 MB; shmem 0 MB; file_mapped 65 MB; unevictable 0 MB; 
memory.current 237470 MB
nr_periods 98358 nr_throttled 833 throttled_usec 7827632 
cpu.pressure some avg10=0.00 avg60=0.00 avg300=0.00 total=2573051; memory.pressure some avg10=0.00 avg60=0.00 avg300=0.00 total=66607902; io.pressure some avg10=0.00 avg60=0.00 avg300=0.00 total=601881
0 MiB, 0 %
== 20:34:47
Mem:         2063985      489663      910215        1218      679662     1574322
anon 26002 MB; file 211357 MB; shmem 0 MB; file_mapped 65 MB; unevictable 0 MB; 
memory.current 237468 MB
nr_periods 98559 nr_throttled 837 throttled_usec 7830257 
cpu.pressure some avg10=0.00 avg60=0.00 avg300=0.00 total=2574048; memory.pressure some avg10=0.00 avg60=0.00 avg300=0.00 total=66607902; io.pressure some avg10=0.00 avg60=0.00 avg300=0.00 total=601897
0 MiB, 0 %
== 20:35:07
Mem:         2063985      489708      910169        1218      679663     1574277
anon 26002 MB; file 211357 MB; shmem 0 MB; file_mapped 65 MB; unevictable 0 MB; 
memory.current 237468 MB
nr_periods 98760 nr_throttled 839 throttled_usec 7839661 
cpu.pressure some avg10=0.00 avg60=0.00 avg300=0.00 total=2576192; memory.pressure some avg10=0.00 avg60=0.00 avg300=0.00 total=66607902; io.pressure some avg10=0.00 avg60=0.00 avg300=0.00 total=601969
0 MiB, 0 %
== 20:35:27
Mem:         2063985      489742      910134        1218      679664     1574243
anon 26002 MB; file 211357 MB; shmem 0 MB; file_mapped 65 MB; unevictable 0 MB; 
memory.current 237469 MB
nr_periods 98961 nr_throttled 842 throttled_usec 7849018 
cpu.pressure some avg10=0.00 avg60=0.00 avg300=0.00 total=2577834; memory.pressure some avg10=0.00 avg60=0.00 avg300=0.00 total=66607902; io.pressure some avg10=0.00 avg60=0.00 avg300=0.00 total=601969
0 MiB, 0 %
== 20:35:47
Mem:         2063985      489688      910188        1218      679665     1574297
anon 26002 MB; file 211357 MB; shmem 0 MB; file_mapped 65 MB; unevictable 0 MB; 
memory.current 237469 MB
nr_periods 99162 nr_throttled 844 throttled_usec 7868947 
cpu.pressure some avg10=0.00 avg60=0.00 avg300=0.00 total=2580221; memory.pressure some avg10=0.00 avg60=0.00 avg300=0.00 total=66607902; io.pressure some avg10=0.00 avg60=0.00 avg300=0.00 total=601973
0 MiB, 0 %
== 20:36:07
Mem:         2063985      489661      910214        1218      679666     1574324
anon 26002 MB; file 211357 MB; shmem 0 MB; file_mapped 65 MB; unevictable 0 MB; 
memory.current 237468 MB
nr_periods 99363 nr_throttled 846 throttled_usec 7872091 
cpu.pressure some avg10=0.00 avg60=0.00 avg300=0.00 total=2582113; memory.pressure some avg10=0.00 avg60=0.00 avg300=0.00 total=66607902; io.pressure some avg10=0.00 avg60=0.00 avg300=0.00 total=602331
0 MiB, 0 %
== 20:36:27
Mem:         2063985      489705      910169        1218      679666     1574280
anon 26002 MB; file 211357 MB; shmem 0 MB; file_mapped 65 MB; unevictable 0 MB; 
memory.current 237469 MB
nr_periods 99564 nr_throttled 847 throttled_usec 7874140 
cpu.pressure some avg10=0.00 avg60=0.00 avg300=0.00 total=2583105; memory.pressure some avg10=0.00 avg60=0.00 avg300=0.00 total=66607902; io.pressure some avg10=0.00 avg60=0.00 avg300=0.00 total=602404
0 MiB, 0 %
== 20:36:47
Mem:         2063985      489780      910093        1218      679667     1574204
anon 26002 MB; file 211357 MB; shmem 0 MB; file_mapped 65 MB; unevictable 0 MB; 
memory.current 237468 MB
nr_periods 99765 nr_throttled 849 throttled_usec 7904500 
cpu.pressure some avg10=0.00 avg60=0.00 avg300=0.00 total=2587016; memory.pressure some avg10=0.00 avg60=0.00 avg300=0.00 total=66607902; io.pressure some avg10=0.00 avg60=0.00 avg300=0.00 total=602450
0 MiB, 0 %
== 20:37:07
Mem:         2063985      489832      910039        1218      679669     1574152
anon 26004 MB; file 211357 MB; shmem 0 MB; file_mapped 65 MB; unevictable 0 MB; 
memory.current 237471 MB
nr_periods 99966 nr_throttled 851 throttled_usec 7916734 
cpu.pressure some avg10=0.00 avg60=0.00 avg300=0.00 total=2589695; memory.pressure some avg10=0.00 avg60=0.00 avg300=0.00 total=66607902; io.pressure some avg10=0.00 avg60=0.00 avg300=0.00 total=602450
0 MiB, 0 %
== 20:37:27
Mem:         2063985      489776      910094        1218      679670     1574208
anon 26002 MB; file 211357 MB; shmem 0 MB; file_mapped 65 MB; unevictable 0 MB; 
memory.current 237469 MB
nr_periods 100167 nr_throttled 855 throttled_usec 7953616 
cpu.pressure some avg10=0.00 avg60=0.00 avg300=0.00 total=2593514; memory.pressure some avg10=0.00 avg60=0.00 avg300=0.00 total=66607902; io.pressure some avg10=0.00 avg60=0.00 avg300=0.00 total=602466
0 MiB, 0 %
== 20:37:48
Mem:         2063985      489766      910104        1218      679670     1574219
anon 26002 MB; file 211357 MB; shmem 0 MB; file_mapped 65 MB; unevictable 0 MB; 
memory.current 237469 MB
nr_periods 100368 nr_throttled 859 throttled_usec 7965685 
cpu.pressure some avg10=0.00 avg60=0.00 avg300=0.00 total=2595935; memory.pressure some avg10=0.00 avg60=0.00 avg300=0.00 total=66607902; io.pressure some avg10=0.00 avg60=0.00 avg300=0.00 total=602526
0 MiB, 0 %
== 20:38:08
Mem:         2063985      489769      910099        1218      679671     1574215
anon 26002 MB; file 211357 MB; shmem 0 MB; file_mapped 65 MB; unevictable 0 MB; 
memory.current 237468 MB
nr_periods 100569 nr_throttled 860 throttled_usec 7984201 
cpu.pressure some avg10=0.00 avg60=0.00 avg300=0.00 total=2597719; memory.pressure some avg10=0.00 avg60=0.00 avg300=0.00 total=66607902; io.pressure some avg10=0.00 avg60=0.00 avg300=0.00 total=602585
0 MiB, 0 %
== 20:38:28
Mem:         2063985      489648      910220        1218      679673     1574337
anon 26002 MB; file 211357 MB; shmem 0 MB; file_mapped 65 MB; unevictable 0 MB; 
memory.current 237468 MB
nr_periods 100769 nr_throttled 866 throttled_usec 8010428 
cpu.pressure some avg10=0.00 avg60=0.00 avg300=0.00 total=2600595; memory.pressure some avg10=0.00 avg60=0.00 avg300=0.00 total=66607902; io.pressure some avg10=0.00 avg60=0.00 avg300=0.00 total=602673
0 MiB, 0 %
== 20:38:48
Mem:         2063985      489650      910217        1218      679673     1574335
anon 26002 MB; file 211357 MB; shmem 0 MB; file_mapped 65 MB; unevictable 0 MB; 
memory.current 237469 MB
nr_periods 100970 nr_throttled 871 throttled_usec 8013629 
cpu.pressure some avg10=0.00 avg60=0.00 avg300=0.00 total=2602159; memory.pressure some avg10=0.00 avg60=0.00 avg300=0.00 total=66607902; io.pressure some avg10=0.00 avg60=0.00 avg300=0.00 total=602719
0 MiB, 0 %
== 20:39:08
Mem:         2063985      489689      910177        1218      679674     1574296
anon 26002 MB; file 211357 MB; shmem 0 MB; file_mapped 65 MB; unevictable 0 MB; 
memory.current 237468 MB
nr_periods 101171 nr_throttled 874 throttled_usec 8017687 
cpu.pressure some avg10=0.00 avg60=0.00 avg300=0.00 total=2603687; memory.pressure some avg10=0.00 avg60=0.00 avg300=0.00 total=66607902; io.pressure some avg10=0.00 avg60=0.00 avg300=0.00 total=602720
0 MiB, 0 %
== 20:39:28
Mem:         2063985      489677      910188        1218      679675     1574308
anon 26002 MB; file 211357 MB; shmem 0 MB; file_mapped 65 MB; unevictable 0 MB; 
memory.current 237468 MB
nr_periods 101372 nr_throttled 877 throttled_usec 8023391 
cpu.pressure some avg10=0.00 avg60=0.00 avg300=0.00 total=2606072; memory.pressure some avg10=0.00 avg60=0.00 avg300=0.00 total=66607902; io.pressure some avg10=0.00 avg60=0.00 avg300=0.00 total=602773
0 MiB, 0 %
== 20:39:48
Mem:         2063985      489660      910204        1218      679676     1574324
anon 26004 MB; file 211357 MB; shmem 0 MB; file_mapped 65 MB; unevictable 0 MB; 
memory.current 237471 MB
nr_periods 101573 nr_throttled 881 throttled_usec 8041424 
cpu.pressure some avg10=0.00 avg60=0.00 avg300=0.00 total=2607932; memory.pressure some avg10=0.00 avg60=0.00 avg300=0.00 total=66607902; io.pressure some avg10=0.00 avg60=0.00 avg300=0.00 total=602877
0 MiB, 0 %
== 20:40:08
Mem:         2063985      489742      910121        1218      679677     1574242
anon 26002 MB; file 211357 MB; shmem 0 MB; file_mapped 65 MB; unevictable 0 MB; 
memory.current 237469 MB
nr_periods 101774 nr_throttled 885 throttled_usec 8050033 
cpu.pressure some avg10=0.00 avg60=0.00 avg300=0.00 total=2609597; memory.pressure some avg10=0.00 avg60=0.00 avg300=0.00 total=66607902; io.pressure some avg10=0.00 avg60=0.00 avg300=0.00 total=602894
0 MiB, 0 %
== 20:40:28
Mem:         2063985      489735      910128        1218      679678     1574250
anon 26002 MB; file 211357 MB; shmem 0 MB; file_mapped 65 MB; unevictable 0 MB; 
memory.current 237469 MB
nr_periods 101975 nr_throttled 890 throttled_usec 8068458 
cpu.pressure some avg10=0.00 avg60=0.00 avg300=0.00 total=2613183; memory.pressure some avg10=0.00 avg60=0.00 avg300=0.00 total=66607902; io.pressure some avg10=0.00 avg60=0.00 avg300=0.00 total=602898
0 MiB, 0 %
== 20:40:48
Mem:         2063985      489723      910139        1218      679678     1574262
anon 26002 MB; file 211357 MB; shmem 0 MB; file_mapped 65 MB; unevictable 0 MB; 
memory.current 237468 MB
nr_periods 102176 nr_throttled 893 throttled_usec 8071082 
cpu.pressure some avg10=0.00 avg60=0.00 avg300=0.00 total=2615249; memory.pressure some avg10=0.00 avg60=0.00 avg300=0.00 total=66607902; io.pressure some avg10=0.00 avg60=0.00 avg300=0.00 total=602898
0 MiB, 0 %
== 20:41:08
Mem:         2063985      489722      910139        1218      679679     1574262
anon 26003 MB; file 211357 MB; shmem 0 MB; file_mapped 65 MB; unevictable 0 MB; 
memory.current 237470 MB
nr_periods 102377 nr_throttled 898 throttled_usec 8080951 
cpu.pressure some avg10=0.00 avg60=0.00 avg300=0.00 total=2617701; memory.pressure some avg10=0.00 avg60=0.00 avg300=0.00 total=66607902; io.pressure some avg10=0.00 avg60=0.00 avg300=0.00 total=602898
0 MiB, 0 %
== 20:41:29
Mem:         2063985      489744      910116        1218      679680     1574240
anon 26003 MB; file 211357 MB; shmem 0 MB; file_mapped 65 MB; unevictable 0 MB; 
memory.current 237468 MB
nr_periods 102578 nr_throttled 903 throttled_usec 8089683 
cpu.pressure some avg10=0.00 avg60=0.00 avg300=0.00 total=2619723; memory.pressure some avg10=0.00 avg60=0.00 avg300=0.00 total=66607902; io.pressure some avg10=0.00 avg60=0.00 avg300=0.00 total=602947
0 MiB, 0 %
== 20:41:49
Mem:         2063985      489744      910115        1218      679681     1574241
anon 26003 MB; file 211357 MB; shmem 0 MB; file_mapped 65 MB; unevictable 0 MB; 
memory.current 237468 MB
nr_periods 102779 nr_throttled 906 throttled_usec 8092489 
cpu.pressure some avg10=0.00 avg60=0.00 avg300=0.00 total=2620942; memory.pressure some avg10=0.00 avg60=0.00 avg300=0.00 total=66607902; io.pressure some avg10=0.00 avg60=0.00 avg300=0.00 total=602969
0 MiB, 0 %
== 20:42:09
Mem:         2063985      489695      910163        1218      679682     1574289
anon 26003 MB; file 211357 MB; shmem 0 MB; file_mapped 65 MB; unevictable 0 MB; 
memory.current 237470 MB
nr_periods 102980 nr_throttled 913 throttled_usec 8103145 
cpu.pressure some avg10=0.00 avg60=0.00 avg300=0.00 total=2623169; memory.pressure some avg10=0.00 avg60=0.00 avg300=0.00 total=66607902; io.pressure some avg10=0.00 avg60=0.00 avg300=0.00 total=603093
0 MiB, 0 %
== 20:42:29
Mem:         2063985      489671      910186        1218      679683     1574313
anon 26003 MB; file 211357 MB; shmem 0 MB; file_mapped 65 MB; unevictable 0 MB; 
memory.current 237470 MB
nr_periods 103181 nr_throttled 917 throttled_usec 8119239 
cpu.pressure some avg10=0.00 avg60=0.00 avg300=0.00 total=2625169; memory.pressure some avg10=0.00 avg60=0.00 avg300=0.00 total=66607902; io.pressure some avg10=0.00 avg60=0.00 avg300=0.00 total=603093
0 MiB, 0 %
== 20:42:49
Mem:         2063985      489686      910171        1218      679684     1574299
anon 26003 MB; file 211357 MB; shmem 0 MB; file_mapped 65 MB; unevictable 0 MB; 
memory.current 237469 MB
nr_periods 103382 nr_throttled 924 throttled_usec 8139800 
cpu.pressure some avg10=0.00 avg60=0.00 avg300=0.00 total=2627526; memory.pressure some avg10=0.00 avg60=0.00 avg300=0.00 total=66607902; io.pressure some avg10=0.00 avg60=0.00 avg300=0.00 total=603105
0 MiB, 0 %
== 20:43:09
Mem:         2063985      489696      910160        1218      679684     1574288
anon 26002 MB; file 211357 MB; shmem 0 MB; file_mapped 65 MB; unevictable 0 MB; 
memory.current 237469 MB
nr_periods 103583 nr_throttled 928 throttled_usec 8145014 
cpu.pressure some avg10=0.00 avg60=0.00 avg300=0.00 total=2629482; memory.pressure some avg10=0.00 avg60=0.00 avg300=0.00 total=66607902; io.pressure some avg10=0.00 avg60=0.00 avg300=0.00 total=603119
0 MiB, 0 %
== 20:43:29
Mem:         2063985      489763      910092        1218      679686     1574222
anon 26003 MB; file 211357 MB; shmem 0 MB; file_mapped 65 MB; unevictable 0 MB; 
memory.current 237469 MB
nr_periods 103784 nr_throttled 930 throttled_usec 8169361 
cpu.pressure some avg10=0.00 avg60=0.00 avg300=0.00 total=2631605; memory.pressure some avg10=0.00 avg60=0.00 avg300=0.00 total=66607902; io.pressure some avg10=0.00 avg60=0.00 avg300=0.00 total=603199
0 MiB, 0 %
== 20:43:49
Mem:         2063985      489686      910168        1218      679686     1574299
anon 26003 MB; file 211357 MB; shmem 0 MB; file_mapped 65 MB; unevictable 0 MB; 
memory.current 237469 MB
nr_periods 103985 nr_throttled 934 throttled_usec 8180784 
cpu.pressure some avg10=0.00 avg60=0.00 avg300=0.00 total=2634215; memory.pressure some avg10=0.00 avg60=0.00 avg300=0.00 total=66607902; io.pressure some avg10=0.00 avg60=0.00 avg300=0.00 total=603278
0 MiB, 0 %
== 20:44:09
Mem:         2063985      489692      910162        1218      679687     1574293
anon 26003 MB; file 211357 MB; shmem 0 MB; file_mapped 65 MB; unevictable 0 MB; 
memory.current 237469 MB
nr_periods 104186 nr_throttled 941 throttled_usec 8197407 
cpu.pressure some avg10=0.00 avg60=0.00 avg300=0.00 total=2637251; memory.pressure some avg10=0.00 avg60=0.00 avg300=0.00 total=66607902; io.pressure some avg10=0.00 avg60=0.00 avg300=0.00 total=603441
0 MiB, 0 %
== 20:44:29
Mem:         2063985      489697      910155        1218      679688     1574287
anon 26003 MB; file 211357 MB; shmem 0 MB; file_mapped 65 MB; unevictable 0 MB; 
memory.current 237469 MB
nr_periods 104387 nr_throttled 944 throttled_usec 8199494 
cpu.pressure some avg10=0.00 avg60=0.00 avg300=0.00 total=2639208; memory.pressure some avg10=0.00 avg60=0.00 avg300=0.00 total=66607902; io.pressure some avg10=0.00 avg60=0.00 avg300=0.00 total=603445
0 MiB, 0 %
== 20:44:50
Mem:         2063985      489700      910151        1218      679689     1574284
anon 26003 MB; file 211357 MB; shmem 0 MB; file_mapped 65 MB; unevictable 0 MB; 
memory.current 237468 MB
nr_periods 104588 nr_throttled 945 throttled_usec 8202794 
cpu.pressure some avg10=0.00 avg60=0.00 avg300=0.00 total=2641441; memory.pressure some avg10=0.00 avg60=0.00 avg300=0.00 total=66607902; io.pressure some avg10=0.00 avg60=0.00 avg300=0.00 total=603456
0 MiB, 0 %
== 20:45:10
Mem:         2063985      489507      910343        1218      679690     1574477
anon 26003 MB; file 211357 MB; shmem 0 MB; file_mapped 65 MB; unevictable 0 MB; 
memory.current 237469 MB
nr_periods 104789 nr_throttled 950 throttled_usec 8212944 
cpu.pressure some avg10=0.00 avg60=0.00 avg300=0.00 total=2642825; memory.pressure some avg10=0.00 avg60=0.00 avg300=0.00 total=66607902; io.pressure some avg10=0.00 avg60=0.00 avg300=0.00 total=603663
0 MiB, 0 %
== 20:45:30
Mem:         2063985      489527      910321        1218      679692     1574457
anon 26003 MB; file 211357 MB; shmem 0 MB; file_mapped 65 MB; unevictable 0 MB; 
memory.current 237469 MB
nr_periods 104990 nr_throttled 953 throttled_usec 8222458 
cpu.pressure some avg10=0.00 avg60=0.00 avg300=0.00 total=2644537; memory.pressure some avg10=0.00 avg60=0.00 avg300=0.00 total=66607902; io.pressure some avg10=0.00 avg60=0.00 avg300=0.00 total=603668
0 MiB, 0 %
== 20:45:50
Mem:         2063985      489584      910263        1218      679692     1574400
anon 26003 MB; file 211357 MB; shmem 0 MB; file_mapped 65 MB; unevictable 0 MB; 
memory.current 237469 MB
nr_periods 105191 nr_throttled 956 throttled_usec 8223071 
cpu.pressure some avg10=0.00 avg60=0.00 avg300=0.00 total=2646390; memory.pressure some avg10=0.00 avg60=0.00 avg300=0.00 total=66607902; io.pressure some avg10=0.00 avg60=0.00 avg300=0.00 total=603668
0 MiB, 0 %
== 20:46:10
Mem:         2063985      489563      910284        1218      679693     1574421
anon 26003 MB; file 211357 MB; shmem 0 MB; file_mapped 65 MB; unevictable 0 MB; 
memory.current 237468 MB
nr_periods 105392 nr_throttled 962 throttled_usec 8233826 
cpu.pressure some avg10=0.00 avg60=0.00 avg300=0.00 total=2648139; memory.pressure some avg10=0.00 avg60=0.00 avg300=0.00 total=66607902; io.pressure some avg10=0.00 avg60=0.00 avg300=0.00 total=603711
0 MiB, 0 %
== 20:46:30
Mem:         2063985      489551      910295        1218      679694     1574433
anon 26003 MB; file 211357 MB; shmem 0 MB; file_mapped 65 MB; unevictable 0 MB; 
memory.current 237470 MB
nr_periods 105593 nr_throttled 966 throttled_usec 8250804 
cpu.pressure some avg10=0.00 avg60=0.00 avg300=0.00 total=2651570; memory.pressure some avg10=0.00 avg60=0.00 avg300=0.00 total=66607902; io.pressure some avg10=0.00 avg60=0.00 avg300=0.00 total=603781
0 MiB, 0 %
== 20:46:50
Mem:         2063985      489584      910262        1218      679695     1574401
anon 26003 MB; file 211357 MB; shmem 0 MB; file_mapped 65 MB; unevictable 0 MB; 
memory.current 237469 MB
nr_periods 105794 nr_throttled 967 throttled_usec 8265771 
cpu.pressure some avg10=0.00 avg60=0.00 avg300=0.00 total=2653152; memory.pressure some avg10=0.00 avg60=0.00 avg300=0.00 total=66607902; io.pressure some avg10=0.00 avg60=0.00 avg300=0.00 total=603811
0 MiB, 0 %
== 20:47:10
Mem:         2063985      489574      910270        1218      679696     1574410
anon 26003 MB; file 211357 MB; shmem 0 MB; file_mapped 65 MB; unevictable 0 MB; 
memory.current 237469 MB
nr_periods 105995 nr_throttled 974 throttled_usec 8298860 
cpu.pressure some avg10=0.00 avg60=0.00 avg300=0.00 total=2655768; memory.pressure some avg10=0.00 avg60=0.00 avg300=0.00 total=66607902; io.pressure some avg10=0.00 avg60=0.00 avg300=0.00 total=603845
0 MiB, 0 %
== 20:47:30
Mem:         2063985      489564      910279        1218      679697     1574420
anon 26004 MB; file 211357 MB; shmem 0 MB; file_mapped 65 MB; unevictable 0 MB; 
memory.current 237471 MB
nr_periods 106196 nr_throttled 978 throttled_usec 8303715 
cpu.pressure some avg10=0.00 avg60=0.00 avg300=0.00 total=2658675; memory.pressure some avg10=0.00 avg60=0.00 avg300=0.00 total=66607902; io.pressure some avg10=0.00 avg60=0.00 avg300=0.00 total=603845
0 MiB, 0 %
== 20:47:50
Mem:         2063985      489588      910255        1218      679698     1574397
anon 26003 MB; file 211357 MB; shmem 0 MB; file_mapped 65 MB; unevictable 0 MB; 
memory.current 237468 MB
nr_periods 106397 nr_throttled 984 throttled_usec 8341422 
cpu.pressure some avg10=0.00 avg60=0.00 avg300=0.00 total=2662133; memory.pressure some avg10=0.00 avg60=0.00 avg300=0.00 total=66607902; io.pressure some avg10=0.00 avg60=0.00 avg300=0.00 total=603938
0 MiB, 0 %
== 20:48:11
Mem:         2063985      489587      910255        1218      679699     1574398
anon 26003 MB; file 211357 MB; shmem 0 MB; file_mapped 65 MB; unevictable 0 MB; 
memory.current 237469 MB
nr_periods 106598 nr_throttled 985 throttled_usec 8356735 
cpu.pressure some avg10=0.00 avg60=0.00 avg300=0.00 total=2664725; memory.pressure some avg10=0.00 avg60=0.00 avg300=0.00 total=66607902; io.pressure some avg10=0.00 avg60=0.00 avg300=0.00 total=604203
0 MiB, 0 %
== 20:48:31
Mem:         2063985      489632      910209        1218      679699     1574353
anon 26003 MB; file 211357 MB; shmem 0 MB; file_mapped 65 MB; unevictable 0 MB; 
memory.current 237469 MB
nr_periods 106799 nr_throttled 986 throttled_usec 8376903 
cpu.pressure some avg10=0.00 avg60=0.00 avg300=0.00 total=2666945; memory.pressure some avg10=0.00 avg60=0.00 avg300=0.00 total=66607902; io.pressure some avg10=0.00 avg60=0.00 avg300=0.00 total=604249
0 MiB, 0 %
== 20:48:51
Mem:         2063985      489674      910166        1218      679700     1574310
anon 26003 MB; file 211357 MB; shmem 0 MB; file_mapped 65 MB; unevictable 0 MB; 
memory.current 237468 MB
nr_periods 107000 nr_throttled 990 throttled_usec 8395243 
cpu.pressure some avg10=0.00 avg60=0.00 avg300=0.00 total=2668846; memory.pressure some avg10=0.00 avg60=0.00 avg300=0.00 total=66607902; io.pressure some avg10=0.00 avg60=0.00 avg300=0.00 total=604259
0 MiB, 0 %
== 20:49:11
Mem:         2063985      489691      910149        1218      679701     1574294
anon 26003 MB; file 211357 MB; shmem 0 MB; file_mapped 65 MB; unevictable 0 MB; 
memory.current 237469 MB
nr_periods 107201 nr_throttled 993 throttled_usec 8413078 
cpu.pressure some avg10=0.00 avg60=0.00 avg300=0.00 total=2671369; memory.pressure some avg10=0.00 avg60=0.00 avg300=0.00 total=66607902; io.pressure some avg10=0.00 avg60=0.00 avg300=0.00 total=604297
0 MiB, 0 %
== 20:49:31
Mem:         2063985      489679      910159        1218      679702     1574306
anon 26003 MB; file 211357 MB; shmem 0 MB; file_mapped 65 MB; unevictable 0 MB; 
memory.current 237468 MB
nr_periods 107402 nr_throttled 994 throttled_usec 8414053 
cpu.pressure some avg10=0.00 avg60=0.00 avg300=0.00 total=2672662; memory.pressure some avg10=0.00 avg60=0.00 avg300=0.00 total=66607902; io.pressure some avg10=0.00 avg60=0.00 avg300=0.00 total=604297
0 MiB, 0 %
== 20:49:51
Mem:         2063985      489691      910147        1218      679703     1574294
anon 26003 MB; file 211357 MB; shmem 0 MB; file_mapped 65 MB; unevictable 0 MB; 
memory.current 237469 MB
nr_periods 107603 nr_throttled 997 throttled_usec 8448794 
cpu.pressure some avg10=0.00 avg60=0.00 avg300=0.00 total=2676071; memory.pressure some avg10=0.00 avg60=0.00 avg300=0.00 total=66607902; io.pressure some avg10=0.00 avg60=0.00 avg300=0.00 total=604310
0 MiB, 0 %
== 20:50:11
Mem:         2063985      489753      910084        1218      679704     1574232
anon 26004 MB; file 211357 MB; shmem 0 MB; file_mapped 65 MB; unevictable 0 MB; 
memory.current 237471 MB
nr_periods 107804 nr_throttled 1005 throttled_usec 8504930 
cpu.pressure some avg10=0.00 avg60=0.00 avg300=0.00 total=2679740; memory.pressure some avg10=0.00 avg60=0.00 avg300=0.00 total=66607902; io.pressure some avg10=0.00 avg60=0.00 avg300=0.00 total=604391
0 MiB, 0 %
== 20:50:31
Mem:         2063985      489719      910117        1218      679705     1574266
anon 26003 MB; file 211357 MB; shmem 0 MB; file_mapped 65 MB; unevictable 0 MB; 
memory.current 237468 MB
nr_periods 108005 nr_throttled 1008 throttled_usec 8552254 
cpu.pressure some avg10=0.00 avg60=0.00 avg300=0.00 total=2683239; memory.pressure some avg10=0.00 avg60=0.00 avg300=0.00 total=66607902; io.pressure some avg10=0.00 avg60=0.00 avg300=0.00 total=604405
0 MiB, 0 %
== 20:50:51
Mem:         2063985      489746      910083        1218      679712     1574239
anon 26003 MB; file 211357 MB; shmem 0 MB; file_mapped 65 MB; unevictable 0 MB; 
memory.current 237470 MB
nr_periods 108206 nr_throttled 1011 throttled_usec 8568260 
cpu.pressure some avg10=0.00 avg60=0.00 avg300=0.00 total=2686422; memory.pressure some avg10=0.00 avg60=0.00 avg300=0.00 total=66607902; io.pressure some avg10=0.00 avg60=0.00 avg300=0.00 total=604406
0 MiB, 0 %
== 20:51:11
Mem:         2063985      489676      910152        1218      679712     1574309
anon 26003 MB; file 211357 MB; shmem 0 MB; file_mapped 65 MB; unevictable 0 MB; 
memory.current 237469 MB
nr_periods 108407 nr_throttled 1014 throttled_usec 8592936 
cpu.pressure some avg10=0.00 avg60=0.00 avg300=0.00 total=2689635; memory.pressure some avg10=0.00 avg60=0.00 avg300=0.00 total=66607902; io.pressure some avg10=0.00 avg60=0.00 avg300=0.00 total=604412
0 MiB, 0 %
== 20:51:32
Mem:         2063985      489619      910209        1218      679713     1574366
anon 26003 MB; file 211357 MB; shmem 0 MB; file_mapped 65 MB; unevictable 0 MB; 
memory.current 237469 MB
nr_periods 108608 nr_throttled 1017 throttled_usec 8594091 
cpu.pressure some avg10=0.00 avg60=0.00 avg300=0.00 total=2692034; memory.pressure some avg10=0.00 avg60=0.00 avg300=0.00 total=66607902; io.pressure some avg10=0.00 avg60=0.00 avg300=0.00 total=604444
0 MiB, 0 %
== 20:51:52
Mem:         2063985      489625      910202        1218      679714     1574360
anon 26003 MB; file 211357 MB; shmem 0 MB; file_mapped 65 MB; unevictable 0 MB; 
memory.current 237469 MB
nr_periods 108809 nr_throttled 1021 throttled_usec 8596606 
cpu.pressure some avg10=0.00 avg60=0.00 avg300=0.00 total=2693481; memory.pressure some avg10=0.00 avg60=0.00 avg300=0.00 total=66607902; io.pressure some avg10=0.00 avg60=0.00 avg300=0.00 total=604482
0 MiB, 0 %
== 20:52:12
Mem:         2063985      489676      910149        1218      679715     1574308
anon 26003 MB; file 211357 MB; shmem 0 MB; file_mapped 65 MB; unevictable 0 MB; 
memory.current 237469 MB
nr_periods 109010 nr_throttled 1023 throttled_usec 8635155 
cpu.pressure some avg10=0.00 avg60=0.00 avg300=0.00 total=2695993; memory.pressure some avg10=0.00 avg60=0.00 avg300=0.00 total=66607902; io.pressure some avg10=0.00 avg60=0.00 avg300=0.00 total=604495
0 MiB, 0 %
== 20:52:32
Mem:         2063985      489700      910125        1218      679716     1574285
anon 26003 MB; file 211357 MB; shmem 0 MB; file_mapped 65 MB; unevictable 0 MB; 
memory.current 237468 MB
nr_periods 109211 nr_throttled 1025 throttled_usec 8660191 
cpu.pressure some avg10=0.00 avg60=0.00 avg300=0.00 total=2699226; memory.pressure some avg10=0.00 avg60=0.00 avg300=0.00 total=66607902; io.pressure some avg10=0.00 avg60=0.00 avg300=0.00 total=604548
0 MiB, 0 %
== 20:52:52
Mem:         2063985      489618      910205        1218      679717     1574366
anon 26003 MB; file 211357 MB; shmem 0 MB; file_mapped 65 MB; unevictable 0 MB; 
memory.current 237470 MB
nr_periods 109412 nr_throttled 1028 throttled_usec 8674453 
cpu.pressure some avg10=0.00 avg60=0.00 avg300=0.00 total=2701474; memory.pressure some avg10=0.00 avg60=0.00 avg300=0.00 total=66607902; io.pressure some avg10=0.00 avg60=0.00 avg300=0.00 total=604548
0 MiB, 0 %
== 20:53:12
Mem:         2063985      489620      910203        1218      679717     1574365
anon 26003 MB; file 211357 MB; shmem 0 MB; file_mapped 65 MB; unevictable 0 MB; 
memory.current 237469 MB
nr_periods 109613 nr_throttled 1029 throttled_usec 8692634 
cpu.pressure some avg10=0.00 avg60=0.00 avg300=0.00 total=2704069; memory.pressure some avg10=0.00 avg60=0.00 avg300=0.00 total=66607902; io.pressure some avg10=0.00 avg60=0.00 avg300=0.00 total=604731
0 MiB, 0 %
== 20:53:32
Mem:         2063985      489663      910160        1218      679718     1574322
anon 26003 MB; file 211357 MB; shmem 0 MB; file_mapped 65 MB; unevictable 0 MB; 
memory.current 237468 MB
nr_periods 109814 nr_throttled 1035 throttled_usec 8716695 
cpu.pressure some avg10=0.00 avg60=0.00 avg300=0.00 total=2706901; memory.pressure some avg10=0.00 avg60=0.00 avg300=0.00 total=66607902; io.pressure some avg10=0.00 avg60=0.00 avg300=0.00 total=604748
0 MiB, 0 %
== 20:53:52
Mem:         2063985      489638      910183        1218      679719     1574346
anon 26003 MB; file 211357 MB; shmem 0 MB; file_mapped 65 MB; unevictable 0 MB; 
memory.current 237469 MB
nr_periods 110015 nr_throttled 1040 throttled_usec 8723489 
cpu.pressure some avg10=0.00 avg60=0.00 avg300=0.00 total=2707956; memory.pressure some avg10=0.00 avg60=0.00 avg300=0.00 total=66607902; io.pressure some avg10=0.00 avg60=0.00 avg300=0.00 total=604755
0 MiB, 0 %
== 20:54:12
Mem:         2063985      489660      910160        1218      679720     1574324
anon 26003 MB; file 211357 MB; shmem 0 MB; file_mapped 65 MB; unevictable 0 MB; 
memory.current 237469 MB
nr_periods 110216 nr_throttled 1046 throttled_usec 8742620 
cpu.pressure some avg10=0.00 avg60=0.00 avg300=0.00 total=2711188; memory.pressure some avg10=0.00 avg60=0.00 avg300=0.00 total=66607902; io.pressure some avg10=0.00 avg60=0.00 avg300=0.00 total=604757
0 MiB, 0 %
== 20:54:32
Mem:         2063985      489674      910146        1218      679721     1574310
anon 26003 MB; file 211357 MB; shmem 0 MB; file_mapped 65 MB; unevictable 0 MB; 
memory.current 237469 MB
nr_periods 110417 nr_throttled 1053 throttled_usec 8755471 
cpu.pressure some avg10=0.00 avg60=0.00 avg300=0.00 total=2713675; memory.pressure some avg10=0.00 avg60=0.00 avg300=0.00 total=66607902; io.pressure some avg10=0.00 avg60=0.00 avg300=0.00 total=604757
0 MiB, 0 %
== 20:54:53
Mem:         2063985      489767      910052        1218      679722     1574217
anon 26003 MB; file 211357 MB; shmem 0 MB; file_mapped 65 MB; unevictable 0 MB; 
memory.current 237469 MB
nr_periods 110618 nr_throttled 1055 throttled_usec 8759706 
cpu.pressure some avg10=0.00 avg60=0.00 avg300=0.00 total=2715855; memory.pressure some avg10=0.00 avg60=0.00 avg300=0.00 total=66607902; io.pressure some avg10=0.00 avg60=0.00 avg300=0.00 total=604789
0 MiB, 0 %
== 20:55:13
Mem:         2063985      489775      910043        1218      679722     1574209
anon 26003 MB; file 211357 MB; shmem 0 MB; file_mapped 65 MB; unevictable 0 MB; 
memory.current 237469 MB
nr_periods 110818 nr_throttled 1056 throttled_usec 8761141 
cpu.pressure some avg10=0.00 avg60=0.00 avg300=0.00 total=2718106; memory.pressure some avg10=0.00 avg60=0.00 avg300=0.00 total=66607902; io.pressure some avg10=0.00 avg60=0.00 avg300=0.00 total=604859
0 MiB, 0 %
== 20:55:33
Mem:         2063985      489750      910067        1218      679723     1574234
anon 26003 MB; file 211357 MB; shmem 0 MB; file_mapped 65 MB; unevictable 0 MB; 
memory.current 237469 MB
nr_periods 111019 nr_throttled 1061 throttled_usec 8769822 
cpu.pressure some avg10=0.00 avg60=0.00 avg300=0.00 total=2719202; memory.pressure some avg10=0.00 avg60=0.00 avg300=0.00 total=66607902; io.pressure some avg10=0.00 avg60=0.00 avg300=0.00 total=604873
0 MiB, 0 %
== 20:55:53
Mem:         2063985      489781      910036        1218      679724     1574204
anon 26003 MB; file 211357 MB; shmem 0 MB; file_mapped 65 MB; unevictable 0 MB; 
memory.current 237469 MB
nr_periods 111220 nr_throttled 1063 throttled_usec 8783486 
cpu.pressure some avg10=0.00 avg60=0.00 avg300=0.00 total=2721404; memory.pressure some avg10=0.00 avg60=0.00 avg300=0.00 total=66607902; io.pressure some avg10=0.00 avg60=0.00 avg300=0.00 total=604905
0 MiB, 0 %
== 20:56:13
Mem:         2063985      489729      910086        1218      679725     1574255
anon 26003 MB; file 211357 MB; shmem 0 MB; file_mapped 65 MB; unevictable 0 MB; 
memory.current 237469 MB
nr_periods 111421 nr_throttled 1065 throttled_usec 8792773 
cpu.pressure some avg10=0.00 avg60=0.00 avg300=0.00 total=2723141; memory.pressure some avg10=0.00 avg60=0.00 avg300=0.00 total=66607902; io.pressure some avg10=0.00 avg60=0.00 avg300=0.00 total=604905
0 MiB, 0 %
== 20:56:33
Mem:         2063985      489725      910090        1218      679726     1574260
anon 26003 MB; file 211357 MB; shmem 0 MB; file_mapped 65 MB; unevictable 0 MB; 
memory.current 237470 MB
nr_periods 111622 nr_throttled 1067 throttled_usec 8817098 
cpu.pressure some avg10=0.00 avg60=0.00 avg300=0.00 total=2725656; memory.pressure some avg10=0.00 avg60=0.00 avg300=0.00 total=66607902; io.pressure some avg10=0.00 avg60=0.00 avg300=0.00 total=604915
0 MiB, 0 %
== 20:56:53
Mem:         2063985      489674      910140        1218      679727     1574311
anon 26003 MB; file 211357 MB; shmem 0 MB; file_mapped 65 MB; unevictable 0 MB; 
memory.current 237470 MB
nr_periods 111823 nr_throttled 1067 throttled_usec 8817098 
cpu.pressure some avg10=0.00 avg60=0.00 avg300=0.00 total=2727439; memory.pressure some avg10=0.00 avg60=0.00 avg300=0.00 total=66607902; io.pressure some avg10=0.00 avg60=0.00 avg300=0.00 total=604936
0 MiB, 0 %
== 20:57:13
Mem:         2063985      489759      910053        1218      679729     1574225
anon 25998 MB; file 211357 MB; shmem 0 MB; file_mapped 65 MB; unevictable 0 MB; 
memory.current 237462 MB
nr_periods 112024 nr_throttled 1070 throttled_usec 8838280 
cpu.pressure some avg10=0.00 avg60=0.00 avg300=0.00 total=2729179; memory.pressure some avg10=0.00 avg60=0.00 avg300=0.00 total=66607902; io.pressure some avg10=0.00 avg60=0.00 avg300=0.00 total=604962
0 MiB, 0 %
== 20:57:33
Mem:         2063985      489751      910061        1218      679729     1574234
anon 25998 MB; file 211357 MB; shmem 0 MB; file_mapped 65 MB; unevictable 0 MB; 
memory.current 237461 MB
nr_periods 112225 nr_throttled 1072 throttled_usec 8864442 
cpu.pressure some avg10=0.00 avg60=0.00 avg300=0.00 total=2732793; memory.pressure some avg10=0.00 avg60=0.00 avg300=0.00 total=66607902; io.pressure some avg10=0.00 avg60=0.00 avg300=0.00 total=605085
0 MiB, 0 %
== 20:57:53
Mem:         2063985      489783      910027        1218      679730     1574201
anon 26000 MB; file 211357 MB; shmem 0 MB; file_mapped 65 MB; unevictable 0 MB; 
memory.current 237464 MB
nr_periods 112426 nr_throttled 1173 throttled_usec 12530771 
cpu.pressure some avg10=0.63 avg60=0.15 avg300=0.03 total=2907537; memory.pressure some avg10=0.00 avg60=0.00 avg300=0.00 total=66607902; io.pressure some avg10=0.00 avg60=0.00 avg300=0.00 total=605145
0 MiB, 0 %
== 20:58:13
Mem:         2063985      489799      910011        1218      679731     1574186
anon 25998 MB; file 211357 MB; shmem 0 MB; file_mapped 65 MB; unevictable 0 MB; 
memory.current 237462 MB
nr_periods 112627 nr_throttled 1261 throttled_usec 16041703 
cpu.pressure some avg10=0.31 avg60=0.23 avg300=0.06 total=3076090; memory.pressure some avg10=0.00 avg60=0.00 avg300=0.00 total=66607902; io.pressure some avg10=0.00 avg60=0.00 avg300=0.00 total=605160
0 MiB, 0 %
== 20:58:34
Mem:         2063985      489791      910017        1218      679732     1574193
anon 25998 MB; file 211357 MB; shmem 0 MB; file_mapped 65 MB; unevictable 0 MB; 
memory.current 237462 MB
nr_periods 112828 nr_throttled 1262 throttled_usec 16052123 
cpu.pressure some avg10=0.04 avg60=0.16 avg300=0.06 total=3078793; memory.pressure some avg10=0.00 avg60=0.00 avg300=0.00 total=66607902; io.pressure some avg10=0.00 avg60=0.00 avg300=0.00 total=605160
0 MiB, 0 %
== 20:58:54
Mem:         2063985      489794      910014        1218      679732     1574191
anon 25998 MB; file 211357 MB; shmem 0 MB; file_mapped 65 MB; unevictable 0 MB; 
memory.current 237462 MB
nr_periods 113029 nr_throttled 1267 throttled_usec 16063489 
cpu.pressure some avg10=0.00 avg60=0.11 avg300=0.05 total=3080166; memory.pressure some avg10=0.00 avg60=0.00 avg300=0.00 total=66607902; io.pressure some avg10=0.00 avg60=0.00 avg300=0.00 total=605161
0 MiB, 0 %
== 20:59:14
Mem:         2063985      489788      910019        1218      679733     1574197
anon 26000 MB; file 211357 MB; shmem 0 MB; file_mapped 65 MB; unevictable 0 MB; 
memory.current 237464 MB
nr_periods 113230 nr_throttled 1269 throttled_usec 16069610 
cpu.pressure some avg10=0.00 avg60=0.08 avg300=0.05 total=3081972; memory.pressure some avg10=0.00 avg60=0.00 avg300=0.00 total=66607902; io.pressure some avg10=0.00 avg60=0.00 avg300=0.00 total=605199
0 MiB, 0 %
== 20:59:34
Mem:         2063985      489809      909984        1218      679747     1574176
anon 25998 MB; file 211357 MB; shmem 0 MB; file_mapped 65 MB; unevictable 0 MB; 
memory.current 237462 MB
nr_periods 113431 nr_throttled 1270 throttled_usec 16070655 
cpu.pressure some avg10=0.00 avg60=0.05 avg300=0.04 total=3083391; memory.pressure some avg10=0.00 avg60=0.00 avg300=0.00 total=66607902; io.pressure some avg10=0.00 avg60=0.00 avg300=0.00 total=605304
0 MiB, 0 %
== 20:59:54
Mem:         2063985      489781      910011        1218      679748     1574203
anon 25998 MB; file 211357 MB; shmem 0 MB; file_mapped 65 MB; unevictable 0 MB; 
memory.current 237462 MB
nr_periods 113632 nr_throttled 1272 throttled_usec 16080832 
cpu.pressure some avg10=0.00 avg60=0.03 avg300=0.04 total=3085399; memory.pressure some avg10=0.00 avg60=0.00 avg300=0.00 total=66607902; io.pressure some avg10=0.00 avg60=0.00 avg300=0.00 total=605380
0 MiB, 0 %
== 21:00:14
Mem:         2063985      489923      909868        1218      679749     1574061
anon 25998 MB; file 211357 MB; shmem 0 MB; file_mapped 65 MB; unevictable 0 MB; 
memory.current 237462 MB
nr_periods 113833 nr_throttled 1273 throttled_usec 16086460 
cpu.pressure some avg10=0.00 avg60=0.02 avg300=0.03 total=3088124; memory.pressure some avg10=0.00 avg60=0.00 avg300=0.00 total=66607902; io.pressure some avg10=0.00 avg60=0.00 avg300=0.00 total=605441
0 MiB, 0 %
== 21:00:34
Mem:         2063985      489794      909995        1218      679751     1574190
anon 25998 MB; file 211357 MB; shmem 0 MB; file_mapped 65 MB; unevictable 0 MB; 
memory.current 237462 MB
nr_periods 114034 nr_throttled 1276 throttled_usec 16104059 
cpu.pressure some avg10=0.00 avg60=0.01 avg300=0.03 total=3089885; memory.pressure some avg10=0.00 avg60=0.00 avg300=0.00 total=66607902; io.pressure some avg10=0.00 avg60=0.00 avg300=0.00 total=605456
0 MiB, 0 %
== 21:00:54
Mem:         2063985      489778      910011        1218      679752     1574207
anon 25998 MB; file 211357 MB; shmem 0 MB; file_mapped 65 MB; unevictable 0 MB; 
memory.current 237462 MB
nr_periods 114235 nr_throttled 1278 throttled_usec 16111975 
cpu.pressure some avg10=0.00 avg60=0.01 avg300=0.02 total=3091999; memory.pressure some avg10=0.00 avg60=0.00 avg300=0.00 total=66607902; io.pressure some avg10=0.00 avg60=0.00 avg300=0.00 total=605479
0 MiB, 0 %
== 21:01:14
Mem:         2063985      489719      910069        1218      679753     1574266
anon 25998 MB; file 211357 MB; shmem 0 MB; file_mapped 65 MB; unevictable 0 MB; 
memory.current 237462 MB
nr_periods 114436 nr_throttled 1279 throttled_usec 16115161 
cpu.pressure some avg10=0.00 avg60=0.00 avg300=0.02 total=3094613; memory.pressure some avg10=0.00 avg60=0.00 avg300=0.00 total=66607902; io.pressure some avg10=0.00 avg60=0.00 avg300=0.00 total=605592
0 MiB, 0 %
== 21:01:34
Mem:         2063985      489769      910018        1218      679754     1574216
anon 25998 MB; file 211357 MB; shmem 0 MB; file_mapped 65 MB; unevictable 0 MB; 
memory.current 237462 MB
nr_periods 114637 nr_throttled 1281 throttled_usec 16145428 
cpu.pressure some avg10=0.00 avg60=0.00 avg300=0.01 total=3097801; memory.pressure some avg10=0.00 avg60=0.00 avg300=0.00 total=66607902; io.pressure some avg10=0.00 avg60=0.00 avg300=0.00 total=605592
0 MiB, 0 %
== 21:01:55
Mem:         2063985      489791      909995        1218      679755     1574193
anon 25998 MB; file 211357 MB; shmem 0 MB; file_mapped 65 MB; unevictable 0 MB; 
memory.current 237462 MB
nr_periods 114838 nr_throttled 1286 throttled_usec 16155897 
cpu.pressure some avg10=0.00 avg60=0.00 avg300=0.01 total=3100859; memory.pressure some avg10=0.00 avg60=0.00 avg300=0.00 total=66607902; io.pressure some avg10=0.00 avg60=0.00 avg300=0.00 total=605593
0 MiB, 0 %
== 21:02:15
Mem:         2063985      489750      910035        1218      679755     1574234
anon 25998 MB; file 211357 MB; shmem 0 MB; file_mapped 65 MB; unevictable 0 MB; 
memory.current 237462 MB
nr_periods 115039 nr_throttled 1287 throttled_usec 16158447 
cpu.pressure some avg10=0.00 avg60=0.00 avg300=0.00 total=3101962; memory.pressure some avg10=0.00 avg60=0.00 avg300=0.00 total=66607902; io.pressure some avg10=0.00 avg60=0.00 avg300=0.00 total=605599
0 MiB, 0 %
== 21:02:35
Mem:         2063985      489702      910083        1218      679756     1574283
anon 25998 MB; file 211357 MB; shmem 0 MB; file_mapped 65 MB; unevictable 0 MB; 
memory.current 237462 MB
nr_periods 115240 nr_throttled 1289 throttled_usec 16159512 
cpu.pressure some avg10=0.00 avg60=0.00 avg300=0.00 total=3103282; memory.pressure some avg10=0.00 avg60=0.00 avg300=0.00 total=66607902; io.pressure some avg10=0.00 avg60=0.00 avg300=0.00 total=605628
0 MiB, 0 %
== 21:02:55
Mem:         2063985      489724      910060        1218      679757     1574261
anon 26000 MB; file 211357 MB; shmem 0 MB; file_mapped 65 MB; unevictable 0 MB; 
memory.current 237465 MB
nr_periods 115441 nr_throttled 1290 throttled_usec 16160495 
cpu.pressure some avg10=0.00 avg60=0.00 avg300=0.00 total=3104843; memory.pressure some avg10=0.00 avg60=0.00 avg300=0.00 total=66607902; io.pressure some avg10=0.00 avg60=0.00 avg300=0.00 total=605636
0 MiB, 0 %
== 21:03:15
Mem:         2063985      489727      910056        1218      679758     1574258
anon 25998 MB; file 211357 MB; shmem 0 MB; file_mapped 65 MB; unevictable 0 MB; 
memory.current 237462 MB
nr_periods 115642 nr_throttled 1294 throttled_usec 16173080 
cpu.pressure some avg10=0.00 avg60=0.00 avg300=0.00 total=3106507; memory.pressure some avg10=0.00 avg60=0.00 avg300=0.00 total=66607902; io.pressure some avg10=0.00 avg60=0.00 avg300=0.00 total=605700
0 MiB, 0 %
== 21:03:35
Mem:         2063985      489685      910097        1218      679759     1574299
anon 25998 MB; file 211357 MB; shmem 0 MB; file_mapped 65 MB; unevictable 0 MB; 
memory.current 237462 MB
nr_periods 115843 nr_throttled 1296 throttled_usec 16176625 
cpu.pressure some avg10=0.00 avg60=0.00 avg300=0.00 total=3108431; memory.pressure some avg10=0.00 avg60=0.00 avg300=0.00 total=66607902; io.pressure some avg10=0.00 avg60=0.00 avg300=0.00 total=605701
0 MiB, 0 %
== 21:03:55
Mem:         2063985      489670      910111        1218      679759     1574315
anon 25998 MB; file 211357 MB; shmem 0 MB; file_mapped 65 MB; unevictable 0 MB; 
memory.current 237463 MB
nr_periods 116044 nr_throttled 1298 throttled_usec 16180857 
cpu.pressure some avg10=0.00 avg60=0.00 avg300=0.00 total=3109462; memory.pressure some avg10=0.00 avg60=0.00 avg300=0.00 total=66607902; io.pressure some avg10=0.00 avg60=0.00 avg300=0.00 total=605718
0 MiB, 0 %
== 21:04:15
Mem:         2063985      489701      910079        1218      679760     1574283
anon 25998 MB; file 211357 MB; shmem 0 MB; file_mapped 65 MB; unevictable 0 MB; 
memory.current 237461 MB
nr_periods 116245 nr_throttled 1302 throttled_usec 16202243 
cpu.pressure some avg10=0.00 avg60=0.00 avg300=0.00 total=3112143; memory.pressure some avg10=0.00 avg60=0.00 avg300=0.00 total=66607902; io.pressure some avg10=0.00 avg60=0.00 avg300=0.00 total=605827
0 MiB, 0 %
== 21:04:35
Mem:         2063985      489645      910131        1218      679764     1574340
anon 25998 MB; file 211357 MB; shmem 0 MB; file_mapped 65 MB; unevictable 0 MB; 
memory.current 237462 MB
nr_periods 116446 nr_throttled 1305 throttled_usec 16206231 
cpu.pressure some avg10=0.00 avg60=0.00 avg300=0.00 total=3115719; memory.pressure some avg10=0.00 avg60=0.00 avg300=0.00 total=66607902; io.pressure some avg10=0.00 avg60=0.00 avg300=0.00 total=606212
0 MiB, 0 %
== 21:04:55
Mem:         2063985      489627      910148        1218      679765     1574357
anon 25998 MB; file 211357 MB; shmem 0 MB; file_mapped 65 MB; unevictable 0 MB; 
memory.current 237462 MB
nr_periods 116647 nr_throttled 1309 throttled_usec 16207745 
cpu.pressure some avg10=0.00 avg60=0.00 avg300=0.00 total=3118443; memory.pressure some avg10=0.00 avg60=0.00 avg300=0.00 total=66607902; io.pressure some avg10=0.00 avg60=0.00 avg300=0.00 total=606524
0 MiB, 0 %
== 21:05:16
Mem:         2063985      489662      910109        1218      679769     1574322
anon 25998 MB; file 211357 MB; shmem 0 MB; file_mapped 65 MB; unevictable 0 MB; 
memory.current 237461 MB
nr_periods 116848 nr_throttled 1311 throttled_usec 16210773 
cpu.pressure some avg10=0.00 avg60=0.00 avg300=0.00 total=3119893; memory.pressure some avg10=0.00 avg60=0.00 avg300=0.00 total=66607902; io.pressure some avg10=0.00 avg60=0.00 avg300=0.00 total=606524
0 MiB, 0 %
== 21:05:36
Mem:         2063985      489676      910091        1218      679773     1574308
anon 25998 MB; file 211357 MB; shmem 0 MB; file_mapped 65 MB; unevictable 0 MB; 
memory.current 237461 MB
nr_periods 117049 nr_throttled 1313 throttled_usec 16218026 
cpu.pressure some avg10=0.00 avg60=0.00 avg300=0.00 total=3120786; memory.pressure some avg10=0.00 avg60=0.00 avg300=0.00 total=66607902; io.pressure some avg10=0.00 avg60=0.00 avg300=0.00 total=606538
0 MiB, 0 %
== 21:05:56
Mem:         2063985      489739      910028        1218      679774     1574246
anon 25998 MB; file 211357 MB; shmem 0 MB; file_mapped 65 MB; unevictable 0 MB; 
memory.current 237463 MB
nr_periods 117250 nr_throttled 1314 throttled_usec 16218277 
cpu.pressure some avg10=0.00 avg60=0.00 avg300=0.00 total=3121299; memory.pressure some avg10=0.00 avg60=0.00 avg300=0.00 total=66607902; io.pressure some avg10=0.00 avg60=0.00 avg300=0.00 total=606538
0 MiB, 0 %
== 21:06:16
Mem:         2063985      489683      910083        1218      679775     1574302
anon 25998 MB; file 211357 MB; shmem 0 MB; file_mapped 65 MB; unevictable 0 MB; 
memory.current 237462 MB
nr_periods 117451 nr_throttled 1317 throttled_usec 16230216 
cpu.pressure some avg10=0.00 avg60=0.00 avg300=0.00 total=3122239; memory.pressure some avg10=0.00 avg60=0.00 avg300=0.00 total=66607902; io.pressure some avg10=0.00 avg60=0.00 avg300=0.00 total=606538
0 MiB, 0 %
== 21:06:36
Mem:         2063985      489689      910076        1218      679776     1574296
anon 26000 MB; file 211357 MB; shmem 0 MB; file_mapped 65 MB; unevictable 0 MB; 
memory.current 237465 MB
nr_periods 117652 nr_throttled 1321 throttled_usec 16241209 
cpu.pressure some avg10=0.00 avg60=0.00 avg300=0.00 total=3123325; memory.pressure some avg10=0.00 avg60=0.00 avg300=0.00 total=66607902; io.pressure some avg10=0.00 avg60=0.00 avg300=0.00 total=606540
0 MiB, 0 %
== 21:06:56
Mem:         2063985      489655      910109        1218      679777     1574330
anon 25998 MB; file 211357 MB; shmem 0 MB; file_mapped 65 MB; unevictable 0 MB; 
memory.current 237462 MB
nr_periods 117853 nr_throttled 1326 throttled_usec 16257540 
cpu.pressure some avg10=0.00 avg60=0.00 avg300=0.00 total=3125986; memory.pressure some avg10=0.00 avg60=0.00 avg300=0.00 total=66607902; io.pressure some avg10=0.00 avg60=0.00 avg300=0.00 total=606540
0 MiB, 0 %
== 21:07:16
Mem:         2063985      489709      910054        1218      679777     1574276
anon 25998 MB; file 211357 MB; shmem 0 MB; file_mapped 65 MB; unevictable 0 MB; 
memory.current 237462 MB
nr_periods 118054 nr_throttled 1326 throttled_usec 16257540 
cpu.pressure some avg10=0.00 avg60=0.00 avg300=0.00 total=3127580; memory.pressure some avg10=0.00 avg60=0.00 avg300=0.00 total=66607902; io.pressure some avg10=0.00 avg60=0.00 avg300=0.00 total=606541
0 MiB, 0 %
== 21:07:36
Mem:         2063985      489682      910080        1218      679778     1574302
anon 25998 MB; file 211357 MB; shmem 0 MB; file_mapped 65 MB; unevictable 0 MB; 
memory.current 237461 MB
nr_periods 118255 nr_throttled 1329 throttled_usec 16269099 
cpu.pressure some avg10=0.00 avg60=0.00 avg300=0.00 total=3128552; memory.pressure some avg10=0.00 avg60=0.00 avg300=0.00 total=66607902; io.pressure some avg10=0.00 avg60=0.00 avg300=0.00 total=606543
0 MiB, 0 %
== 21:07:56
Mem:         2063985      489693      910069        1218      679779     1574292
anon 25998 MB; file 211357 MB; shmem 0 MB; file_mapped 65 MB; unevictable 0 MB; 
memory.current 237462 MB
nr_periods 118456 nr_throttled 1330 throttled_usec 16270047 
cpu.pressure some avg10=0.00 avg60=0.00 avg300=0.00 total=3129086; memory.pressure some avg10=0.00 avg60=0.00 avg300=0.00 total=66607902; io.pressure some avg10=0.00 avg60=0.00 avg300=0.00 total=606579
0 MiB, 0 %
== 21:08:16
Mem:         2063985      489700      910061        1218      679780     1574284
anon 25998 MB; file 211357 MB; shmem 0 MB; file_mapped 65 MB; unevictable 0 MB; 
memory.current 237462 MB
nr_periods 118657 nr_throttled 1332 throttled_usec 16287060 
cpu.pressure some avg10=0.00 avg60=0.00 avg300=0.00 total=3146293; memory.pressure some avg10=0.00 avg60=0.00 avg300=0.00 total=66607902; io.pressure some avg10=0.00 avg60=0.00 avg300=0.00 total=606853
0 MiB, 0 %
== 21:08:37
Mem:         2063985      463780      935980        1218      679780     1600205
anon 29 MB; file 211357 MB; shmem 0 MB; file_mapped 64 MB; unevictable 0 MB; 
memory.current 211440 MB
nr_periods 118858 nr_throttled 1332 throttled_usec 16287060 
cpu.pressure some avg10=0.00 avg60=0.00 avg300=0.00 total=3169326; memory.pressure some avg10=0.00 avg60=0.00 avg300=0.00 total=66607902; io.pressure some avg10=0.12 avg60=0.07 avg300=0.01 total=681042
0 MiB, 0 %
== 21:08:57
Mem:         2063985      463784      935976        1218      679781     1600201
anon 6 MB; file 211357 MB; shmem 0 MB; file_mapped 64 MB; unevictable 0 MB; 
memory.current 211416 MB
nr_periods 118933 nr_throttled 1332 throttled_usec 16287060 
cpu.pressure some avg10=0.00 avg60=0.00 avg300=0.00 total=3170386; memory.pressure some avg10=0.00 avg60=0.00 avg300=0.00 total=66607902; io.pressure some avg10=0.01 avg60=0.05 avg300=0.01 total=681054
0 MiB, 0 %
== 21:09:17
Mem:         2063985      463737      936021        1218      679782     1600247
anon 5 MB; file 211357 MB; shmem 0 MB; file_mapped 64 MB; unevictable 0 MB; 
memory.current 211416 MB
nr_periods 118962 nr_throttled 1332 throttled_usec 16287060 
cpu.pressure some avg10=0.00 avg60=0.00 avg300=0.00 total=3171633; memory.pressure some avg10=0.00 avg60=0.00 avg300=0.00 total=66607902; io.pressure some avg10=0.00 avg60=0.03 avg300=0.00 total=681054
0 MiB, 0 %
== 21:09:37
Mem:         2063985      463725      936032        1218      679783     1600259
anon 5 MB; file 211357 MB; shmem 0 MB; file_mapped 64 MB; unevictable 0 MB; 
memory.current 211416 MB
nr_periods 118967 nr_throttled 1332 throttled_usec 16287060 
cpu.pressure some avg10=0.00 avg60=0.00 avg300=0.00 total=3172220; memory.pressure some avg10=0.00 avg60=0.00 avg300=0.00 total=66607902; io.pressure some avg10=0.00 avg60=0.02 avg300=0.00 total=681054
0 MiB, 0 %
== 21:09:57
Mem:         2063985      463735      936022        1218      679784     1600250
anon 5 MB; file 211357 MB; shmem 0 MB; file_mapped 64 MB; unevictable 0 MB; 
memory.current 211415 MB
nr_periods 119061 nr_throttled 1332 throttled_usec 16287060 
cpu.pressure some avg10=0.00 avg60=0.00 avg300=0.00 total=3175774; memory.pressure some avg10=0.00 avg60=0.00 avg300=0.00 total=66607902; io.pressure some avg10=0.00 avg60=0.01 avg300=0.00 total=681054
0 MiB, 0 %
== 21:10:17
Mem:         2063985      464554      935154        1218      679832     1599430
anon 313 MB; file 211405 MB; shmem 0 MB; file_mapped 204 MB; unevictable 0 MB; 
memory.current 211789 MB
nr_periods 119160 nr_throttled 1332 throttled_usec 16287060 
cpu.pressure some avg10=0.00 avg60=0.00 avg300=0.00 total=3185207; memory.pressure some avg10=0.00 avg60=0.00 avg300=0.00 total=66607902; io.pressure some avg10=0.00 avg60=0.00 avg300=0.00 total=681288
0 MiB, 0 %
== 21:10:37
Mem:         2063985      464682      934974        1218      679885     1599303
anon 659 MB; file 211456 MB; shmem 0 MB; file_mapped 167 MB; unevictable 0 MB; 
memory.current 212178 MB
nr_periods 119361 nr_throttled 1332 throttled_usec 16287060 
cpu.pressure some avg10=0.00 avg60=0.00 avg300=0.00 total=3187685; memory.pressure some avg10=0.00 avg60=0.00 avg300=0.00 total=66607902; io.pressure some avg10=0.00 avg60=0.00 avg300=0.00 total=682158
0 MiB, 0 %
== 21:10:57
Mem:         2063985      466397      933150        1228      680021     1597588
anon 2066 MB; file 211592 MB; shmem 10 MB; file_mapped 99 MB; unevictable 0 MB; 
memory.current 213728 MB
nr_periods 119562 nr_throttled 1332 throttled_usec 16287060 
cpu.pressure some avg10=0.00 avg60=0.00 avg300=0.00 total=3200702; memory.pressure some avg10=0.00 avg60=0.00 avg300=0.00 total=66607902; io.pressure some avg10=0.75 avg60=0.23 avg300=0.05 total=864469
750 MiB, 0 %
== 21:11:17
Mem:         2063985      466450      933004        1228      680113     1597534
anon 2325 MB; file 211683 MB; shmem 10 MB; file_mapped 102 MB; unevictable 0 MB; 
memory.current 214075 MB
nr_periods 119764 nr_throttled 1332 throttled_usec 16287060 
cpu.pressure some avg10=0.00 avg60=0.00 avg300=0.00 total=3202640; memory.pressure some avg10=0.00 avg60=0.00 avg300=0.00 total=66607902; io.pressure some avg10=0.10 avg60=0.16 avg300=0.04 total=871337
750 MiB, 0 %
== 21:11:38
Mem:         2063985      465424      934006        1228      680138     1598560
anon 558 MB; file 211707 MB; shmem 10 MB; file_mapped 90 MB; unevictable 0 MB; 
memory.current 212329 MB
nr_periods 119965 nr_throttled 1332 throttled_usec 16287060 
cpu.pressure some avg10=0.00 avg60=0.00 avg300=0.00 total=3204246; memory.pressure some avg10=0.00 avg60=0.00 avg300=0.00 total=66607902; io.pressure some avg10=0.01 avg60=0.11 avg300=0.04 total=872320
750 MiB, 0 %
== 21:11:58
Mem:         2063985      465625      933850        1218      680077     1598360
anon 286 MB; file 211645 MB; shmem 0 MB; file_mapped 65 MB; unevictable 0 MB; 
memory.current 211991 MB
nr_periods 120166 nr_throttled 1332 throttled_usec 16287060 
cpu.pressure some avg10=0.00 avg60=0.00 avg300=0.00 total=3206489; memory.pressure some avg10=0.00 avg60=0.00 avg300=0.00 total=66607902; io.pressure some avg10=0.00 avg60=0.08 avg300=0.03 total=875856
4 MiB, 0 %
== 21:12:18
Mem:         2063985      466876      932603        1239      680100     1597108
anon 1433 MB; file 211667 MB; shmem 21 MB; file_mapped 94 MB; unevictable 0 MB; 
memory.current 213171 MB
nr_periods 120370 nr_throttled 1332 throttled_usec 16287060 
cpu.pressure some avg10=0.00 avg60=0.00 avg300=0.00 total=3210054; memory.pressure some avg10=0.00 avg60=0.00 avg300=0.00 total=66607902; io.pressure some avg10=0.00 avg60=0.05 avg300=0.03 total=881601
1002 MiB, 0 %
== 21:12:38
Mem:         2063985      467153      932325        1239      680100     1596831
anon 922 MB; file 211667 MB; shmem 21 MB; file_mapped 94 MB; unevictable 0 MB; 
memory.current 212659 MB
nr_periods 120571 nr_throttled 1332 throttled_usec 16287060 
cpu.pressure some avg10=0.00 avg60=0.00 avg300=0.00 total=3215148; memory.pressure some avg10=0.00 avg60=0.00 avg300=0.00 total=66607902; io.pressure some avg10=0.00 avg60=0.03 avg300=0.02 total=881711
1810 MiB, 0 %
== 21:12:58
Mem:         2063985      467176      932302        1239      680101     1596808
anon 1469 MB; file 211667 MB; shmem 21 MB; file_mapped 94 MB; unevictable 0 MB; 
memory.current 213188 MB
nr_periods 120772 nr_throttled 1332 throttled_usec 16287060 
cpu.pressure some avg10=0.00 avg60=0.00 avg300=0.00 total=3219275; memory.pressure some avg10=0.00 avg60=0.00 avg300=0.00 total=66607902; io.pressure some avg10=0.00 avg60=0.02 avg300=0.02 total=881981
2070 MiB, 0 %
== 21:13:18
Mem:         2063985      465774      933702        1239      680102     1598210
anon 545 MB; file 211667 MB; shmem 21 MB; file_mapped 91 MB; unevictable 0 MB; 
memory.current 212280 MB
nr_periods 120973 nr_throttled 1332 throttled_usec 16287060 
cpu.pressure some avg10=0.00 avg60=0.00 avg300=0.00 total=3227259; memory.pressure some avg10=0.00 avg60=0.00 avg300=0.00 total=66607902; io.pressure some avg10=0.00 avg60=0.01 avg300=0.01 total=882742
994 MiB, 3 %
== 21:13:38
Mem:         2063985      465171      934305        1237      680101     1598813
anon 727 MB; file 211665 MB; shmem 19 MB; file_mapped 88 MB; unevictable 0 MB; 
memory.current 212461 MB
nr_periods 121174 nr_throttled 1332 throttled_usec 16287060 
cpu.pressure some avg10=0.00 avg60=0.00 avg300=0.00 total=3233736; memory.pressure some avg10=0.00 avg60=0.00 avg300=0.00 total=66607902; io.pressure some avg10=0.00 avg60=0.01 avg300=0.01 total=883000
752 MiB, 0 %
== 21:13:59
Mem:         2063985      464214      935245        1218      680082     1599771
anon 7 MB; file 211645 MB; shmem 0 MB; file_mapped 64 MB; unevictable 0 MB; 
memory.current 211709 MB
nr_periods 121310 nr_throttled 1332 throttled_usec 16287060 
cpu.pressure some avg10=0.00 avg60=0.00 avg300=0.00 total=3234973; memory.pressure some avg10=0.00 avg60=0.00 avg300=0.00 total=66607902; io.pressure some avg10=0.00 avg60=0.00 avg300=0.00 total=883000
0 MiB, 0 %
== 21:14:19
Mem:         2063985      464112      935346        1218      680083     1599873
anon 5 MB; file 211645 MB; shmem 0 MB; file_mapped 64 MB; unevictable 0 MB; 
memory.current 211707 MB
nr_periods 121325 nr_throttled 1332 throttled_usec 16287060 
cpu.pressure some avg10=0.00 avg60=0.00 avg300=0.00 total=3235947; memory.pressure some avg10=0.00 avg60=0.00 avg300=0.00 total=66607902; io.pressure some avg10=0.00 avg60=0.00 avg300=0.00 total=883000
0 MiB, 0 %
== 21:14:39
Mem:         2063985      464153      935303        1218      680084     1599831
anon 5 MB; file 211645 MB; shmem 0 MB; file_mapped 64 MB; unevictable 0 MB; 
memory.current 211707 MB
nr_periods 121343 nr_throttled 1332 throttled_usec 16287060 
cpu.pressure some avg10=0.00 avg60=0.00 avg300=0.00 total=3236568; memory.pressure some avg10=0.00 avg60=0.00 avg300=0.00 total=66607902; io.pressure some avg10=0.00 avg60=0.00 avg300=0.00 total=883000
0 MiB, 0 %
== 21:14:59
Mem:         2063985      464122      935334        1218      680085     1599863
anon 5 MB; file 211645 MB; shmem 0 MB; file_mapped 64 MB; unevictable 0 MB; 
memory.current 211707 MB
nr_periods 121348 nr_throttled 1332 throttled_usec 16287060 
cpu.pressure some avg10=0.00 avg60=0.00 avg300=0.00 total=3237705; memory.pressure some avg10=0.00 avg60=0.00 avg300=0.00 total=66607902; io.pressure some avg10=0.00 avg60=0.00 avg300=0.00 total=883000
0 MiB, 0 %
== 21:15:19
Mem:         2063985      463975      935479        1218      680087     1600009
anon 5 MB; file 211645 MB; shmem 0 MB; file_mapped 64 MB; unevictable 0 MB; 
memory.current 211707 MB
nr_periods 121353 nr_throttled 1332 throttled_usec 16287060 
cpu.pressure some avg10=0.00 avg60=0.00 avg300=0.00 total=3238292; memory.pressure some avg10=0.00 avg60=0.00 avg300=0.00 total=66607902; io.pressure some avg10=0.00 avg60=0.00 avg300=0.00 total=883000
0 MiB, 0 %
== 21:15:39
Mem:         2063985      462420      937017        1197      680066     1601564
anon 5 MB; file 211645 MB; shmem 0 MB; file_mapped 0 MB; unevictable 0 MB; 
memory.current 211707 MB
nr_periods 121360 nr_throttled 1332 throttled_usec 16287060 
cpu.pressure some avg10=0.00 avg60=0.00 avg300=0.00 total=3238904; memory.pressure some avg10=0.00 avg60=0.00 avg300=0.00 total=66607902; io.pressure some avg10=0.00 avg60=0.00 avg300=0.00 total=883000
0 MiB, 0 %
== 21:15:59
Mem:         2063985      463761      935691        1218      680088     1600223
anon 5 MB; file 211645 MB; shmem 0 MB; file_mapped 64 MB; unevictable 0 MB; 
memory.current 211707 MB
nr_periods 121363 nr_throttled 1332 throttled_usec 16287060 
cpu.pressure some avg10=0.00 avg60=0.00 avg300=0.00 total=3239498; memory.pressure some avg10=0.00 avg60=0.00 avg300=0.00 total=66607902; io.pressure some avg10=0.00 avg60=0.00 avg300=0.00 total=883000
0 MiB, 0 %
== 21:16:19
Mem:         2063985      463784      935668        1218      680089     1600201
anon 5 MB; file 211645 MB; shmem 0 MB; file_mapped 64 MB; unevictable 0 MB; 
memory.current 211707 MB
nr_periods 121369 nr_throttled 1332 throttled_usec 16287060 
cpu.pressure some avg10=0.00 avg60=0.00 avg300=0.00 total=3239901; memory.pressure some avg10=0.00 avg60=0.00 avg300=0.00 total=66607902; io.pressure some avg10=0.00 avg60=0.00 avg300=0.00 total=883000
0 MiB, 0 %
== 21:16:40
Mem:         2063985      463763      935688        1218      680090     1600221
anon 5 MB; file 211645 MB; shmem 0 MB; file_mapped 64 MB; unevictable 0 MB; 
memory.current 211707 MB
nr_periods 121386 nr_throttled 1332 throttled_usec 16287060 
cpu.pressure some avg10=0.00 avg60=0.00 avg300=0.00 total=3240624; memory.pressure some avg10=0.00 avg60=0.00 avg300=0.00 total=66607902; io.pressure some avg10=0.00 avg60=0.00 avg300=0.00 total=883000
0 MiB, 0 %
== 21:17:00
Mem:         2063985      463684      935766        1218      680091     1600300
anon 5 MB; file 211645 MB; shmem 0 MB; file_mapped 64 MB; unevictable 0 MB; 
memory.current 211707 MB
nr_periods 121391 nr_throttled 1332 throttled_usec 16287060 
cpu.pressure some avg10=0.00 avg60=0.00 avg300=0.00 total=3241198; memory.pressure some avg10=0.00 avg60=0.00 avg300=0.00 total=66607902; io.pressure some avg10=0.00 avg60=0.00 avg300=0.00 total=883000
0 MiB, 0 %
== 21:17:20
Mem:         2063985      464053      935407        1218      680092     1599932
anon 298 MB; file 211645 MB; shmem 0 MB; file_mapped 65 MB; unevictable 0 MB; 
memory.current 212005 MB
nr_periods 121459 nr_throttled 1332 throttled_usec 16287060 
cpu.pressure some avg10=0.00 avg60=0.00 avg300=0.00 total=3244807; memory.pressure some avg10=0.00 avg60=0.00 avg300=0.00 total=66607902; io.pressure some avg10=0.00 avg60=0.00 avg300=0.00 total=883140
26 MiB, 0 %
== 21:17:40
Mem:         2063985      467100      932366        1237      680112     1596885
anon 3038 MB; file 211665 MB; shmem 19 MB; file_mapped 88 MB; unevictable 0 MB; 
memory.current 214771 MB
nr_periods 121660 nr_throttled 1332 throttled_usec 16287060 
cpu.pressure some avg10=0.00 avg60=0.00 avg300=0.00 total=3251369; memory.pressure some avg10=0.00 avg60=0.00 avg300=0.00 total=66607902; io.pressure some avg10=0.00 avg60=0.00 avg300=0.00 total=883549
752 MiB, 0 %
== 21:18:00
Mem:         2063985      465160      934305        1237      680113     1598825
anon 1099 MB; file 211665 MB; shmem 19 MB; file_mapped 88 MB; unevictable 0 MB; 
memory.current 212835 MB
nr_periods 121861 nr_throttled 1332 throttled_usec 16287060 
cpu.pressure some avg10=0.00 avg60=0.00 avg300=0.00 total=3253012; memory.pressure some avg10=0.00 avg60=0.00 avg300=0.00 total=66607902; io.pressure some avg10=0.00 avg60=0.00 avg300=0.00 total=883749
2042 MiB, 0 %
== 21:18:20
Mem:         2063985      464827      934516        1218      680198     1599157
anon 5 MB; file 211750 MB; shmem 0 MB; file_mapped 64 MB; unevictable 0 MB; 
memory.current 211814 MB
nr_periods 122053 nr_throttled 1332 throttled_usec 16287060 
cpu.pressure some avg10=0.00 avg60=0.00 avg300=0.00 total=3255574; memory.pressure some avg10=0.00 avg60=0.00 avg300=0.00 total=66607902; io.pressure some avg10=0.00 avg60=0.00 avg300=0.00 total=894191
0 MiB, 0 %
== 21:18:40
Mem:         2063985      464577      934765        1218      680199     1599407
anon 5 MB; file 211750 MB; shmem 0 MB; file_mapped 64 MB; unevictable 0 MB; 
memory.current 211811 MB
nr_periods 122071 nr_throttled 1332 throttled_usec 16287060 
cpu.pressure some avg10=0.00 avg60=0.00 avg300=0.00 total=3256817; memory.pressure some avg10=0.00 avg60=0.00 avg300=0.00 total=66607902; io.pressure some avg10=0.00 avg60=0.00 avg300=0.00 total=894191
0 MiB, 0 %
== 21:19:00
Mem:         2063985      464674      934667        1218      680200     1599310
anon 5 MB; file 211750 MB; shmem 0 MB; file_mapped 64 MB; unevictable 0 MB; 
memory.current 211811 MB
nr_periods 122098 nr_throttled 1332 throttled_usec 16287060 
cpu.pressure some avg10=0.00 avg60=0.00 avg300=0.00 total=3257529; memory.pressure some avg10=0.00 avg60=0.00 avg300=0.00 total=66607902; io.pressure some avg10=0.00 avg60=0.00 avg300=0.00 total=894191
0 MiB, 0 %
== 21:19:20
Mem:         2063985      465704      933636        1218      680201     1598280
anon 5 MB; file 211750 MB; shmem 0 MB; file_mapped 64 MB; unevictable 0 MB; 
memory.current 211811 MB
nr_periods 122197 nr_throttled 1332 throttled_usec 16287060 
cpu.pressure some avg10=0.00 avg60=0.00 avg300=0.00 total=3259824; memory.pressure some avg10=0.00 avg60=0.00 avg300=0.00 total=66607902; io.pressure some avg10=0.00 avg60=0.00 avg300=0.00 total=894270
0 MiB, 0 %
== 21:19:40
Mem:         2063985      465194      934146        1218      680202     1598791
anon 7 MB; file 211750 MB; shmem 0 MB; file_mapped 64 MB; unevictable 0 MB; 
memory.current 211814 MB
nr_periods 122295 nr_throttled 1332 throttled_usec 16287060 
cpu.pressure some avg10=0.00 avg60=0.00 avg300=0.00 total=3263318; memory.pressure some avg10=0.00 avg60=0.00 avg300=0.00 total=66607902; io.pressure some avg10=0.00 avg60=0.00 avg300=0.00 total=894662
0 MiB, 0 %
== 21:20:01
Mem:         2063985      464875      934464        1218      680202     1599109
anon 7 MB; file 211750 MB; shmem 0 MB; file_mapped 64 MB; unevictable 0 MB; 
memory.current 211814 MB
nr_periods 122385 nr_throttled 1332 throttled_usec 16287060 
cpu.pressure some avg10=0.00 avg60=0.00 avg300=0.00 total=3266146; memory.pressure some avg10=0.00 avg60=0.00 avg300=0.00 total=66607902; io.pressure some avg10=0.00 avg60=0.00 avg300=0.00 total=895384
0 MiB, 0 %
== 21:20:21
Mem:         2063985      464577      934761        1218      680203     1599408
anon 7 MB; file 211750 MB; shmem 0 MB; file_mapped 64 MB; unevictable 0 MB; 
memory.current 211814 MB
nr_periods 122482 nr_throttled 1332 throttled_usec 16287060 
cpu.pressure some avg10=0.00 avg60=0.00 avg300=0.00 total=3269113; memory.pressure some avg10=0.00 avg60=0.00 avg300=0.00 total=66607902; io.pressure some avg10=0.00 avg60=0.00 avg300=0.00 total=895901
0 MiB, 0 %
