== 19:55:28
Mem:         2321782      647904      224052       52468     1522479     1673877
anon 8 MB; file 808 MB; shmem 0 MB; file_mapped 0 MB; unevictable 0 MB; 
memory.current 849 MB
nr_periods 274 nr_throttled 0 throttled_usec 0 
cpu.pressure some avg10=0.00 avg60=0.00 avg300=0.00 total=9641; memory.pressure some avg10=0.00 avg60=0.00 avg300=0.00 total=0; io.pressure some avg10=0.00 avg60=0.00 avg300=0.00 total=10494
0 MiB, 0 %
== 19:55:48
Mem:         2321782      649433      217400       52478     1527646     1672348
anon 3051 MB; file 996 MB; shmem 10 MB; file_mapped 12 MB; unevictable 0 MB; 
memory.current 4101 MB
nr_periods 474 nr_throttled 3 throttled_usec 8113303 
cpu.pressure some avg10=0.29 avg60=0.13 avg300=0.03 total=134106; memory.pressure some avg10=0.00 avg60=0.00 avg300=0.00 total=0; io.pressure some avg10=0.80 avg60=0.18 avg300=0.04 total=161605
750 MiB, 0 %
== 19:56:08
Mem:         2321782      647477      214570       52478     1532432     1674305
anon 1113 MB; file 1024 MB; shmem 10 MB; file_mapped 12 MB; unevictable 0 MB; 
memory.current 2188 MB
nr_periods 675 nr_throttled 3 throttled_usec 8113303 
cpu.pressure some avg10=0.03 avg60=0.09 avg300=0.02 total=134559; memory.pressure some avg10=0.00 avg60=0.00 avg300=0.00 total=0; io.pressure some avg10=0.10 avg60=0.13 avg300=0.03 total=161605
750 MiB, 0 %
== 19:56:28
Mem:         2321782      646391      212529       52468     1535520     1675390
anon 283 MB; file 964 MB; shmem 0 MB; file_mapped 0 MB; unevictable 0 MB; 
memory.current 1300 MB
nr_periods 874 nr_throttled 8 throttled_usec 21975234 
cpu.pressure some avg10=0.85 avg60=0.27 avg300=0.07 total=339001; memory.pressure some avg10=0.00 avg60=0.00 avg300=0.00 total=0; io.pressure some avg10=0.01 avg60=0.09 avg300=0.03 total=162328
1 MiB, 0 %
== 19:56:49
Mem:         2321782      644555      209817       52468     1540063     1677226
anon 5 MB; file 966 MB; shmem 0 MB; file_mapped 0 MB; unevictable 0 MB; 
memory.current 1013 MB
nr_periods 968 nr_throttled 11 throttled_usec 26439293 
cpu.pressure some avg10=0.20 avg60=0.28 avg300=0.08 total=407814; memory.pressure some avg10=0.00 avg60=0.00 avg300=0.00 total=0; io.pressure some avg10=0.00 avg60=0.06 avg300=0.02 total=162551
0 MiB, 0 %
== 19:57:09
Mem:         2321782      645301      203630       52468     1545526     1676481
anon 501 MB; file 2253 MB; shmem 0 MB; file_mapped 0 MB; unevictable 0 MB; 
memory.current 2826 MB
nr_periods 1051 nr_throttled 12 throttled_usec 30282404 
cpu.pressure some avg10=0.26 avg60=0.26 avg300=0.09 total=463800; memory.pressure some avg10=0.00 avg60=0.00 avg300=0.00 total=0; io.pressure some avg10=0.00 avg60=0.04 avg300=0.02 total=162725
4 MiB, 0 %
== 19:57:29
Mem:         2321782      645115      195611       52468     1553730     1676666
anon 1268 MB; file 6483 MB; shmem 0 MB; file_mapped 8 MB; unevictable 0 MB; 
memory.current 7818 MB
nr_periods 1252 nr_throttled 12 throttled_usec 30282404 
cpu.pressure some avg10=0.03 avg60=0.18 avg300=0.08 total=476024; memory.pressure some avg10=0.00 avg60=0.00 avg300=0.00 total=0; io.pressure some avg10=0.00 avg60=0.02 avg300=0.01 total=163338
4 MiB, 0 %
== 19:57:49
Mem:         2321782      645714      175301       52468     1573421     1676067
anon 2142 MB; file 21210 MB; shmem 0 MB; file_mapped 8 MB; unevictable 0 MB; 
memory.current 23416 MB
nr_periods 1452 nr_throttled 12 throttled_usec 30282404 
cpu.pressure some avg10=0.00 avg60=0.13 avg300=0.07 total=500806; memory.pressure some avg10=0.00 avg60=0.00 avg300=0.00 total=0; io.pressure some avg10=0.00 avg60=0.01 avg300=0.01 total=165020
0 MiB, 0 %
== 19:58:09
Mem:         2321782      645731      153219       52468     1595485     1676051
anon 2403 MB; file 37188 MB; shmem 0 MB; file_mapped 8 MB; unevictable 0 MB; 
memory.current 39697 MB
nr_periods 1653 nr_throttled 12 throttled_usec 30282404 
cpu.pressure some avg10=0.00 avg60=0.09 avg300=0.06 total=525260; memory.pressure some avg10=0.00 avg60=0.00 avg300=0.00 total=0; io.pressure some avg10=0.00 avg60=0.01 avg300=0.00 total=166056
0 MiB, 0 %
== 19:58:29
Mem:         2321782      644360      138631       52468     1611443     1677421
anon 1554 MB; file 50334 MB; shmem 0 MB; file_mapped 8 MB; unevictable 0 MB; 
memory.current 51984 MB
nr_periods 1851 nr_throttled 12 throttled_usec 30282404 
cpu.pressure some avg10=0.00 avg60=0.06 avg300=0.06 total=543559; memory.pressure some avg10=0.00 avg60=0.00 avg300=0.00 total=0; io.pressure some avg10=0.00 avg60=0.00 avg300=0.00 total=183017
0 MiB, 0 %
== 19:58:49
Mem:         2321782      645088      119115       52468     1630232     1676693
anon 2340 MB; file 64341 MB; shmem 0 MB; file_mapped 8 MB; unevictable 0 MB; 
memory.current 66744 MB
nr_periods 2051 nr_throttled 12 throttled_usec 30282404 
cpu.pressure some avg10=0.00 avg60=0.04 avg300=0.05 total=566685; memory.pressure some avg10=0.00 avg60=0.00 avg300=0.00 total=0; io.pressure some avg10=0.00 avg60=0.00 avg300=0.00 total=189166
0 MiB, 0 %
== 19:59:09
Mem:         2321782      644681      105721       52468     1644034     1677101
anon 2545 MB; file 73999 MB; shmem 0 MB; file_mapped 8 MB; unevictable 0 MB; 
memory.current 76603 MB
nr_periods 2252 nr_throttled 13 throttled_usec 33109874 
cpu.pressure some avg10=0.12 avg60=0.06 avg300=0.06 total=620433; memory.pressure some avg10=0.00 avg60=0.00 avg300=0.00 total=0; io.pressure some avg10=0.00 avg60=0.00 avg300=0.00 total=190674
0 MiB, 0 %
== 19:59:29
Mem:         2321782      644280       88106       52468     1662049     1677502
anon 2467 MB; file 88069 MB; shmem 0 MB; file_mapped 8 MB; unevictable 0 MB; 
memory.current 90598 MB
nr_periods 2452 nr_throttled 13 throttled_usec 33109874 
cpu.pressure some avg10=0.01 avg60=0.04 avg300=0.05 total=645188; memory.pressure some avg10=0.00 avg60=0.00 avg300=0.00 total=0; io.pressure some avg10=0.00 avg60=0.00 avg300=0.00 total=191814
0 MiB, 0 %
== 19:59:49
Mem:         2321782      643490       71389       52468     1679556     1678291
anon 2585 MB; file 99495 MB; shmem 0 MB; file_mapped 8 MB; unevictable 0 MB; 
memory.current 102142 MB
nr_periods 2651 nr_throttled 13 throttled_usec 33109874 
cpu.pressure some avg10=0.00 avg60=0.02 avg300=0.05 total=667267; memory.pressure some avg10=0.00 avg60=0.00 avg300=0.00 total=0; io.pressure some avg10=0.00 avg60=0.00 avg300=0.00 total=195997
0 MiB, 0 %
== 20:00:09
Mem:         2321782      643725       56269       52469     1694518     1678056
anon 2340 MB; file 111392 MB; shmem 0 MB; file_mapped 8 MB; unevictable 0 MB; 
memory.current 113852 MB
nr_periods 2851 nr_throttled 13 throttled_usec 33109874 
cpu.pressure some avg10=0.00 avg60=0.01 avg300=0.04 total=689549; memory.pressure some avg10=0.00 avg60=0.00 avg300=0.00 total=0; io.pressure some avg10=0.00 avg60=0.00 avg300=0.00 total=200514
0 MiB, 0 %
== 20:00:30
Mem:         2321782      630166      104101       52468     1651423     1691615
anon 1592 MB; file 125236 MB; shmem 0 MB; file_mapped 8 MB; unevictable 0 MB; 
memory.current 126950 MB
nr_periods 3053 nr_throttled 13 throttled_usec 33109874 
cpu.pressure some avg10=0.00 avg60=0.01 avg300=0.04 total=710520; memory.pressure some avg10=10.64 avg60=1.98 avg300=0.41 total=1524422; io.pressure some avg10=0.00 avg60=0.00 avg300=0.00 total=221273
0 MiB, 0 %
== 20:00:50
Mem:         2321782      632615      253448       52468     1499626     1689166
anon 3016 MB; file 135250 MB; shmem 0 MB; file_mapped 8 MB; unevictable 0 MB; 
memory.current 138330 MB
nr_periods 3254 nr_throttled 13 throttled_usec 33109874 
cpu.pressure some avg10=0.00 avg60=0.00 avg300=0.03 total=731634; memory.pressure some avg10=6.22 avg60=4.02 avg300=1.04 total=3350438; io.pressure some avg10=0.00 avg60=0.00 avg300=0.00 total=221292
0 MiB, 0 %
== 20:01:10
Mem:         2321782      630936      398032       52468     1356721     1690845
anon 2055 MB; file 146167 MB; shmem 0 MB; file_mapped 8 MB; unevictable 0 MB; 
memory.current 148355 MB
nr_periods 3452 nr_throttled 13 throttled_usec 33109874 
cpu.pressure some avg10=0.00 avg60=0.00 avg300=0.03 total=748162; memory.pressure some avg10=9.83 avg60=6.03 avg300=1.70 total=5634661; io.pressure some avg10=0.00 avg60=0.00 avg300=0.00 total=221787
0 MiB, 0 %
== 20:01:30
Mem:         2321782      631287      477294       52468     1277109     1690495
anon 1906 MB; file 158858 MB; shmem 0 MB; file_mapped 8 MB; unevictable 0 MB; 
memory.current 160832 MB
nr_periods 3652 nr_throttled 13 throttled_usec 33109874 
cpu.pressure some avg10=0.00 avg60=0.00 avg300=0.02 total=774901; memory.pressure some avg10=1.81 avg60=4.63 avg300=1.67 total=5942504; io.pressure some avg10=0.00 avg60=0.00 avg300=0.00 total=226459
0 MiB, 0 %
== 20:01:50
Mem:         2321782      632051      507096       52468     1246543     1689730
anon 2819 MB; file 170603 MB; shmem 0 MB; file_mapped 8 MB; unevictable 0 MB; 
memory.current 173489 MB
nr_periods 3853 nr_throttled 13 throttled_usec 33109874 
cpu.pressure some avg10=0.00 avg60=0.00 avg300=0.02 total=804010; memory.pressure some avg10=0.69 avg60=3.43 avg300=1.58 total=6028282; io.pressure some avg10=0.00 avg60=0.00 avg300=0.00 total=228249
0 MiB, 0 %
== 20:02:10
Mem:         2321782      631748      501555       52468     1252388     1690033
anon 2163 MB; file 181575 MB; shmem 0 MB; file_mapped 8 MB; unevictable 0 MB; 
memory.current 183807 MB
nr_periods 4050 nr_throttled 13 throttled_usec 33109874 
cpu.pressure some avg10=0.00 avg60=0.00 avg300=0.01 total=827731; memory.pressure some avg10=0.12 avg60=2.48 avg300=1.48 total=6057337; io.pressure some avg10=0.00 avg60=0.00 avg300=0.00 total=234493
0 MiB, 0 %
== 20:02:30
Mem:         2321782      632502      483389       52468     1269798     1689279
anon 2467 MB; file 195740 MB; shmem 0 MB; file_mapped 8 MB; unevictable 0 MB; 
memory.current 198273 MB
nr_periods 4251 nr_throttled 13 throttled_usec 33109874 
cpu.pressure some avg10=0.00 avg60=0.00 avg300=0.01 total=852803; memory.pressure some avg10=0.01 avg60=1.78 avg300=1.38 total=6057337; io.pressure some avg10=0.00 avg60=0.00 avg300=0.00 total=234554
0 MiB, 0 %
== 20:02:50
Mem:         2321782      630320      478195       52468     1277175     1691461
anon 133 MB; file 210545 MB; shmem 0 MB; file_mapped 0 MB; unevictable 0 MB; 
memory.current 210737 MB
nr_periods 4451 nr_throttled 13 throttled_usec 33109874 
cpu.pressure some avg10=0.00 avg60=0.00 avg300=0.00 total=876365; memory.pressure some avg10=0.00 avg60=1.27 avg300=1.29 total=6062025; io.pressure some avg10=0.00 avg60=0.00 avg300=0.00 total=236677
0 MiB, 0 %
== 20:03:10
Mem:         2321782      629907      541825       52468     1213957     1691874
anon 77 MB; file 217615 MB; shmem 0 MB; file_mapped 0 MB; unevictable 0 MB; 
memory.current 217740 MB
nr_periods 4652 nr_throttled 13 throttled_usec 33109874 
cpu.pressure some avg10=0.00 avg60=0.00 avg300=0.00 total=878722; memory.pressure some avg10=0.00 avg60=0.91 avg300=1.20 total=6094443; io.pressure some avg10=0.00 avg60=0.00 avg300=0.00 total=238474
0 MiB, 0 %
== 20:03:30
Mem:         2321782      629995      545768       52468     1209927     1691786
anon 77 MB; file 219874 MB; shmem 0 MB; file_mapped 0 MB; unevictable 0 MB; 
memory.current 220000 MB
nr_periods 4852 nr_throttled 13 throttled_usec 33109874 
cpu.pressure some avg10=0.00 avg60=0.00 avg300=0.00 total=881660; memory.pressure some avg10=0.00 avg60=0.65 avg300=1.12 total=6101899; io.pressure some avg10=0.00 avg60=0.00 avg300=0.00 total=238894
0 MiB, 0 %
== 20:03:50
Mem:         2321782      629841      541140       52468     1214709     1691940
anon 90 MB; file 219874 MB; shmem 0 MB; file_mapped 0 MB; unevictable 0 MB; 
memory.current 220021 MB
nr_periods 5052 nr_throttled 13 throttled_usec 33109874 
cpu.pressure some avg10=0.00 avg60=0.00 avg300=0.00 total=883100; memory.pressure some avg10=0.00 avg60=0.46 avg300=1.04 total=6101899; io.pressure some avg10=0.00 avg60=0.00 avg300=0.00 total=238894
0 MiB, 0 %
== 20:04:10
Mem:         2321782      629732      535221       52468     1220737     1692049
anon 77 MB; file 219874 MB; shmem 0 MB; file_mapped 0 MB; unevictable 0 MB; 
memory.current 220000 MB
nr_periods 5253 nr_throttled 13 throttled_usec 33109874 
cpu.pressure some avg10=0.00 avg60=0.00 avg300=0.00 total=885603; memory.pressure some avg10=0.00 avg60=0.33 avg300=0.97 total=6101899; io.pressure some avg10=0.00 avg60=0.00 avg300=0.00 total=238894
0 MiB, 0 %
== 20:04:30
Mem:         2321782      629943      528583       52468     1227163     1691838
anon 109 MB; file 220175 MB; shmem 0 MB; file_mapped 0 MB; unevictable 0 MB; 
memory.current 220339 MB
nr_periods 5453 nr_throttled 13 throttled_usec 33109874 
cpu.pressure some avg10=0.00 avg60=0.00 avg300=0.00 total=887980; memory.pressure some avg10=0.00 avg60=0.23 avg300=0.90 total=6101899; io.pressure some avg10=0.00 avg60=0.00 avg300=0.00 total=254625
0 MiB, 0 %
== 20:04:50
Mem:         2321782      629824      519632       52468     1236234     1691957
anon 77 MB; file 220572 MB; shmem 0 MB; file_mapped 0 MB; unevictable 0 MB; 
memory.current 220697 MB
nr_periods 5654 nr_throttled 13 throttled_usec 33109874 
cpu.pressure some avg10=0.00 avg60=0.00 avg300=0.00 total=889901; memory.pressure some avg10=0.00 avg60=0.16 avg300=0.84 total=6101899; io.pressure some avg10=0.00 avg60=0.00 avg300=0.00 total=289631
0 MiB, 0 %
== 20:05:10
Mem:         2321782      630073      509882       52468     1245736     1691709
anon 77 MB; file 220841 MB; shmem 0 MB; file_mapped 0 MB; unevictable 0 MB; 
memory.current 220966 MB
nr_periods 5854 nr_throttled 13 throttled_usec 33109874 
cpu.pressure some avg10=0.00 avg60=0.00 avg300=0.00 total=893254; memory.pressure some avg10=0.00 avg60=0.11 avg300=0.78 total=6101899; io.pressure some avg10=0.00 avg60=0.00 avg300=0.00 total=307862
0 MiB, 0 %
== 20:05:30
Mem:         2321782      630060      501958       52468     1253672     1691721
anon 77 MB; file 221845 MB; shmem 0 MB; file_mapped 0 MB; unevictable 0 MB; 
memory.current 221971 MB
nr_periods 6054 nr_throttled 13 throttled_usec 33109874 
cpu.pressure some avg10=0.00 avg60=0.00 avg300=0.00 total=894390; memory.pressure some avg10=0.00 avg60=0.08 avg300=0.73 total=6101899; io.pressure some avg10=0.00 avg60=0.00 avg300=0.00 total=330145
0 MiB, 0 %
== 20:05:50
Mem:         2321782      629520      496210       52468     1259960     1692261
anon 178 MB; file 223999 MB; shmem 0 MB; file_mapped 0 MB; unevictable 0 MB; 
memory.current 224234 MB
nr_periods 6116 nr_throttled 13 throttled_usec 33109874 
cpu.pressure some avg10=0.00 avg60=0.00 avg300=0.00 total=894992; memory.pressure some avg10=0.00 avg60=0.05 avg300=0.68 total=6103271; io.pressure some avg10=0.00 avg60=0.00 avg300=0.00 total=467392
0 MiB, 0 %
== 20:06:10
Mem:         2321782      630724      494138       52468     1260849     1691058
anon 873 MB; file 220506 MB; shmem 0 MB; file_mapped 6 MB; unevictable 0 MB; 
memory.current 221436 MB
nr_periods 6255 nr_throttled 14 throttled_usec 36059213 
cpu.pressure some avg10=0.24 avg60=0.06 avg300=0.01 total=942016; memory.pressure some avg10=0.00 avg60=0.03 avg300=0.63 total=6103457; io.pressure some avg10=0.26 avg60=0.19 avg300=0.05 total=517504
4 MiB, 0 %
== 20:06:30
Mem:         2321782      633371      486084       52488     1266287     1688410
anon 944 MB; file 220583 MB; shmem 19 MB; file_mapped 58 MB; unevictable 0 MB; 
memory.current 221589 MB
nr_periods 6456 nr_throttled 14 throttled_usec 36059213 
cpu.pressure some avg10=0.03 avg60=0.04 avg300=0.00 total=943928; memory.pressure some avg10=0.13 avg60=0.10 avg300=0.60 total=6176992; io.pressure some avg10=0.03 avg60=0.13 avg300=0.04 total=521086
2690 MiB, 0 %
== 20:06:50
Mem:         2321782      632800      481704       52468     1271185     1688981
anon 141 MB; file 220518 MB; shmem 0 MB; file_mapped 0 MB; unevictable 0 MB; 
memory.current 220713 MB
nr_periods 6656 nr_throttled 20 throttled_usec 52288121 
cpu.pressure some avg10=1.17 avg60=0.30 avg300=0.06 total=1188401; memory.pressure some avg10=0.21 avg60=0.15 avg300=0.58 total=6255100; io.pressure some avg10=0.00 avg60=0.09 avg300=0.04 total=522805
0 MiB, 0 %
== 20:07:10
Mem:         2321782      633047      476518       52468     1276145     1688734
anon 990 MB; file 220527 MB; shmem 0 MB; file_mapped 8 MB; unevictable 0 MB; 
memory.current 221573 MB
nr_periods 6857 nr_throttled 26 throttled_usec 73672508 
cpu.pressure some avg10=0.85 avg60=0.51 avg300=0.13 total=1505118; memory.pressure some avg10=0.02 avg60=0.10 avg300=0.54 total=6255106; io.pressure some avg10=0.00 avg60=0.06 avg300=0.03 total=526837
4 MiB, 0 %
== 20:07:30
Mem:         2321782      633764      470760       52488     1281219     1688018
anon 774 MB; file 220548 MB; shmem 19 MB; file_mapped 2592 MB; unevictable 0 MB; 
memory.current 221394 MB
nr_periods 7057 nr_throttled 28 throttled_usec 85731120 
cpu.pressure some avg10=0.33 avg60=0.50 avg300=0.15 total=1623907; memory.pressure some avg10=9.87 avg60=2.90 avg300=1.14 total=8167405; io.pressure some avg10=0.00 avg60=0.04 avg300=0.03 total=527530
14574 MiB, 99 %
== 20:07:50
Mem:         2321782      633525      465556       52488     1286662     1688256
anon 774 MB; file 220548 MB; shmem 19 MB; file_mapped 9117 MB; unevictable 0 MB; 
memory.current 221403 MB
nr_periods 7257 nr_throttled 28 throttled_usec 85731120 
cpu.pressure some avg10=0.04 avg60=0.35 avg300=0.14 total=1625574; memory.pressure some avg10=1.33 avg60=2.08 avg300=1.06 total=8167405; io.pressure some avg10=0.00 avg60=0.03 avg300=0.02 total=527808
14574 MiB, 98 %
== 20:08:11
Mem:         2321782      633102      460362       52490     1292281     1688679
anon 1279 MB; file 220550 MB; shmem 21 MB; file_mapped 10973 MB; unevictable 0 MB; 
memory.current 221929 MB
nr_periods 7458 nr_throttled 28 throttled_usec 85731120 
cpu.pressure some avg10=0.00 avg60=0.25 avg300=0.13 total=1628995; memory.pressure some avg10=9.48 avg60=3.79 avg300=1.50 total=9773959; io.pressure some avg10=0.00 avg60=0.02 avg300=0.02 total=528340
26688 MiB, 8 %
== 20:08:31
Mem:         2321782      631057      457711       52490     1296977     1690724
anon 1126 MB; file 220550 MB; shmem 21 MB; file_mapped 10973 MB; unevictable 0 MB; 
memory.current 221763 MB
nr_periods 7658 nr_throttled 29 throttled_usec 90433546 
cpu.pressure some avg10=0.07 avg60=0.23 avg300=0.13 total=1676466; memory.pressure some avg10=16.45 avg60=7.31 avg300=2.47 total=13343189; io.pressure some avg10=0.00 avg60=0.01 avg300=0.01 total=528353
34622 MiB, 93 %
== 20:08:51
Mem:         2321782      631387      453910       52490     1300448     1690394
anon 1126 MB; file 220550 MB; shmem 21 MB; file_mapped 10973 MB; unevictable 0 MB; 
memory.current 221759 MB
nr_periods 7859 nr_throttled 29 throttled_usec 90433546 
cpu.pressure some avg10=0.00 avg60=0.16 avg300=0.12 total=1678146; memory.pressure some avg10=2.76 avg60=5.67 avg300=2.42 total=13343189; io.pressure some avg10=0.00 avg60=0.00 avg300=0.01 total=528353
34622 MiB, 98 %
== 20:09:11
Mem:         2321782      631809      449474       52490     1304462     1689973
anon 1588 MB; file 220550 MB; shmem 21 MB; file_mapped 10973 MB; unevictable 0 MB; 
memory.current 222234 MB
nr_periods 8059 nr_throttled 29 throttled_usec 90433546 
cpu.pressure some avg10=0.00 avg60=0.11 avg300=0.11 total=1679693; memory.pressure some avg10=1.28 avg60=4.23 avg300=2.29 total=14145285; io.pressure some avg10=0.00 avg60=0.00 avg300=0.00 total=528353
42536 MiB, 0 %
== 20:09:31
Mem:         2321782      631957      445463       52490     1308325     1689825
anon 1672 MB; file 220550 MB; shmem 21 MB; file_mapped 10973 MB; unevictable 0 MB; 
memory.current 222309 MB
nr_periods 8260 nr_throttled 29 throttled_usec 90433546 
cpu.pressure some avg10=0.00 avg60=0.08 avg300=0.10 total=1680712; memory.pressure some avg10=5.22 avg60=6.52 avg300=3.04 total=16281726; io.pressure some avg10=0.00 avg60=0.00 avg300=0.00 total=528353
42536 MiB, 96 %
== 20:09:51
Mem:         2321782      635475      436879       52490     1313391     1686307
anon 4544 MB; file 220550 MB; shmem 21 MB; file_mapped 10973 MB; unevictable 0 MB; 
memory.current 225185 MB
nr_periods 8460 nr_throttled 35 throttled_usec 131516239 
cpu.pressure some avg10=2.66 avg60=0.62 avg300=0.21 total=2059111; memory.pressure some avg10=0.70 avg60=4.67 avg300=2.84 total=16281726; io.pressure some avg10=0.00 avg60=0.00 avg300=0.00 total=528353
42536 MiB, 0 %
== 20:10:11
Mem:         2321782      633284      432296       52490     1320165     1688497
anon 3085 MB; file 222994 MB; shmem 21 MB; file_mapped 10974 MB; unevictable 0 MB; 
memory.current 226170 MB
nr_periods 8661 nr_throttled 35 throttled_usec 131516239 
cpu.pressure some avg10=0.36 avg60=0.44 avg300=0.20 total=2061286; memory.pressure some avg10=0.09 avg60=3.35 avg300=2.65 total=16281726; io.pressure some avg10=0.00 avg60=0.00 avg300=0.00 total=528673
42536 MiB, 0 %
== 20:10:31
Mem:         2321782      635158      426314       52490     1324272     1686623
anon 4334 MB; file 222994 MB; shmem 21 MB; file_mapped 10974 MB; unevictable 0 MB; 
memory.current 227421 MB
nr_periods 8863 nr_throttled 35 throttled_usec 131516239 
cpu.pressure some avg10=0.04 avg60=0.31 avg300=0.18 total=2061753; memory.pressure some avg10=0.01 avg60=2.40 avg300=2.47 total=16281726; io.pressure some avg10=0.00 avg60=0.00 avg300=0.00 total=528717
42536 MiB, 0 %
== 20:10:51
Mem:         2321782      635381      423329       52490     1327039     1686400
anon 4334 MB; file 222994 MB; shmem 21 MB; file_mapped 10974 MB; unevictable 0 MB; 
memory.current 227420 MB
nr_periods 9063 nr_throttled 35 throttled_usec 131516239 
cpu.pressure some avg10=0.00 avg60=0.22 avg300=0.17 total=2062417; memory.pressure some avg10=0.00 avg60=1.71 avg300=2.30 total=16281726; io.pressure some avg10=0.00 avg60=0.00 avg300=0.00 total=528905
42536 MiB, 0 %
== 20:11:11
Mem:         2321782      635318      419991       52490     1330459     1686463
anon 4334 MB; file 222994 MB; shmem 21 MB; file_mapped 10974 MB; unevictable 0 MB; 
memory.current 227419 MB
nr_periods 9264 nr_throttled 35 throttled_usec 131516239 
cpu.pressure some avg10=0.00 avg60=0.15 avg300=0.15 total=2062870; memory.pressure some avg10=0.00 avg60=1.18 avg300=2.13 total=16281726; io.pressure some avg10=0.00 avg60=0.00 avg300=0.00 total=528921
42536 MiB, 0 %
== 20:11:31
Mem:         2321782      635392      415628       52490     1334780     1686389
anon 4334 MB; file 222994 MB; shmem 21 MB; file_mapped 10974 MB; unevictable 0 MB; 
memory.current 227420 MB
nr_periods 9464 nr_throttled 35 throttled_usec 131516239 
cpu.pressure some avg10=0.00 avg60=0.10 avg300=0.14 total=2063455; memory.pressure some avg10=0.00 avg60=0.85 avg300=1.99 total=16281726; io.pressure some avg10=0.00 avg60=0.00 avg300=0.00 total=529007
42536 MiB, 0 %
== 20:11:51
Mem:         2321782      635476      410802       52490     1339546     1686305
anon 4334 MB; file 222994 MB; shmem 21 MB; file_mapped 10974 MB; unevictable 0 MB; 
memory.current 227421 MB
nr_periods 9664 nr_throttled 35 throttled_usec 131516239 
cpu.pressure some avg10=0.00 avg60=0.07 avg300=0.13 total=2063925; memory.pressure some avg10=0.00 avg60=0.60 avg300=1.85 total=16281726; io.pressure some avg10=0.00 avg60=0.00 avg300=0.00 total=529202
42536 MiB, 0 %
== 20:12:11
Mem:         2321782      635344      405690       52490     1344818     1686437
anon 4334 MB; file 222994 MB; shmem 21 MB; file_mapped 10974 MB; unevictable 0 MB; 
memory.current 227420 MB
nr_periods 9865 nr_throttled 35 throttled_usec 131516239 
cpu.pressure some avg10=0.00 avg60=0.05 avg300=0.12 total=2064374; memory.pressure some avg10=0.00 avg60=0.43 avg300=1.73 total=16281726; io.pressure some avg10=0.00 avg60=0.00 avg300=0.00 total=529207
42536 MiB, 0 %
== 20:12:31
Mem:         2321782      635361      401385       52490     1349122     1686420
anon 4334 MB; file 222994 MB; shmem 21 MB; file_mapped 10974 MB; unevictable 0 MB; 
memory.current 227420 MB
nr_periods 10065 nr_throttled 35 throttled_usec 131516239 
cpu.pressure some avg10=0.00 avg60=0.03 avg300=0.11 total=2064985; memory.pressure some avg10=0.00 avg60=0.30 avg300=1.61 total=16281726; io.pressure some avg10=0.00 avg60=0.00 avg300=0.00 total=529322
42536 MiB, 0 %
== 20:12:51
Mem:         2321782      635342      394094       52490     1356460     1686439
anon 4334 MB; file 222994 MB; shmem 21 MB; file_mapped 10974 MB; unevictable 0 MB; 
memory.current 227420 MB
nr_periods 10265 nr_throttled 35 throttled_usec 131516239 
cpu.pressure some avg10=0.00 avg60=0.02 avg300=0.10 total=2065556; memory.pressure some avg10=0.00 avg60=0.21 avg300=1.50 total=16281726; io.pressure some avg10=0.00 avg60=0.00 avg300=0.00 total=529364
42536 MiB, 0 %
== 20:13:11
Mem:         2321782      634527      388905       52490     1362480     1687254
anon 4334 MB; file 222994 MB; shmem 21 MB; file_mapped 10974 MB; unevictable 0 MB; 
memory.current 227420 MB
nr_periods 10466 nr_throttled 35 throttled_usec 131516239 
cpu.pressure some avg10=0.00 avg60=0.01 avg300=0.09 total=2066004; memory.pressure some avg10=0.00 avg60=0.15 avg300=1.40 total=16281726; io.pressure some avg10=0.00 avg60=0.00 avg300=0.00 total=529413
42536 MiB, 0 %
== 20:13:31
Mem:         2321782      635066      383784       52490     1367082     1686715
anon 4334 MB; file 222994 MB; shmem 21 MB; file_mapped 10974 MB; unevictable 0 MB; 
memory.current 227419 MB
nr_periods 10666 nr_throttled 35 throttled_usec 131516239 
cpu.pressure some avg10=0.00 avg60=0.00 avg300=0.08 total=2066496; memory.pressure some avg10=0.00 avg60=0.10 avg300=1.31 total=16281726; io.pressure some avg10=0.00 avg60=0.00 avg300=0.00 total=529472
42536 MiB, 0 %
== 20:13:51
Mem:         2321782      635220      376417       52490     1374331     1686561
anon 4334 MB; file 222994 MB; shmem 21 MB; file_mapped 10974 MB; unevictable 0 MB; 
memory.current 227421 MB
nr_periods 10867 nr_throttled 35 throttled_usec 131516239 
cpu.pressure some avg10=0.00 avg60=0.00 avg300=0.07 total=2067064; memory.pressure some avg10=0.00 avg60=0.07 avg300=1.22 total=16281726; io.pressure some avg10=0.00 avg60=0.00 avg300=0.00 total=529514
42536 MiB, 0 %
== 20:14:11
Mem:         2321782      635657      370842       52490     1379502     1686124
anon 4334 MB; file 222994 MB; shmem 21 MB; file_mapped 10974 MB; unevictable 0 MB; 
memory.current 227420 MB
nr_periods 11067 nr_throttled 35 throttled_usec 131516239 
cpu.pressure some avg10=0.00 avg60=0.00 avg300=0.06 total=2067579; memory.pressure some avg10=0.00 avg60=0.05 avg300=1.13 total=16281726; io.pressure some avg10=0.00 avg60=0.00 avg300=0.00 total=529580
42536 MiB, 0 %
== 20:14:31
Mem:         2321782      632950      367607       52488     1385454     1688831
anon 761 MB; file 220548 MB; shmem 19 MB; file_mapped 47 MB; unevictable 0 MB; 
memory.current 221389 MB
nr_periods 11267 nr_throttled 38 throttled_usec 142586014 
cpu.pressure some avg10=0.90 avg60=0.16 avg300=0.09 total=2179018; memory.pressure some avg10=0.00 avg60=0.03 avg300=1.05 total=16281726; io.pressure some avg10=0.00 avg60=0.00 avg300=0.00 total=529582
1598 MiB, 0 %
== 20:14:52
Mem:         2321782      634237      435210       52488     1316563     1687544
anon 774 MB; file 220548 MB; shmem 19 MB; file_mapped 3199 MB; unevictable 0 MB; 
memory.current 221390 MB
nr_periods 11468 nr_throttled 38 throttled_usec 142586014 
cpu.pressure some avg10=0.12 avg60=0.11 avg300=0.08 total=2183732; memory.pressure some avg10=11.52 avg60=4.50 avg300=2.04 total=19541648; io.pressure some avg10=0.00 avg60=0.00 avg300=0.00 total=529586
14574 MiB, 97 %
== 20:15:12
Mem:         2321782      634249      427829       52488     1323932     1687532
anon 774 MB; file 220548 MB; shmem 19 MB; file_mapped 9804 MB; unevictable 0 MB; 
memory.current 221402 MB
nr_periods 11668 nr_throttled 38 throttled_usec 142586014 
cpu.pressure some avg10=0.01 avg60=0.08 avg300=0.07 total=2187260; memory.pressure some avg10=1.56 avg60=3.22 avg300=1.91 total=19541648; io.pressure some avg10=0.00 avg60=0.00 avg300=0.00 total=530399
14574 MiB, 97 %
== 20:15:32
Mem:         2321782      635283      418778       52490     1331951     1686498
anon 1870 MB; file 220550 MB; shmem 21 MB; file_mapped 10973 MB; unevictable 0 MB; 
memory.current 222575 MB
nr_periods 11869 nr_throttled 38 throttled_usec 142586014 
cpu.pressure some avg10=0.00 avg60=0.05 avg300=0.06 total=2194102; memory.pressure some avg10=20.95 avg60=8.39 avg300=3.18 total=23904204; io.pressure some avg10=0.00 avg60=0.00 avg300=0.00 total=530399
34346 MiB, 0 %
== 20:15:52
Mem:         2321782      634367      410513       52490     1341132     1687414
anon 1106 MB; file 220550 MB; shmem 21 MB; file_mapped 10973 MB; unevictable 0 MB; 
memory.current 221740 MB
nr_periods 12069 nr_throttled 38 throttled_usec 142586014 
cpu.pressure some avg10=0.00 avg60=0.03 avg300=0.06 total=2196209; memory.pressure some avg10=3.76 avg60=6.77 avg300=3.16 total=24446841; io.pressure some avg10=0.00 avg60=0.00 avg300=0.00 total=530408
50408 MiB, 97 %
== 20:16:12
Mem:         2321782      634377      404634       52490     1347001     1687404
anon 1106 MB; file 220550 MB; shmem 21 MB; file_mapped 10973 MB; unevictable 0 MB; 
memory.current 221740 MB
nr_periods 12269 nr_throttled 38 throttled_usec 142586014 
cpu.pressure some avg10=0.00 avg60=0.02 avg300=0.06 total=2196874; memory.pressure some avg10=0.50 avg60=4.85 avg300=2.95 total=24446841; io.pressure some avg10=0.00 avg60=0.00 avg300=0.00 total=530408
50414 MiB, 97 %
== 20:16:32
Mem:         2321782      634459      398588       52490     1352965     1687323
anon 1417 MB; file 220550 MB; shmem 21 MB; file_mapped 10973 MB; unevictable 0 MB; 
memory.current 222063 MB
nr_periods 12470 nr_throttled 38 throttled_usec 142586014 
cpu.pressure some avg10=0.00 avg60=0.01 avg300=0.05 total=2198397; memory.pressure some avg10=0.06 avg60=3.47 avg300=2.75 total=24446841; io.pressure some avg10=0.00 avg60=0.00 avg300=0.00 total=530408
50430 MiB, 96 %
== 20:16:52
Mem:         2321782      634842      392379       52490     1358791     1686939
anon 2014 MB; file 220550 MB; shmem 21 MB; file_mapped 10973 MB; unevictable 0 MB; 
memory.current 222649 MB
nr_periods 12670 nr_throttled 38 throttled_usec 142586014 
cpu.pressure some avg10=0.00 avg60=0.01 avg300=0.05 total=2199774; memory.pressure some avg10=0.00 avg60=2.49 avg300=2.57 total=24446841; io.pressure some avg10=0.00 avg60=0.00 avg300=0.00 total=530408
50430 MiB, 97 %
== 20:17:12
Mem:         2321782      634747      382346       52490     1368919     1687034
anon 2043 MB; file 222987 MB; shmem 21 MB; file_mapped 10973 MB; unevictable 0 MB; 
memory.current 225116 MB
nr_periods 12871 nr_throttled 44 throttled_usec 182476992 
cpu.pressure some avg10=0.65 avg60=0.45 avg300=0.16 total=2566939; memory.pressure some avg10=0.00 avg60=1.78 avg300=2.39 total=24446841; io.pressure some avg10=0.00 avg60=0.00 avg300=0.00 total=530408
50430 MiB, 0 %
== 20:17:32
Mem:         2321782      637254      372544       52490     1376219     1684527
anon 4272 MB; file 222994 MB; shmem 21 MB; file_mapped 10974 MB; unevictable 0 MB; 
memory.current 227358 MB
nr_periods 13071 nr_throttled 44 throttled_usec 182476992 
cpu.pressure some avg10=0.08 avg60=0.32 avg300=0.14 total=2567524; memory.pressure some avg10=0.00 avg60=1.27 avg300=2.23 total=24446841; io.pressure some avg10=0.00 avg60=0.00 avg300=0.00 total=531058
50430 MiB, 0 %
== 20:17:52
Mem:         2321782      636619      367666       52490     1381732     1685162
anon 4272 MB; file 222994 MB; shmem 21 MB; file_mapped 10974 MB; unevictable 0 MB; 
memory.current 227358 MB
nr_periods 13272 nr_throttled 44 throttled_usec 182476992 
cpu.pressure some avg10=0.01 avg60=0.23 avg300=0.13 total=2568519; memory.pressure some avg10=0.00 avg60=0.91 avg300=2.08 total=24446841; io.pressure some avg10=0.00 avg60=0.00 avg300=0.00 total=531123
50430 MiB, 0 %
== 20:18:12
Mem:         2321782      636589      368622       52490     1380833     1685192
anon 4272 MB; file 222994 MB; shmem 21 MB; file_mapped 10974 MB; unevictable 0 MB; 
memory.current 227358 MB
nr_periods 13473 nr_throttled 44 throttled_usec 182476992 
cpu.pressure some avg10=0.00 avg60=0.16 avg300=0.12 total=2568976; memory.pressure some avg10=0.00 avg60=0.65 avg300=1.94 total=24446841; io.pressure some avg10=0.00 avg60=0.00 avg300=0.00 total=531164
50430 MiB, 0 %
== 20:18:32
Mem:         2321782      636287      478133       52490     1271625     1685494
anon 4272 MB; file 222994 MB; shmem 21 MB; file_mapped 10974 MB; unevictable 0 MB; 
memory.current 227358 MB
nr_periods 13673 nr_throttled 44 throttled_usec 182476992 
cpu.pressure some avg10=0.00 avg60=0.11 avg300=0.11 total=2569462; memory.pressure some avg10=0.00 avg60=0.46 avg300=1.81 total=24446841; io.pressure some avg10=0.00 avg60=0.00 avg300=0.00 total=531210
50430 MiB, 0 %
== 20:18:52
Mem:         2321782      636289      471593       52490     1278163     1685493
anon 4272 MB; file 222994 MB; shmem 21 MB; file_mapped 10974 MB; unevictable 0 MB; 
memory.current 227357 MB
nr_periods 13874 nr_throttled 44 throttled_usec 182476992 
cpu.pressure some avg10=0.00 avg60=0.08 avg300=0.10 total=2569960; memory.pressure some avg10=0.00 avg60=0.33 avg300=1.69 total=24446841; io.pressure some avg10=0.00 avg60=0.00 avg300=0.00 total=531210
50430 MiB, 0 %
== 20:19:12
Mem:         2321782      636106      464557       52490     1285382     1685676
anon 4272 MB; file 222994 MB; shmem 21 MB; file_mapped 10974 MB; unevictable 0 MB; 
memory.current 227358 MB
nr_periods 14074 nr_throttled 44 throttled_usec 182476992 
cpu.pressure some avg10=0.00 avg60=0.05 avg300=0.09 total=2570397; memory.pressure some avg10=0.00 avg60=0.23 avg300=1.57 total=24446841; io.pressure some avg10=0.00 avg60=0.00 avg300=0.00 total=532199
50430 MiB, 0 %
== 20:19:32
Mem:         2321782      636243      457460       52490     1292342     1685539
anon 4272 MB; file 222994 MB; shmem 21 MB; file_mapped 10974 MB; unevictable 0 MB; 
memory.current 227357 MB
nr_periods 14274 nr_throttled 44 throttled_usec 182476992 
cpu.pressure some avg10=0.00 avg60=0.03 avg300=0.08 total=2570876; memory.pressure some avg10=0.00 avg60=0.16 avg300=1.47 total=24446841; io.pressure some avg10=0.00 avg60=0.00 avg300=0.00 total=532295
50430 MiB, 0 %
== 20:19:52
Mem:         2321782      636280      448189       52490     1301575     1685501
anon 4272 MB; file 222994 MB; shmem 21 MB; file_mapped 10974 MB; unevictable 0 MB; 
memory.current 227358 MB
nr_periods 14475 nr_throttled 44 throttled_usec 182476992 
cpu.pressure some avg10=0.00 avg60=0.02 avg300=0.07 total=2571524; memory.pressure some avg10=0.00 avg60=0.11 avg300=1.37 total=24446841; io.pressure some avg10=0.00 avg60=0.00 avg300=0.00 total=532402
50430 MiB, 0 %
== 20:20:12
Mem:         2321782      636356      451913       52490     1297776     1685425
anon 4272 MB; file 222994 MB; shmem 21 MB; file_mapped 10974 MB; unevictable 0 MB; 
memory.current 227358 MB
nr_periods 14675 nr_throttled 44 throttled_usec 182476992 
cpu.pressure some avg10=0.00 avg60=0.01 avg300=0.06 total=2572097; memory.pressure some avg10=0.00 avg60=0.08 avg300=1.27 total=24446841; io.pressure some avg10=0.00 avg60=0.00 avg300=0.00 total=532432
50430 MiB, 0 %
== 20:20:32
Mem:         2321782      636298      444726       52490     1305020     1685483
anon 4272 MB; file 222994 MB; shmem 21 MB; file_mapped 10974 MB; unevictable 0 MB; 
memory.current 227358 MB
nr_periods 14876 nr_throttled 44 throttled_usec 182476992 
cpu.pressure some avg10=0.00 avg60=0.01 avg300=0.06 total=2572650; memory.pressure some avg10=0.00 avg60=0.05 avg300=1.18 total=24446841; io.pressure some avg10=0.00 avg60=0.00 avg300=0.00 total=532454
50430 MiB, 0 %
== 20:20:52
Mem:         2321782      636238      438044       52490     1311762     1685543
anon 4272 MB; file 222994 MB; shmem 21 MB; file_mapped 10974 MB; unevictable 0 MB; 
memory.current 227358 MB
nr_periods 15076 nr_throttled 44 throttled_usec 182476992 
cpu.pressure some avg10=0.00 avg60=0.00 avg300=0.05 total=2573316; memory.pressure some avg10=0.00 avg60=0.03 avg300=1.10 total=24446841; io.pressure some avg10=0.00 avg60=0.00 avg300=0.00 total=532457
50430 MiB, 0 %
== 20:21:12
Mem:         2321782      636187      430799       52490     1319058     1685594
anon 4272 MB; file 222994 MB; shmem 21 MB; file_mapped 10974 MB; unevictable 0 MB; 
memory.current 227357 MB
nr_periods 15276 nr_throttled 44 throttled_usec 182476992 
cpu.pressure some avg10=0.00 avg60=0.00 avg300=0.05 total=2573791; memory.pressure some avg10=0.00 avg60=0.02 avg300=1.03 total=24446841; io.pressure some avg10=0.00 avg60=0.00 avg300=0.00 total=532487
50430 MiB, 0 %
== 20:21:32
Mem:         2321782      632041      430619       52468     1323350     1689740
anon 605 MB; file 220529 MB; shmem 0 MB; file_mapped 4 MB; unevictable 0 MB; 
memory.current 221191 MB
nr_periods 15477 nr_throttled 45 throttled_usec 185214011 
cpu.pressure some avg10=0.14 avg60=0.03 avg300=0.05 total=2613550; memory.pressure some avg10=0.00 avg60=0.01 avg300=0.96 total=24446841; io.pressure some avg10=0.00 avg60=0.00 avg300=0.00 total=532487
4 MiB, 0 %
== 20:21:52
Mem:         2321782      634251      420612       52488     1331179     1687530
anon 773 MB; file 220549 MB; shmem 19 MB; file_mapped 1691 MB; unevictable 0 MB; 
memory.current 221393 MB
nr_periods 15677 nr_throttled 47 throttled_usec 191847270 
cpu.pressure some avg10=0.18 avg60=0.10 avg300=0.07 total=2698846; memory.pressure some avg10=6.78 avg60=1.43 avg300=1.20 total=25382609; io.pressure some avg10=0.00 avg60=0.00 avg300=0.00 total=532587
38280 MiB, 100 %
== 20:22:13
Mem:         2321782      637518      435782       52490     1312745     1684263
anon 3546 MB; file 220551 MB; shmem 21 MB; file_mapped 10973 MB; unevictable 0 MB; 
memory.current 224187 MB
nr_periods 15878 nr_throttled 47 throttled_usec 191847270 
cpu.pressure some avg10=0.06 avg60=0.09 avg300=0.07 total=2770435; memory.pressure some avg10=8.72 avg60=2.93 avg300=1.54 total=26660766; io.pressure some avg10=0.00 avg60=0.00 avg300=0.00 total=532589
6144 MiB, 0 %
== 20:22:33
Mem:         2321782      634180      430438       52490     1321426     1687601
anon 1056 MB; file 220551 MB; shmem 21 MB; file_mapped 10973 MB; unevictable 0 MB; 
memory.current 221707 MB
nr_periods 16078 nr_throttled 50 throttled_usec 192364238 
cpu.pressure some avg10=0.00 avg60=0.06 avg300=0.06 total=2782786; memory.pressure some avg10=10.24 avg60=5.63 avg300=2.27 total=29238565; io.pressure some avg10=0.00 avg60=0.00 avg300=0.00 total=532592
30080 MiB, 6 %
== 20:22:53
Mem:         2321782      637245      419872       52490     1328927     1684536
anon 3607 MB; file 220551 MB; shmem 21 MB; file_mapped 10973 MB; unevictable 0 MB; 
memory.current 224249 MB
nr_periods 16278 nr_throttled 52 throttled_usec 193057919 
cpu.pressure some avg10=0.00 avg60=0.04 avg300=0.06 total=2796176; memory.pressure some avg10=18.90 avg60=8.26 avg300=3.05 total=32009212; io.pressure some avg10=0.00 avg60=0.00 avg300=0.00 total=532604
6422 MiB, 100 %
== 20:23:13
Mem:         2321782      636872      414414       52490     1334759     1684910
anon 3599 MB; file 220551 MB; shmem 21 MB; file_mapped 10973 MB; unevictable 0 MB; 
memory.current 224248 MB
nr_periods 16479 nr_throttled 52 throttled_usec 193057919 
cpu.pressure some avg10=0.00 avg60=0.03 avg300=0.05 total=2803533; memory.pressure some avg10=12.44 avg60=8.74 avg300=3.49 total=34253218; io.pressure some avg10=0.00 avg60=0.00 avg300=0.00 total=532607
45910 MiB, 89 %
== 20:23:33
Mem:         2321782      636809      404990       52490     1344245     1684972
anon 3596 MB; file 221844 MB; shmem 21 MB; file_mapped 10974 MB; unevictable 0 MB; 
memory.current 225532 MB
nr_periods 16679 nr_throttled 52 throttled_usec 193057919 
cpu.pressure some avg10=0.00 avg60=0.02 avg300=0.05 total=2816330; memory.pressure some avg10=2.07 avg60=6.58 avg300=3.34 total=34253218; io.pressure some avg10=0.00 avg60=0.00 avg300=0.00 total=548412
45910 MiB, 0 %
== 20:23:53
Mem:         2321782      638729      395340       52490     1351975     1683052
anon 5041 MB; file 221844 MB; shmem 21 MB; file_mapped 10974 MB; unevictable 0 MB; 
memory.current 226982 MB
nr_periods 16880 nr_throttled 52 throttled_usec 193057919 
cpu.pressure some avg10=0.00 avg60=0.01 avg300=0.04 total=2816723; memory.pressure some avg10=0.28 avg60=4.72 avg300=3.12 total=34253218; io.pressure some avg10=0.00 avg60=0.00 avg300=0.00 total=548418
45910 MiB, 0 %
== 20:24:13
Mem:         2321782      638394      388239       52490     1359411     1683387
anon 5040 MB; file 221844 MB; shmem 21 MB; file_mapped 10974 MB; unevictable 0 MB; 
memory.current 226980 MB
nr_periods 17080 nr_throttled 52 throttled_usec 193057919 
cpu.pressure some avg10=0.00 avg60=0.00 avg300=0.04 total=2817468; memory.pressure some avg10=0.03 avg60=3.38 avg300=2.91 total=34253218; io.pressure some avg10=0.00 avg60=0.00 avg300=0.00 total=548449
45910 MiB, 0 %
== 20:24:33
Mem:         2321782      632812      387401       52468     1365777     1688969
anon 6 MB; file 220529 MB; shmem 0 MB; file_mapped 0 MB; unevictable 0 MB; 
memory.current 220583 MB
nr_periods 17175 nr_throttled 52 throttled_usec 193057919 
cpu.pressure some avg10=0.00 avg60=0.00 avg300=0.03 total=2818678; memory.pressure some avg10=0.00 avg60=2.42 avg300=2.71 total=34253218; io.pressure some avg10=0.00 avg60=0.00 avg300=0.00 total=548453
0 MiB, 0 %
== 20:24:53
Mem:         2321782      633685      407375       52468     1344950     1688096
anon 1213 MB; file 220529 MB; shmem 0 MB; file_mapped 12 MB; unevictable 0 MB; 
memory.current 221797 MB
nr_periods 17291 nr_throttled 53 throttled_usec 196991523 
cpu.pressure some avg10=0.24 avg60=0.08 avg300=0.05 total=2878506; memory.pressure some avg10=0.00 avg60=1.73 avg300=2.53 total=34253218; io.pressure some avg10=0.00 avg60=0.00 avg300=0.00 total=548453
4 MiB, 0 %
== 20:25:13
Mem:         2321782      634057      399924       52488     1352062     1687724
anon 776 MB; file 220553 MB; shmem 19 MB; file_mapped 3103 MB; unevictable 0 MB; 
memory.current 221403 MB
nr_periods 17491 nr_throttled 57 throttled_usec 203217942 
cpu.pressure some avg10=0.14 avg60=0.13 avg300=0.06 total=2956964; memory.pressure some avg10=18.83 avg60=5.23 avg300=3.22 total=36808782; io.pressure some avg10=0.00 avg60=0.00 avg300=0.00 total=548467
14640 MiB, 98 %
== 20:25:33
Mem:         2321782      633860      392970       52488     1359213     1687921
anon 777 MB; file 220555 MB; shmem 19 MB; file_mapped 9372 MB; unevictable 0 MB; 
memory.current 221412 MB
nr_periods 17691 nr_throttled 57 throttled_usec 203217942 
cpu.pressure some avg10=0.01 avg60=0.09 avg300=0.06 total=2959675; memory.pressure some avg10=2.55 avg60=3.74 avg300=3.00 total=36808782; io.pressure some avg10=0.00 avg60=0.00 avg300=0.00 total=548476
14640 MiB, 97 %
== 20:25:53
Mem:         2321782      633684      386322       52488     1366036     1688097
anon 776 MB; file 220555 MB; shmem 19 MB; file_mapped 14263 MB; unevictable 0 MB; 
memory.current 221421 MB
nr_periods 17892 nr_throttled 57 throttled_usec 203217942 
cpu.pressure some avg10=0.00 avg60=0.06 avg300=0.05 total=2960949; memory.pressure some avg10=13.25 avg60=6.94 avg300=3.78 total=39792493; io.pressure some avg10=0.00 avg60=0.00 avg300=0.00 total=548483
14640 MiB, 99 %
== 20:26:13
Mem:         2321782      633581      377973       52488     1374488     1688200
anon 776 MB; file 220555 MB; shmem 19 MB; file_mapped 20858 MB; unevictable 0 MB; 
memory.current 221435 MB
nr_periods 18092 nr_throttled 57 throttled_usec 203217942 
cpu.pressure some avg10=0.00 avg60=0.04 avg300=0.05 total=2961467; memory.pressure some avg10=1.79 avg60=4.97 avg300=3.53 total=39792493; io.pressure some avg10=0.00 avg60=0.00 avg300=0.00 total=548483
14640 MiB, 99 %
== 20:26:33
Mem:         2321782      633519      371481       52488     1381043     1688263
anon 776 MB; file 220556 MB; shmem 19 MB; file_mapped 25383 MB; unevictable 0 MB; 
memory.current 221443 MB
nr_periods 18293 nr_throttled 57 throttled_usec 203217942 
cpu.pressure some avg10=0.00 avg60=0.02 avg300=0.04 total=2964127; memory.pressure some avg10=7.05 avg60=7.10 avg300=4.17 total=42513231; io.pressure some avg10=0.00 avg60=0.00 avg300=0.00 total=548525
14640 MiB, 97 %
== 20:26:53
Mem:         2321782      634017      363509       52488     1388516     1687764
anon 1292 MB; file 220585 MB; shmem 19 MB; file_mapped 30380 MB; unevictable 0 MB; 
memory.current 222024 MB
nr_periods 18493 nr_throttled 57 throttled_usec 203217942 
cpu.pressure some avg10=0.00 avg60=0.02 avg300=0.04 total=2965675; memory.pressure some avg10=6.39 avg60=6.07 avg300=4.09 total=43569948; io.pressure some avg10=0.00 avg60=0.00 avg300=0.00 total=548784
14640 MiB, 0 %
== 20:27:13
Mem:         2321782      633251      356509       52488     1396282     1688530
anon 776 MB; file 221638 MB; shmem 19 MB; file_mapped 36297 MB; unevictable 0 MB; 
memory.current 222547 MB
nr_periods 18695 nr_throttled 57 throttled_usec 203217942 
cpu.pressure some avg10=0.00 avg60=0.01 avg300=0.03 total=2966525; memory.pressure some avg10=2.24 avg60=5.47 avg300=4.12 total=44075862; io.pressure some avg10=0.00 avg60=0.00 avg300=0.00 total=551926
14640 MiB, 97 %
== 20:27:33
Mem:         2321782      632441      350093       52488     1403509     1689340
anon 776 MB; file 221638 MB; shmem 19 MB; file_mapped 40112 MB; unevictable 0 MB; 
memory.current 222557 MB
nr_periods 18895 nr_throttled 57 throttled_usec 203217942 
cpu.pressure some avg10=0.00 avg60=0.00 avg300=0.03 total=2967925; memory.pressure some avg10=25.82 avg60=10.25 avg300=5.24 total=48273173; io.pressure some avg10=0.00 avg60=0.00 avg300=0.00 total=551926
14640 MiB, 99 %
== 20:27:53
Mem:         2321782      632733      340727       52488     1412582     1689048
anon 776 MB; file 221638 MB; shmem 19 MB; file_mapped 46210 MB; unevictable 0 MB; 
memory.current 222566 MB
nr_periods 19096 nr_throttled 57 throttled_usec 203217942 
cpu.pressure some avg10=0.00 avg60=0.00 avg300=0.02 total=2969986; memory.pressure some avg10=3.49 avg60=7.35 avg300=4.89 total=48273173; io.pressure some avg10=0.00 avg60=0.00 avg300=0.00 total=551926
14640 MiB, 98 %
== 20:28:13
Mem:         2321782      633170      334116       52488     1418757     1688611
anon 776 MB; file 221638 MB; shmem 19 MB; file_mapped 49912 MB; unevictable 0 MB; 
memory.current 222578 MB
nr_periods 19296 nr_throttled 57 throttled_usec 203217942 
cpu.pressure some avg10=0.00 avg60=0.00 avg300=0.02 total=2972034; memory.pressure some avg10=20.95 avg60=11.96 avg300=6.10 total=52934427; io.pressure some avg10=0.00 avg60=0.00 avg300=0.00 total=551928
14640 MiB, 98 %
== 20:28:33
Mem:         2321782      633078      325926       52488     1427039     1688703
anon 776 MB; file 221638 MB; shmem 19 MB; file_mapped 55987 MB; unevictable 0 MB; 
memory.current 222585 MB
nr_periods 19497 nr_throttled 57 throttled_usec 203217942 
cpu.pressure some avg10=0.00 avg60=0.00 avg300=0.01 total=2973210; memory.pressure some avg10=2.83 avg60=8.57 avg300=5.70 total=52934427; io.pressure some avg10=0.00 avg60=0.00 avg300=0.00 total=551928
14640 MiB, 99 %
== 20:28:53
Mem:         2321782      632513      319714       52488     1433816     1689268
anon 776 MB; file 221638 MB; shmem 19 MB; file_mapped 59734 MB; unevictable 0 MB; 
memory.current 222596 MB
nr_periods 19697 nr_throttled 57 throttled_usec 203217942 
cpu.pressure some avg10=0.00 avg60=0.00 avg300=0.01 total=2974389; memory.pressure some avg10=15.41 avg60=12.43 avg300=6.82 total=57535733; io.pressure some avg10=0.00 avg60=0.00 avg300=0.00 total=551944
14640 MiB, 99 %
== 20:29:13
Mem:         2321782      633306      312622       52488     1440115     1688475
anon 776 MB; file 221638 MB; shmem 19 MB; file_mapped 65674 MB; unevictable 0 MB; 
memory.current 222621 MB
nr_periods 19897 nr_throttled 57 throttled_usec 203217942 
cpu.pressure some avg10=0.00 avg60=0.00 avg300=0.00 total=2975037; memory.pressure some avg10=2.08 avg60=8.91 avg300=6.37 total=57535733; io.pressure some avg10=0.00 avg60=0.00 avg300=0.00 total=551944
14640 MiB, 98 %
== 20:29:34
Mem:         2321782      633598      306143       52488     1446302     1688183
anon 776 MB; file 221638 MB; shmem 19 MB; file_mapped 71604 MB; unevictable 0 MB; 
memory.current 222616 MB
nr_periods 20098 nr_throttled 57 throttled_usec 203217942 
cpu.pressure some avg10=0.00 avg60=0.00 avg300=0.00 total=2977750; memory.pressure some avg10=0.28 avg60=6.38 avg300=5.94 total=57535733; io.pressure some avg10=0.00 avg60=0.00 avg300=0.00 total=551944
14640 MiB, 99 %
== 20:29:54
Mem:         2321782      632590      300646       52488     1452806     1689191
anon 776 MB; file 221638 MB; shmem 19 MB; file_mapped 77376 MB; unevictable 0 MB; 
memory.current 222627 MB
nr_periods 20298 nr_throttled 57 throttled_usec 203217942 
cpu.pressure some avg10=0.00 avg60=0.00 avg300=0.00 total=2978943; memory.pressure some avg10=0.03 avg60=4.57 avg300=5.55 total=57535733; io.pressure some avg10=0.00 avg60=0.00 avg300=0.00 total=551944
14640 MiB, 99 %
== 20:30:14
Mem:         2321782      633472      293053       52488     1459517     1688309
anon 776 MB; file 221638 MB; shmem 19 MB; file_mapped 83383 MB; unevictable 0 MB; 
memory.current 222655 MB
nr_periods 20498 nr_throttled 57 throttled_usec 203217942 
cpu.pressure some avg10=0.00 avg60=0.00 avg300=0.00 total=2979112; memory.pressure some avg10=0.00 avg60=3.28 avg300=5.18 total=57535733; io.pressure some avg10=0.00 avg60=0.00 avg300=0.00 total=551944
14640 MiB, 98 %
== 20:30:34
Mem:         2321782      633917      286111       52488     1466014     1687864
anon 776 MB; file 221638 MB; shmem 19 MB; file_mapped 89268 MB; unevictable 0 MB; 
memory.current 222650 MB
nr_periods 20699 nr_throttled 57 throttled_usec 203217942 
cpu.pressure some avg10=0.00 avg60=0.00 avg300=0.00 total=2979447; memory.pressure some avg10=0.00 avg60=2.35 avg300=4.83 total=57535733; io.pressure some avg10=0.00 avg60=0.00 avg300=0.00 total=551944
14640 MiB, 98 %
== 20:30:54
Mem:         2321782      634056      278809       52488     1473177     1687725
anon 776 MB; file 221638 MB; shmem 19 MB; file_mapped 95086 MB; unevictable 0 MB; 
memory.current 222663 MB
nr_periods 20900 nr_throttled 57 throttled_usec 203217942 
cpu.pressure some avg10=0.00 avg60=0.00 avg300=0.00 total=2980632; memory.pressure some avg10=0.00 avg60=1.62 avg300=4.47 total=57535733; io.pressure some avg10=0.00 avg60=0.00 avg300=0.00 total=551944
14640 MiB, 98 %
== 20:31:14
Mem:         2321782      634140      272058       52488     1479844     1687641
anon 776 MB; file 221638 MB; shmem 19 MB; file_mapped 101048 MB; unevictable 0 MB; 
memory.current 222689 MB
nr_periods 21100 nr_throttled 57 throttled_usec 203217942 
cpu.pressure some avg10=0.00 avg60=0.00 avg300=0.00 total=2983115; memory.pressure some avg10=0.00 avg60=1.16 avg300=4.18 total=57535733; io.pressure some avg10=0.00 avg60=0.00 avg300=0.00 total=551944
14640 MiB, 98 %
== 20:31:34
Mem:         2321782      633992      265249       52488     1486801     1687789
anon 776 MB; file 221638 MB; shmem 19 MB; file_mapped 106955 MB; unevictable 0 MB; 
memory.current 222684 MB
nr_periods 21301 nr_throttled 57 throttled_usec 203217942 
cpu.pressure some avg10=0.00 avg60=0.00 avg300=0.00 total=2985211; memory.pressure some avg10=0.00 avg60=0.83 avg300=3.90 total=57535733; io.pressure some avg10=0.00 avg60=0.00 avg300=0.00 total=551945
14640 MiB, 99 %
== 20:31:54
Mem:         2321782      634467      258913       52488     1492662     1687314
anon 776 MB; file 221638 MB; shmem 19 MB; file_mapped 112728 MB; unevictable 0 MB; 
memory.current 222696 MB
nr_periods 21501 nr_throttled 57 throttled_usec 203217942 
cpu.pressure some avg10=0.00 avg60=0.00 avg300=0.00 total=2986710; memory.pressure some avg10=0.00 avg60=0.59 avg300=3.63 total=57535733; io.pressure some avg10=0.00 avg60=0.00 avg300=0.00 total=551945
14640 MiB, 99 %
== 20:32:14
Mem:         2321782      634302      251374       52488     1500367     1687479
anon 820 MB; file 221638 MB; shmem 19 MB; file_mapped 118712 MB; unevictable 0 MB; 
memory.current 222772 MB
nr_periods 21702 nr_throttled 57 throttled_usec 203217942 
cpu.pressure some avg10=0.00 avg60=0.00 avg300=0.00 total=2989439; memory.pressure some avg10=0.00 avg60=0.42 avg300=3.39 total=57535733; io.pressure some avg10=0.00 avg60=0.00 avg300=0.00 total=551945
14640 MiB, 100 %
== 20:32:34
Mem:         2321782      639906      244667       52488     1507070     1681875
anon 776 MB; file 221638 MB; shmem 19 MB; file_mapped 124575 MB; unevictable 0 MB; 
memory.current 222719 MB
nr_periods 21902 nr_throttled 57 throttled_usec 203217942 
cpu.pressure some avg10=0.00 avg60=0.00 avg300=0.00 total=2991722; memory.pressure some avg10=0.00 avg60=0.30 avg300=3.16 total=57535733; io.pressure some avg10=0.00 avg60=0.00 avg300=0.00 total=551945
14640 MiB, 99 %
== 20:32:54
Mem:         2321782      640491      236022       52488     1515130     1681290
anon 776 MB; file 221638 MB; shmem 19 MB; file_mapped 130325 MB; unevictable 0 MB; 
memory.current 222730 MB
nr_periods 22102 nr_throttled 57 throttled_usec 203217942 
cpu.pressure some avg10=0.00 avg60=0.00 avg300=0.00 total=2992280; memory.pressure some avg10=0.00 avg60=0.21 avg300=2.95 total=57535733; io.pressure some avg10=0.00 avg60=0.00 avg300=0.00 total=551945
14640 MiB, 99 %
== 20:33:14
Mem:         2321782      640347      229709       52488     1521586     1681434
anon 776 MB; file 221638 MB; shmem 19 MB; file_mapped 136422 MB; unevictable 0 MB; 
memory.current 222742 MB
nr_periods 22303 nr_throttled 57 throttled_usec 203217942 
cpu.pressure some avg10=0.00 avg60=0.00 avg300=0.00 total=2993964; memory.pressure some avg10=0.00 avg60=0.15 avg300=2.75 total=57535733; io.pressure some avg10=0.00 avg60=0.00 avg300=0.00 total=551945
14640 MiB, 98 %
== 20:33:34
Mem:         2321782      640047      223631       52488     1527964     1681734
anon 776 MB; file 221638 MB; shmem 19 MB; file_mapped 142172 MB; unevictable 0 MB; 
memory.current 222753 MB
nr_periods 22503 nr_throttled 57 throttled_usec 203217942 
cpu.pressure some avg10=0.00 avg60=0.00 avg300=0.00 total=2997245; memory.pressure some avg10=0.00 avg60=0.10 avg300=2.57 total=57535733; io.pressure some avg10=0.00 avg60=0.00 avg300=0.00 total=551945
14640 MiB, 99 %
== 20:33:54
Mem:         2321782      640289      216886       52488     1534467     1681492
anon 776 MB; file 221638 MB; shmem 19 MB; file_mapped 147922 MB; unevictable 0 MB; 
memory.current 222766 MB
nr_periods 22703 nr_throttled 57 throttled_usec 203217942 
cpu.pressure some avg10=0.00 avg60=0.00 avg300=0.00 total=2997809; memory.pressure some avg10=0.00 avg60=0.07 avg300=2.39 total=57535733; io.pressure some avg10=0.00 avg60=0.00 avg300=0.00 total=551945
14640 MiB, 98 %
== 20:34:14
Mem:         2321782      640330      208860       52488     1542453     1681452
anon 776 MB; file 221638 MB; shmem 19 MB; file_mapped 153997 MB; unevictable 0 MB; 
memory.current 222777 MB
nr_periods 22904 nr_throttled 57 throttled_usec 203217942 
cpu.pressure some avg10=0.00 avg60=0.00 avg300=0.00 total=2999387; memory.pressure some avg10=0.00 avg60=0.05 avg300=2.23 total=57535733; io.pressure some avg10=0.00 avg60=0.00 avg300=0.00 total=551945
14640 MiB, 98 %
== 20:34:34
Mem:         2321782      640578      199716       52488     1551348     1681203
anon 776 MB; file 221638 MB; shmem 19 MB; file_mapped 159796 MB; unevictable 0 MB; 
memory.current 222788 MB
nr_periods 23105 nr_throttled 57 throttled_usec 203263183 
cpu.pressure some avg10=0.00 avg60=0.00 avg300=0.00 total=3001854; memory.pressure some avg10=0.00 avg60=0.03 avg300=2.08 total=57535733; io.pressure some avg10=0.00 avg60=0.00 avg300=0.00 total=551946
14640 MiB, 99 %
== 20:34:54
Mem:         2321782      640383      191379       52488     1559881     1681399
anon 776 MB; file 221638 MB; shmem 19 MB; file_mapped 166169 MB; unevictable 0 MB; 
memory.current 222802 MB
nr_periods 23306 nr_throttled 58 throttled_usec 203272389 
cpu.pressure some avg10=0.00 avg60=0.00 avg300=0.00 total=3003173; memory.pressure some avg10=0.00 avg60=0.02 avg300=1.94 total=57535733; io.pressure some avg10=0.00 avg60=0.00 avg300=0.00 total=551946
14640 MiB, 99 %
== 20:35:14
Mem:         2321782      640313      182820       52488     1568509     1681468
anon 776 MB; file 221638 MB; shmem 19 MB; file_mapped 172827 MB; unevictable 0 MB; 
memory.current 222813 MB
nr_periods 23506 nr_throttled 58 throttled_usec 203272389 
cpu.pressure some avg10=0.00 avg60=0.00 avg300=0.00 total=3004597; memory.pressure some avg10=0.00 avg60=0.01 avg300=1.81 total=57535733; io.pressure some avg10=0.00 avg60=0.00 avg300=0.00 total=551946
14640 MiB, 97 %
== 20:35:34
Mem:         2321782      641824      176097       52509     1573777     1679957
anon 776 MB; file 221638 MB; shmem 19 MB; file_mapped 178634 MB; unevictable 0 MB; 
memory.current 222824 MB
nr_periods 23706 nr_throttled 58 throttled_usec 203272389 
cpu.pressure some avg10=0.00 avg60=0.00 avg300=0.00 total=3007949; memory.pressure some avg10=0.00 avg60=0.00 avg300=1.69 total=57535733; io.pressure some avg10=0.00 avg60=0.00 avg300=0.00 total=551946
14640 MiB, 98 %
== 20:35:54
Mem:         2321782      641978      168310       52509     1581410     1679803
anon 776 MB; file 221638 MB; shmem 19 MB; file_mapped 185001 MB; unevictable 0 MB; 
memory.current 222842 MB
nr_periods 23907 nr_throttled 58 throttled_usec 203272389 
cpu.pressure some avg10=0.00 avg60=0.00 avg300=0.00 total=3009415; memory.pressure some avg10=0.00 avg60=0.00 avg300=1.57 total=57535733; io.pressure some avg10=0.00 avg60=0.00 avg300=0.00 total=551946
14640 MiB, 99 %
== 20:36:14
Mem:         2321782      642031      162071       52509     1587595     1679750
anon 776 MB; file 221638 MB; shmem 19 MB; file_mapped 191626 MB; unevictable 0 MB; 
memory.current 222850 MB
nr_periods 24107 nr_throttled 58 throttled_usec 203272389 
cpu.pressure some avg10=0.00 avg60=0.00 avg300=0.00 total=3009693; memory.pressure some avg10=0.00 avg60=0.00 avg300=1.47 total=57535733; io.pressure some avg10=0.00 avg60=0.00 avg300=0.00 total=551946
14640 MiB, 98 %
== 20:36:34
Mem:         2321782      641869      194406       52509     1555422     1679912
anon 776 MB; file 221638 MB; shmem 19 MB; file_mapped 197438 MB; unevictable 0 MB; 
memory.current 222862 MB
nr_periods 24308 nr_throttled 59 throttled_usec 205104894 
cpu.pressure some avg10=0.00 avg60=0.00 avg300=0.00 total=3030515; memory.pressure some avg10=0.00 avg60=0.00 avg300=1.37 total=57535733; io.pressure some avg10=0.00 avg60=0.00 avg300=0.00 total=551946
14640 MiB, 99 %
== 20:36:55
Mem:         2321782      641484      486322       52509     1263891     1680297
anon 776 MB; file 221638 MB; shmem 19 MB; file_mapped 203778 MB; unevictable 0 MB; 
memory.current 222876 MB
nr_periods 24508 nr_throttled 59 throttled_usec 205104894 
cpu.pressure some avg10=0.00 avg60=0.00 avg300=0.00 total=3034414; memory.pressure some avg10=0.00 avg60=0.00 avg300=1.27 total=57535733; io.pressure some avg10=0.00 avg60=0.00 avg300=0.00 total=551948
14640 MiB, 99 %
== 20:37:15
Mem:         2321782      641287      484846       52509     1265564     1680494
anon 776 MB; file 221894 MB; shmem 19 MB; file_mapped 210358 MB; unevictable 0 MB; 
memory.current 223143 MB
nr_periods 24709 nr_throttled 59 throttled_usec 205104894 
cpu.pressure some avg10=0.00 avg60=0.00 avg300=0.00 total=3036453; memory.pressure some avg10=0.00 avg60=0.00 avg300=1.18 total=57535733; io.pressure some avg10=0.04 avg60=0.02 avg300=0.00 total=575169
14640 MiB, 99 %
== 20:37:35
Mem:         2321782      641269      484853       52509     1265575     1680512
anon 776 MB; file 221894 MB; shmem 19 MB; file_mapped 216243 MB; unevictable 0 MB; 
memory.current 223155 MB
nr_periods 24910 nr_throttled 59 throttled_usec 205104894 
cpu.pressure some avg10=0.00 avg60=0.00 avg300=0.00 total=3039515; memory.pressure some avg10=0.00 avg60=0.00 avg300=1.10 total=57535733; io.pressure some avg10=0.00 avg60=0.01 avg300=0.00 total=575169
14640 MiB, 99 %
== 20:37:55
Mem:         2321782      641682      484434       52511     1265583     1680099
anon 1017 MB; file 221896 MB; shmem 21 MB; file_mapped 221406 MB; unevictable 0 MB; 
memory.current 223428 MB
nr_periods 25110 nr_throttled 59 throttled_usec 205104894 
cpu.pressure some avg10=0.00 avg60=0.00 avg300=0.00 total=3040808; memory.pressure some avg10=0.00 avg60=0.00 avg300=1.03 total=57535733; io.pressure some avg10=0.00 avg60=0.00 avg300=0.00 total=575172
38338 MiB, 71 %
== 20:38:15
Mem:         2321782      642438      483672       52511     1265589     1679343
anon 1789 MB; file 221896 MB; shmem 21 MB; file_mapped 221406 MB; unevictable 0 MB; 
memory.current 224202 MB
nr_periods 25310 nr_throttled 59 throttled_usec 205104894 
cpu.pressure some avg10=0.00 avg60=0.00 avg300=0.00 total=3042329; memory.pressure some avg10=0.00 avg60=0.00 avg300=0.96 total=57535733; io.pressure some avg10=0.00 avg60=0.00 avg300=0.00 total=575173
38338 MiB, 8 %
== 20:38:35
Mem:         2321782      642796      483308       52511     1265595     1678985
anon 1185 MB; file 221896 MB; shmem 21 MB; file_mapped 221407 MB; unevictable 0 MB; 
memory.current 223579 MB
nr_periods 25511 nr_throttled 59 throttled_usec 205267107 
cpu.pressure some avg10=0.00 avg60=0.00 avg300=0.00 total=3046134; memory.pressure some avg10=0.00 avg60=0.00 avg300=0.89 total=57535733; io.pressure some avg10=0.00 avg60=0.00 avg300=0.00 total=575174
10912 MiB, 0 %
== 20:38:55
Mem:         2321782      643060      483039       52511     1265600     1678721
anon 1847 MB; file 221896 MB; shmem 21 MB; file_mapped 221407 MB; unevictable 0 MB; 
memory.current 224259 MB
nr_periods 25711 nr_throttled 59 throttled_usec 205267107 
cpu.pressure some avg10=0.00 avg60=0.00 avg300=0.00 total=3048092; memory.pressure some avg10=0.00 avg60=0.00 avg300=0.83 total=57535733; io.pressure some avg10=0.00 avg60=0.00 avg300=0.00 total=575174
35240 MiB, 0 %
== 20:39:15
Mem:         2321782      642789      483304       52511     1265607     1678992
anon 1838 MB; file 221896 MB; shmem 21 MB; file_mapped 221407 MB; unevictable 0 MB; 
memory.current 224250 MB
nr_periods 25912 nr_throttled 59 throttled_usec 205403128 
cpu.pressure some avg10=0.00 avg60=0.00 avg300=0.00 total=3052296; memory.pressure some avg10=0.00 avg60=0.00 avg300=0.77 total=57535733; io.pressure some avg10=0.00 avg60=0.00 avg300=0.00 total=575176
60088 MiB, 7 %
== 20:39:35
Mem:         2321782      642610      483477       52511     1265612     1679171
anon 1407 MB; file 221896 MB; shmem 21 MB; file_mapped 221407 MB; unevictable 0 MB; 
memory.current 223799 MB
nr_periods 26112 nr_throttled 60 throttled_usec 205857023 
cpu.pressure some avg10=0.00 avg60=0.00 avg300=0.00 total=3061926; memory.pressure some avg10=0.00 avg60=0.00 avg300=0.72 total=57535733; io.pressure some avg10=0.00 avg60=0.00 avg300=0.00 total=575179
101810 MiB, 0 %
== 20:39:55
Mem:         2321782      642071      484010       52511     1265618     1679710
anon 1432 MB; file 221896 MB; shmem 21 MB; file_mapped 221407 MB; unevictable 0 MB; 
memory.current 223823 MB
nr_periods 26312 nr_throttled 60 throttled_usec 205857023 
cpu.pressure some avg10=0.00 avg60=0.00 avg300=0.00 total=3068170; memory.pressure some avg10=0.00 avg60=0.00 avg300=0.67 total=57535733; io.pressure some avg10=0.00 avg60=0.00 avg300=0.00 total=575179
109704 MiB, 95 %
== 20:40:15
Mem:         2321782      643476      482577       52532     1265700     1678305
anon 1432 MB; file 221896 MB; shmem 21 MB; file_mapped 221407 MB; unevictable 0 MB; 
memory.current 223824 MB
nr_periods 26513 nr_throttled 60 throttled_usec 205857023 
cpu.pressure some avg10=0.00 avg60=0.00 avg300=0.00 total=3071266; memory.pressure some avg10=0.00 avg60=0.00 avg300=0.62 total=57535733; io.pressure some avg10=0.00 avg60=0.00 avg300=0.00 total=575179
109706 MiB, 94 %
== 20:40:35
Mem:         2321782      643951      482087       52532     1265715     1677830
anon 1828 MB; file 221896 MB; shmem 21 MB; file_mapped 221407 MB; unevictable 0 MB; 
memory.current 224222 MB
nr_periods 26713 nr_throttled 60 throttled_usec 205857023 
cpu.pressure some avg10=0.00 avg60=0.00 avg300=0.00 total=3072097; memory.pressure some avg10=0.00 avg60=0.00 avg300=0.58 total=57535733; io.pressure some avg10=0.00 avg60=0.00 avg300=0.00 total=575179
109706 MiB, 0 %
== 20:40:55
Mem:         2321782      644442      481586       52532     1265726     1677339
anon 1537 MB; file 221896 MB; shmem 21 MB; file_mapped 221407 MB; unevictable 0 MB; 
memory.current 223928 MB
nr_periods 26914 nr_throttled 60 throttled_usec 205857023 
cpu.pressure some avg10=0.00 avg60=0.00 avg300=0.00 total=3077209; memory.pressure some avg10=0.00 avg60=0.00 avg300=0.54 total=57535733; io.pressure some avg10=0.00 avg60=0.00 avg300=0.00 total=575179
109720 MiB, 0 %
== 20:41:15
Mem:         2321782      644381      481641       52532     1265732     1677400
anon 1541 MB; file 221896 MB; shmem 21 MB; file_mapped 221407 MB; unevictable 0 MB; 
memory.current 223932 MB
nr_periods 27114 nr_throttled 60 throttled_usec 205857023 
cpu.pressure some avg10=0.00 avg60=0.00 avg300=0.00 total=3080506; memory.pressure some avg10=0.00 avg60=0.00 avg300=0.50 total=57535733; io.pressure some avg10=0.00 avg60=0.00 avg300=0.00 total=575179
109744 MiB, 0 %
== 20:41:35
Mem:         2321782      644660      481355       52532     1265738     1677121
anon 1546 MB; file 221896 MB; shmem 21 MB; file_mapped 221407 MB; unevictable 0 MB; 
memory.current 223937 MB
nr_periods 27314 nr_throttled 60 throttled_usec 205857023 
cpu.pressure some avg10=0.00 avg60=0.00 avg300=0.00 total=3080841; memory.pressure some avg10=0.00 avg60=0.00 avg300=0.46 total=57535733; io.pressure some avg10=0.00 avg60=0.00 avg300=0.00 total=575179
109768 MiB, 0 %
== 20:41:55
Mem:         2321782      644333      481677       52532     1265744     1677448
anon 1554 MB; file 221896 MB; shmem 21 MB; file_mapped 221407 MB; unevictable 0 MB; 
memory.current 223946 MB
nr_periods 27515 nr_throttled 60 throttled_usec 205857023 
cpu.pressure some avg10=0.00 avg60=0.00 avg300=0.00 total=3081104; memory.pressure some avg10=0.00 avg60=0.00 avg300=0.43 total=57535733; io.pressure some avg10=0.00 avg60=0.00 avg300=0.00 total=575179
116266 MiB, 98 %
== 20:42:15
Mem:         2321782      644233      481770       52532     1265750     1677548
anon 1554 MB; file 221896 MB; shmem 21 MB; file_mapped 221407 MB; unevictable 0 MB; 
memory.current 223945 MB
nr_periods 27716 nr_throttled 60 throttled_usec 205857023 
cpu.pressure some avg10=0.00 avg60=0.00 avg300=0.00 total=3081432; memory.pressure some avg10=0.00 avg60=0.00 avg300=0.40 total=57535733; io.pressure some avg10=0.00 avg60=0.00 avg300=0.00 total=575179
116274 MiB, 97 %
== 20:42:35
Mem:         2321782      644080      481918       52532     1265756     1677701
anon 1556 MB; file 221896 MB; shmem 21 MB; file_mapped 221407 MB; unevictable 0 MB; 
memory.current 223948 MB
nr_periods 27916 nr_throttled 60 throttled_usec 205857023 
cpu.pressure some avg10=0.00 avg60=0.00 avg300=0.00 total=3081725; memory.pressure some avg10=0.00 avg60=0.00 avg300=0.37 total=57535733; io.pressure some avg10=0.00 avg60=0.00 avg300=0.00 total=575179
116288 MiB, 97 %
== 20:42:55
Mem:         2321782      644134      481858       52532     1265762     1677647
anon 1556 MB; file 221896 MB; shmem 21 MB; file_mapped 221407 MB; unevictable 0 MB; 
memory.current 223948 MB
nr_periods 28116 nr_throttled 60 throttled_usec 205857023 
cpu.pressure some avg10=0.00 avg60=0.00 avg300=0.00 total=3081769; memory.pressure some avg10=0.00 avg60=0.00 avg300=0.34 total=57535733; io.pressure some avg10=0.00 avg60=0.00 avg300=0.00 total=575179
116298 MiB, 97 %
== 20:43:15
Mem:         2321782      644183      481803       52532     1265768     1677598
anon 1558 MB; file 221896 MB; shmem 21 MB; file_mapped 221407 MB; unevictable 0 MB; 
memory.current 223949 MB
nr_periods 28317 nr_throttled 60 throttled_usec 205857023 
cpu.pressure some avg10=0.00 avg60=0.00 avg300=0.00 total=3081879; memory.pressure some avg10=0.00 avg60=0.00 avg300=0.32 total=57535733; io.pressure some avg10=0.00 avg60=0.00 avg300=0.00 total=575179
116310 MiB, 98 %
== 20:43:35
Mem:         2321782      643946      482034       52532     1265774     1677835
anon 1563 MB; file 221896 MB; shmem 21 MB; file_mapped 221407 MB; unevictable 0 MB; 
memory.current 223955 MB
nr_periods 28517 nr_throttled 60 throttled_usec 205857023 
cpu.pressure some avg10=0.00 avg60=0.00 avg300=0.00 total=3081956; memory.pressure some avg10=0.00 avg60=0.00 avg300=0.29 total=57535733; io.pressure some avg10=0.00 avg60=0.00 avg300=0.00 total=575179
116328 MiB, 98 %
== 20:43:56
Mem:         2321782      643866      482108       52532     1265779     1677915
anon 1563 MB; file 221896 MB; shmem 21 MB; file_mapped 221407 MB; unevictable 0 MB; 
memory.current 223954 MB
nr_periods 28718 nr_throttled 60 throttled_usec 205857023 
cpu.pressure some avg10=0.00 avg60=0.00 avg300=0.00 total=3082328; memory.pressure some avg10=0.00 avg60=0.00 avg300=0.27 total=57535733; io.pressure some avg10=0.00 avg60=0.00 avg300=0.00 total=575179
116330 MiB, 97 %
== 20:44:16
Mem:         2321782      643879      482089       52532     1265785     1677902
anon 1563 MB; file 221896 MB; shmem 21 MB; file_mapped 221407 MB; unevictable 0 MB; 
memory.current 223954 MB
nr_periods 28918 nr_throttled 60 throttled_usec 205857023 
cpu.pressure some avg10=0.00 avg60=0.00 avg300=0.00 total=3082644; memory.pressure some avg10=0.00 avg60=0.00 avg300=0.25 total=57535733; io.pressure some avg10=0.00 avg60=0.00 avg300=0.00 total=575179
116348 MiB, 98 %
== 20:44:36
Mem:         2321782      643833      482129       52532     1265791     1677948
anon 1563 MB; file 221896 MB; shmem 21 MB; file_mapped 221407 MB; unevictable 0 MB; 
memory.current 223954 MB
nr_periods 29118 nr_throttled 60 throttled_usec 205857023 
cpu.pressure some avg10=0.00 avg60=0.00 avg300=0.00 total=3082973; memory.pressure some avg10=0.00 avg60=0.00 avg300=0.23 total=57535733; io.pressure some avg10=0.00 avg60=0.00 avg300=0.00 total=575179
116356 MiB, 97 %
== 20:44:56
Mem:         2321782      643906      482051       52532     1265797     1677876
anon 1563 MB; file 221896 MB; shmem 21 MB; file_mapped 221407 MB; unevictable 0 MB; 
memory.current 223954 MB
nr_periods 29319 nr_throttled 60 throttled_usec 205857023 
cpu.pressure some avg10=0.00 avg60=0.00 avg300=0.00 total=3083494; memory.pressure some avg10=0.00 avg60=0.00 avg300=0.21 total=57535733; io.pressure some avg10=0.00 avg60=0.00 avg300=0.00 total=575179
116370 MiB, 98 %
== 20:45:16
Mem:         2321782      644142      481809       52532     1265803     1677639
anon 1563 MB; file 221896 MB; shmem 21 MB; file_mapped 221407 MB; unevictable 0 MB; 
memory.current 223955 MB
nr_periods 29519 nr_throttled 60 throttled_usec 205857023 
cpu.pressure some avg10=0.00 avg60=0.00 avg300=0.00 total=3084057; memory.pressure some avg10=0.00 avg60=0.00 avg300=0.20 total=57535733; io.pressure some avg10=0.00 avg60=0.00 avg300=0.00 total=575179
116378 MiB, 98 %
== 20:45:36
Mem:         2321782      644138      481798       52532     1265818     1677643
anon 1568 MB; file 221896 MB; shmem 21 MB; file_mapped 221407 MB; unevictable 0 MB; 
memory.current 223960 MB
nr_periods 29720 nr_throttled 60 throttled_usec 205857023 
cpu.pressure some avg10=0.00 avg60=0.00 avg300=0.00 total=3084222; memory.pressure some avg10=0.00 avg60=0.00 avg300=0.18 total=57535733; io.pressure some avg10=0.00 avg60=0.00 avg300=0.00 total=575179
116392 MiB, 97 %
== 20:45:56
Mem:         2321782      644076      481854       52532     1265824     1677705
anon 1568 MB; file 221896 MB; shmem 21 MB; file_mapped 221407 MB; unevictable 0 MB; 
memory.current 223960 MB
nr_periods 29920 nr_throttled 60 throttled_usec 205857023 
cpu.pressure some avg10=0.00 avg60=0.00 avg300=0.00 total=3084282; memory.pressure some avg10=0.00 avg60=0.00 avg300=0.17 total=57535733; io.pressure some avg10=0.00 avg60=0.00 avg300=0.00 total=575179
116410 MiB, 95 %
== 20:46:16
Mem:         2321782      644177      481747       52532     1265830     1677604
anon 1568 MB; file 221896 MB; shmem 21 MB; file_mapped 221407 MB; unevictable 0 MB; 
memory.current 223961 MB
nr_periods 30120 nr_throttled 60 throttled_usec 205857023 
cpu.pressure some avg10=0.00 avg60=0.00 avg300=0.00 total=3084403; memory.pressure some avg10=0.00 avg60=0.00 avg300=0.15 total=57535733; io.pressure some avg10=0.00 avg60=0.00 avg300=0.00 total=575179
116412 MiB, 96 %
== 20:46:36
Mem:         2321782      644203      481715       52532     1265836     1677579
anon 1568 MB; file 221896 MB; shmem 21 MB; file_mapped 221407 MB; unevictable 0 MB; 
memory.current 223960 MB
nr_periods 30321 nr_throttled 60 throttled_usec 205857023 
cpu.pressure some avg10=0.00 avg60=0.00 avg300=0.00 total=3084574; memory.pressure some avg10=0.00 avg60=0.00 avg300=0.14 total=57535733; io.pressure some avg10=0.00 avg60=0.00 avg300=0.00 total=575179
116430 MiB, 98 %
== 20:46:56
Mem:         2321782      644227      481680       52532     1265846     1677554
anon 1568 MB; file 221896 MB; shmem 21 MB; file_mapped 221407 MB; unevictable 0 MB; 
memory.current 223959 MB
nr_periods 30521 nr_throttled 60 throttled_usec 205857023 
cpu.pressure some avg10=0.00 avg60=0.00 avg300=0.00 total=3084673; memory.pressure some avg10=0.00 avg60=0.00 avg300=0.13 total=57535733; io.pressure some avg10=0.00 avg60=0.00 avg300=0.00 total=575194
116438 MiB, 97 %
== 20:47:16
Mem:         2321782      644415      481486       52532     1265852     1677366
anon 1570 MB; file 221896 MB; shmem 21 MB; file_mapped 221407 MB; unevictable 0 MB; 
memory.current 223962 MB
nr_periods 30722 nr_throttled 60 throttled_usec 205857023 
cpu.pressure some avg10=0.00 avg60=0.00 avg300=0.00 total=3084781; memory.pressure some avg10=0.00 avg60=0.00 avg300=0.12 total=57535733; io.pressure some avg10=0.00 avg60=0.00 avg300=0.00 total=575194
116450 MiB, 97 %
== 20:47:36
Mem:         2321782      644313      481583       52532     1265858     1677469
anon 1570 MB; file 221896 MB; shmem 21 MB; file_mapped 221407 MB; unevictable 0 MB; 
memory.current 223961 MB
nr_periods 30922 nr_throttled 60 throttled_usec 205857023 
cpu.pressure some avg10=0.00 avg60=0.00 avg300=0.00 total=3084832; memory.pressure some avg10=0.00 avg60=0.00 avg300=0.11 total=57535733; io.pressure some avg10=0.00 avg60=0.00 avg300=0.00 total=575194
116460 MiB, 97 %
== 20:47:56
Mem:         2321782      644405      481484       52532     1265864     1677376
anon 1571 MB; file 221896 MB; shmem 21 MB; file_mapped 221407 MB; unevictable 0 MB; 
memory.current 223963 MB
nr_periods 31122 nr_throttled 60 throttled_usec 205857023 
cpu.pressure some avg10=0.00 avg60=0.00 avg300=0.00 total=3084951; memory.pressure some avg10=0.00 avg60=0.00 avg300=0.10 total=57535733; io.pressure some avg10=0.00 avg60=0.00 avg300=0.00 total=575194
116472 MiB, 98 %
== 20:48:16
Mem:         2321782      644389      481495       52532     1265870     1677392
anon 1573 MB; file 221896 MB; shmem 21 MB; file_mapped 221407 MB; unevictable 0 MB; 
memory.current 223965 MB
nr_periods 31323 nr_throttled 60 throttled_usec 205857023 
cpu.pressure some avg10=0.00 avg60=0.00 avg300=0.00 total=3085023; memory.pressure some avg10=0.00 avg60=0.00 avg300=0.09 total=57535733; io.pressure some avg10=0.00 avg60=0.00 avg300=0.00 total=575194
116492 MiB, 89 %
== 20:48:36
Mem:         2321782      644368      481510       52532     1265876     1677413
anon 1573 MB; file 221896 MB; shmem 21 MB; file_mapped 221407 MB; unevictable 0 MB; 
memory.current 223964 MB
nr_periods 31525 nr_throttled 60 throttled_usec 205857023 
cpu.pressure some avg10=0.00 avg60=0.00 avg300=0.00 total=3085138; memory.pressure some avg10=0.00 avg60=0.00 avg300=0.08 total=57535733; io.pressure some avg10=0.00 avg60=0.00 avg300=0.00 total=575194
116494 MiB, 97 %
== 20:48:56
Mem:         2321782      644403      481470       52532     1265882     1677379
anon 1574 MB; file 221896 MB; shmem 21 MB; file_mapped 221407 MB; unevictable 0 MB; 
memory.current 223966 MB
nr_periods 31726 nr_throttled 60 throttled_usec 205857023 
cpu.pressure some avg10=0.00 avg60=0.00 avg300=0.00 total=3085248; memory.pressure some avg10=0.00 avg60=0.00 avg300=0.07 total=57535733; io.pressure some avg10=0.00 avg60=0.00 avg300=0.00 total=575194
116512 MiB, 98 %
== 20:49:16
Mem:         2321782      644384      481482       52532     1265888     1677397
anon 1574 MB; file 221896 MB; shmem 21 MB; file_mapped 221407 MB; unevictable 0 MB; 
memory.current 223967 MB
nr_periods 31926 nr_throttled 60 throttled_usec 205857023 
cpu.pressure some avg10=0.00 avg60=0.00 avg300=0.00 total=3085317; memory.pressure some avg10=0.00 avg60=0.00 avg300=0.06 total=57535733; io.pressure some avg10=0.00 avg60=0.00 avg300=0.00 total=575194
116518 MiB, 97 %
== 20:49:36
Mem:         2321782      644573      481287       52532     1265893     1677208
anon 1576 MB; file 221896 MB; shmem 21 MB; file_mapped 221407 MB; unevictable 0 MB; 
memory.current 223967 MB
nr_periods 32127 nr_throttled 60 throttled_usec 205857023 
cpu.pressure some avg10=0.00 avg60=0.00 avg300=0.00 total=3085432; memory.pressure some avg10=0.00 avg60=0.00 avg300=0.06 total=57535733; io.pressure some avg10=0.00 avg60=0.00 avg300=0.00 total=575194
116532 MiB, 97 %
== 20:49:56
Mem:         2321782      644569      481285       52532     1265899     1677212
anon 1576 MB; file 221896 MB; shmem 21 MB; file_mapped 221407 MB; unevictable 0 MB; 
memory.current 223967 MB
nr_periods 32327 nr_throttled 60 throttled_usec 205857023 
cpu.pressure some avg10=0.00 avg60=0.00 avg300=0.00 total=3085480; memory.pressure some avg10=0.00 avg60=0.00 avg300=0.05 total=57535733; io.pressure some avg10=0.00 avg60=0.00 avg300=0.00 total=575194
116542 MiB, 97 %
== 20:50:16
Mem:         2321782      644524      481325       52532     1265905     1677257
anon 1580 MB; file 221896 MB; shmem 21 MB; file_mapped 221407 MB; unevictable 0 MB; 
memory.current 223972 MB
nr_periods 32527 nr_throttled 60 throttled_usec 205857023 
cpu.pressure some avg10=0.00 avg60=0.00 avg300=0.00 total=3085675; memory.pressure some avg10=0.00 avg60=0.00 avg300=0.05 total=57535733; io.pressure some avg10=0.00 avg60=0.00 avg300=0.00 total=575194
116554 MiB, 98 %
== 20:50:37
Mem:         2321782      644493      481345       52532     1265916     1677288
anon 1582 MB; file 221896 MB; shmem 21 MB; file_mapped 221407 MB; unevictable 0 MB; 
memory.current 223973 MB
nr_periods 32728 nr_throttled 60 throttled_usec 205857023 
cpu.pressure some avg10=0.00 avg60=0.00 avg300=0.00 total=3085753; memory.pressure some avg10=0.00 avg60=0.00 avg300=0.04 total=57535733; io.pressure some avg10=0.00 avg60=0.00 avg300=0.00 total=575194
116568 MiB, 97 %
== 20:50:57
Mem:         2321782      643067      482732       52511     1265900     1678714
anon 1582 MB; file 221896 MB; shmem 21 MB; file_mapped 221407 MB; unevictable 0 MB; 
memory.current 223973 MB
nr_periods 32928 nr_throttled 60 throttled_usec 205857023 
cpu.pressure some avg10=0.00 avg60=0.00 avg300=0.00 total=3085847; memory.pressure some avg10=0.00 avg60=0.00 avg300=0.04 total=57535733; io.pressure some avg10=0.00 avg60=0.00 avg300=0.00 total=575194
116576 MiB, 97 %
== 20:51:17
Mem:         2321782      643108      482685       52511     1265906     1678673
anon 1587 MB; file 221896 MB; shmem 21 MB; file_mapped 221407 MB; unevictable 0 MB; 
memory.current 223979 MB
nr_periods 33128 nr_throttled 60 throttled_usec 205857023 
cpu.pressure some avg10=0.00 avg60=0.00 avg300=0.00 total=3085978; memory.pressure some avg10=0.00 avg60=0.00 avg300=0.03 total=57535733; io.pressure some avg10=0.00 avg60=0.00 avg300=0.00 total=575194
116594 MiB, 97 %
== 20:51:37
Mem:         2321782      643189      482598       52511     1265912     1678592
anon 1587 MB; file 221896 MB; shmem 21 MB; file_mapped 221407 MB; unevictable 0 MB; 
memory.current 223978 MB
nr_periods 33329 nr_throttled 60 throttled_usec 205857023 
cpu.pressure some avg10=0.00 avg60=0.00 avg300=0.00 total=3086022; memory.pressure some avg10=0.00 avg60=0.00 avg300=0.03 total=57535733; io.pressure some avg10=0.00 avg60=0.00 avg300=0.00 total=575194
116600 MiB, 98 %
== 20:51:57
Mem:         2321782      643291      482490       52511     1265918     1678490
anon 1587 MB; file 221896 MB; shmem 21 MB; file_mapped 221407 MB; unevictable 0 MB; 
memory.current 223979 MB
nr_periods 33529 nr_throttled 60 throttled_usec 205857023 
cpu.pressure some avg10=0.00 avg60=0.00 avg300=0.00 total=3086209; memory.pressure some avg10=0.00 avg60=0.00 avg300=0.02 total=57535733; io.pressure some avg10=0.00 avg60=0.00 avg300=0.00 total=575194
116614 MiB, 97 %
== 20:52:17
Mem:         2321782      643239      482536       52511     1265924     1678543
anon 1587 MB; file 221896 MB; shmem 21 MB; file_mapped 221407 MB; unevictable 0 MB; 
memory.current 223979 MB
nr_periods 33730 nr_throttled 60 throttled_usec 205857023 
cpu.pressure some avg10=0.00 avg60=0.00 avg300=0.00 total=3086592; memory.pressure some avg10=0.00 avg60=0.00 avg300=0.02 total=57535733; io.pressure some avg10=0.00 avg60=0.00 avg300=0.00 total=575194
116624 MiB, 98 %
== 20:52:37
Mem:         2321782      643368      482401       52511     1265930     1678413
anon 1587 MB; file 221896 MB; shmem 21 MB; file_mapped 221407 MB; unevictable 0 MB; 
memory.current 223979 MB
nr_periods 33930 nr_throttled 60 throttled_usec 205857023 
cpu.pressure some avg10=0.00 avg60=0.00 avg300=0.00 total=3086662; memory.pressure some avg10=0.00 avg60=0.00 avg300=0.01 total=57535733; io.pressure some avg10=0.00 avg60=0.00 avg300=0.00 total=575194
116636 MiB, 98 %
== 20:52:57
Mem:         2321782      643435      482327       52511     1265938     1678346
anon 1588 MB; file 221896 MB; shmem 21 MB; file_mapped 221407 MB; unevictable 0 MB; 
memory.current 223980 MB
nr_periods 34130 nr_throttled 60 throttled_usec 205857023 
cpu.pressure some avg10=0.00 avg60=0.00 avg300=0.00 total=3086722; memory.pressure some avg10=0.00 avg60=0.00 avg300=0.01 total=57535733; io.pressure some avg10=0.00 avg60=0.00 avg300=0.00 total=575194
116650 MiB, 98 %
== 20:53:17
Mem:         2321782      643235      482520       52511     1265944     1678546
anon 1588 MB; file 221896 MB; shmem 21 MB; file_mapped 221407 MB; unevictable 0 MB; 
memory.current 223980 MB
nr_periods 34331 nr_throttled 60 throttled_usec 205857023 
cpu.pressure some avg10=0.00 avg60=0.00 avg300=0.00 total=3086814; memory.pressure some avg10=0.00 avg60=0.00 avg300=0.00 total=57535733; io.pressure some avg10=0.00 avg60=0.00 avg300=0.00 total=575194
116656 MiB, 97 %
== 20:53:37
Mem:         2321782      643231      482519       52511     1265949     1678550
anon 1590 MB; file 221896 MB; shmem 21 MB; file_mapped 221407 MB; unevictable 0 MB; 
memory.current 223981 MB
nr_periods 34531 nr_throttled 60 throttled_usec 205857023 
cpu.pressure some avg10=0.00 avg60=0.00 avg300=0.00 total=3086984; memory.pressure some avg10=0.00 avg60=0.00 avg300=0.00 total=57535733; io.pressure some avg10=0.00 avg60=0.00 avg300=0.00 total=575194
116676 MiB, 97 %
== 20:53:57
Mem:         2321782      643470      482274       52511     1265955     1678311
anon 1590 MB; file 221896 MB; shmem 21 MB; file_mapped 221407 MB; unevictable 0 MB; 
memory.current 223981 MB
nr_periods 34732 nr_throttled 60 throttled_usec 205857023 
cpu.pressure some avg10=0.00 avg60=0.00 avg300=0.00 total=3087125; memory.pressure some avg10=0.00 avg60=0.00 avg300=0.00 total=57535733; io.pressure some avg10=0.00 avg60=0.00 avg300=0.00 total=575194
116682 MiB, 97 %
== 20:54:17
Mem:         2321782      643349      482388       52511     1265961     1678432
anon 1591 MB; file 221896 MB; shmem 21 MB; file_mapped 221407 MB; unevictable 0 MB; 
memory.current 223983 MB
nr_periods 34932 nr_throttled 60 throttled_usec 205857023 
cpu.pressure some avg10=0.00 avg60=0.00 avg300=0.00 total=3087219; memory.pressure some avg10=0.00 avg60=0.00 avg300=0.00 total=57535733; io.pressure some avg10=0.00 avg60=0.00 avg300=0.00 total=575194
116696 MiB, 98 %
== 20:54:37
Mem:         2321782      643421      482311       52511     1265967     1678361
anon 1591 MB; file 221896 MB; shmem 21 MB; file_mapped 221407 MB; unevictable 0 MB; 
memory.current 223983 MB
nr_periods 35133 nr_throttled 60 throttled_usec 205857023 
cpu.pressure some avg10=0.00 avg60=0.00 avg300=0.00 total=3087289; memory.pressure some avg10=0.00 avg60=0.00 avg300=0.00 total=57535733; io.pressure some avg10=0.00 avg60=0.00 avg300=0.00 total=575194
116704 MiB, 98 %
== 20:54:57
Mem:         2321782      641900      483781       52490     1265963     1679881
anon 1592 MB; file 221896 MB; shmem 21 MB; file_mapped 221407 MB; unevictable 0 MB; 
memory.current 223984 MB
nr_periods 35333 nr_throttled 60 throttled_usec 205857023 
cpu.pressure some avg10=0.00 avg60=0.00 avg300=0.00 total=3087461; memory.pressure some avg10=0.00 avg60=0.00 avg300=0.00 total=57535733; io.pressure some avg10=0.00 avg60=0.00 avg300=0.00 total=575194
116718 MiB, 97 %
== 20:55:17
Mem:         2321782      641964      483813       52490     1265867     1679817
anon 1594 MB; file 221896 MB; shmem 21 MB; file_mapped 221407 MB; unevictable 0 MB; 
memory.current 223986 MB
nr_periods 35533 nr_throttled 60 throttled_usec 205857023 
cpu.pressure some avg10=0.00 avg60=0.00 avg300=0.00 total=3087783; memory.pressure some avg10=0.00 avg60=0.00 avg300=0.00 total=57535733; io.pressure some avg10=0.00 avg60=0.00 avg300=0.00 total=575194
116732 MiB, 98 %
== 20:55:37
Mem:         2321782      641955      483822       52490     1265868     1679827
anon 1594 MB; file 221896 MB; shmem 21 MB; file_mapped 221407 MB; unevictable 0 MB; 
memory.current 223986 MB
nr_periods 35734 nr_throttled 60 throttled_usec 205857023 
cpu.pressure some avg10=0.00 avg60=0.00 avg300=0.00 total=3088293; memory.pressure some avg10=0.00 avg60=0.00 avg300=0.00 total=57535733; io.pressure some avg10=0.00 avg60=0.00 avg300=0.00 total=575194
116738 MiB, 97 %
== 20:55:57
Mem:         2321782      642009      483768       52490     1265868     1679773
anon 1595 MB; file 221896 MB; shmem 21 MB; file_mapped 221407 MB; unevictable 0 MB; 
memory.current 223987 MB
nr_periods 35934 nr_throttled 60 throttled_usec 205857023 
cpu.pressure some avg10=0.00 avg60=0.00 avg300=0.00 total=3088598; memory.pressure some avg10=0.00 avg60=0.00 avg300=0.00 total=57535733; io.pressure some avg10=0.00 avg60=0.00 avg300=0.00 total=575194
116754 MiB, 97 %
== 20:56:17
Mem:         2321782      642823      482953       52490     1265869     1678958
anon 2148 MB; file 221896 MB; shmem 21 MB; file_mapped 221407 MB; unevictable 0 MB; 
memory.current 224548 MB
nr_periods 36135 nr_throttled 60 throttled_usec 205857023 
cpu.pressure some avg10=0.00 avg60=0.00 avg300=0.00 total=3089016; memory.pressure some avg10=0.00 avg60=0.00 avg300=0.00 total=57535733; io.pressure some avg10=0.00 avg60=0.00 avg300=0.00 total=575194
116754 MiB, 97 %
== 20:56:37
Mem:         2321782      644520      481284       52511     1265895     1677261
anon 2716 MB; file 221896 MB; shmem 21 MB; file_mapped 221407 MB; unevictable 0 MB; 
memory.current 225115 MB
nr_periods 36335 nr_throttled 60 throttled_usec 205857023 
cpu.pressure some avg10=0.00 avg60=0.00 avg300=0.00 total=3089531; memory.pressure some avg10=0.00 avg60=0.00 avg300=0.00 total=57535733; io.pressure some avg10=0.00 avg60=0.00 avg300=0.00 total=575194
116754 MiB, 97 %
== 20:56:57
Mem:         2321782      643756      482014       52490     1265875     1678025
anon 3319 MB; file 221896 MB; shmem 21 MB; file_mapped 221407 MB; unevictable 0 MB; 
memory.current 225714 MB
nr_periods 36536 nr_throttled 60 throttled_usec 205857023 
cpu.pressure some avg10=0.00 avg60=0.00 avg300=0.00 total=3090327; memory.pressure some avg10=0.00 avg60=0.00 avg300=0.00 total=57535733; io.pressure some avg10=0.00 avg60=0.00 avg300=0.00 total=575194
116754 MiB, 97 %
== 20:57:17
Mem:         2321782      644354      481415       52490     1265875     1677427
anon 3885 MB; file 221896 MB; shmem 21 MB; file_mapped 221407 MB; unevictable 0 MB; 
memory.current 226283 MB
nr_periods 36736 nr_throttled 60 throttled_usec 205857023 
cpu.pressure some avg10=0.00 avg60=0.00 avg300=0.00 total=3090987; memory.pressure some avg10=0.00 avg60=0.00 avg300=0.00 total=57535733; io.pressure some avg10=0.00 avg60=0.00 avg300=0.00 total=575194
116754 MiB, 97 %
== 20:57:37
Mem:         2321782      644851      480917       52490     1265876     1676930
anon 4454 MB; file 221896 MB; shmem 21 MB; file_mapped 221407 MB; unevictable 0 MB; 
memory.current 226852 MB
nr_periods 36936 nr_throttled 60 throttled_usec 205857023 
cpu.pressure some avg10=0.00 avg60=0.00 avg300=0.00 total=3091599; memory.pressure some avg10=0.00 avg60=0.00 avg300=0.00 total=57535733; io.pressure some avg10=0.00 avg60=0.00 avg300=0.00 total=575194
116754 MiB, 97 %
== 20:57:57
Mem:         2321782      645552      480216       52490     1265876     1676229
anon 5051 MB; file 221896 MB; shmem 21 MB; file_mapped 221407 MB; unevictable 0 MB; 
memory.current 227451 MB
nr_periods 37137 nr_throttled 60 throttled_usec 205857023 
cpu.pressure some avg10=0.00 avg60=0.00 avg300=0.00 total=3092873; memory.pressure some avg10=0.00 avg60=0.00 avg300=0.00 total=57535733; io.pressure some avg10=0.00 avg60=0.00 avg300=0.00 total=575194
116754 MiB, 97 %
== 20:58:17
Mem:         2321782      646212      479556       52490     1265877     1675569
anon 5611 MB; file 221896 MB; shmem 21 MB; file_mapped 221407 MB; unevictable 0 MB; 
memory.current 228018 MB
nr_periods 37337 nr_throttled 60 throttled_usec 205857023 
cpu.pressure some avg10=0.00 avg60=0.00 avg300=0.00 total=3093550; memory.pressure some avg10=0.00 avg60=0.00 avg300=0.00 total=57535733; io.pressure some avg10=0.00 avg60=0.00 avg300=0.00 total=575194
116754 MiB, 96 %
== 20:58:37
Mem:         2321782      646653      479114       52490     1265877     1675128
anon 6186 MB; file 221896 MB; shmem 21 MB; file_mapped 221407 MB; unevictable 0 MB; 
memory.current 228588 MB
nr_periods 37538 nr_throttled 60 throttled_usec 205857023 
cpu.pressure some avg10=0.00 avg60=0.00 avg300=0.00 total=3094707; memory.pressure some avg10=0.00 avg60=0.00 avg300=0.00 total=57535733; io.pressure some avg10=0.00 avg60=0.00 avg300=0.00 total=575194
116754 MiB, 97 %
== 20:58:58
Mem:         2321782      648675      477126       52511     1265898     1673107
anon 6778 MB; file 221896 MB; shmem 21 MB; file_mapped 221407 MB; unevictable 0 MB; 
memory.current 229181 MB
nr_periods 37738 nr_throttled 60 throttled_usec 205857023 
cpu.pressure some avg10=0.00 avg60=0.00 avg300=0.00 total=3095579; memory.pressure some avg10=0.00 avg60=0.00 avg300=0.00 total=57535733; io.pressure some avg10=0.00 avg60=0.00 avg300=0.00 total=575194
116754 MiB, 97 %
== 20:59:18
Mem:         2321782      648201      477565       52490     1265878     1673580
anon 7351 MB; file 221896 MB; shmem 21 MB; file_mapped 221407 MB; unevictable 0 MB; 
memory.current 229755 MB
nr_periods 37938 nr_throttled 60 throttled_usec 205857023 
cpu.pressure some avg10=0.00 avg60=0.00 avg300=0.00 total=3096648; memory.pressure some avg10=0.00 avg60=0.00 avg300=0.00 total=57535733; io.pressure some avg10=0.00 avg60=0.00 avg300=0.00 total=575194
116754 MiB, 97 %
== 20:59:38
Mem:         2321782      648691      477075       52490     1265878     1673091
anon 7921 MB; file 221896 MB; shmem 21 MB; file_mapped 221407 MB; unevictable 0 MB; 
memory.current 230327 MB
nr_periods 38139 nr_throttled 60 throttled_usec 205857023 
cpu.pressure some avg10=0.00 avg60=0.00 avg300=0.00 total=3097962; memory.pressure some avg10=0.00 avg60=0.00 avg300=0.00 total=57535733; io.pressure some avg10=0.00 avg60=0.00 avg300=0.00 total=575194
116754 MiB, 97 %
== 20:59:58
Mem:         2321782      649248      476517       52490     1265879     1672533
anon 8503 MB; file 221896 MB; shmem 21 MB; file_mapped 221407 MB; unevictable 0 MB; 
memory.current 230909 MB
nr_periods 38339 nr_throttled 60 throttled_usec 205857023 
cpu.pressure some avg10=0.00 avg60=0.00 avg300=0.00 total=3099453; memory.pressure some avg10=0.00 avg60=0.00 avg300=0.00 total=57535733; io.pressure some avg10=0.00 avg60=0.00 avg300=0.00 total=575194
116754 MiB, 97 %
== 21:00:18
Mem:         2321782      649697      476068       52490     1265879     1672084
anon 9081 MB; file 221896 MB; shmem 21 MB; file_mapped 221407 MB; unevictable 0 MB; 
memory.current 231495 MB
nr_periods 38539 nr_throttled 60 throttled_usec 205857023 
cpu.pressure some avg10=0.00 avg60=0.00 avg300=0.00 total=3100634; memory.pressure some avg10=0.00 avg60=0.00 avg300=0.00 total=57535733; io.pressure some avg10=0.00 avg60=0.00 avg300=0.00 total=575194
116754 MiB, 97 %
== 21:00:38
Mem:         2321782      650228      475536       52490     1265880     1671553
anon 9652 MB; file 221896 MB; shmem 21 MB; file_mapped 221407 MB; unevictable 0 MB; 
memory.current 232065 MB
nr_periods 38740 nr_throttled 60 throttled_usec 205857023 
cpu.pressure some avg10=0.00 avg60=0.00 avg300=0.00 total=3102584; memory.pressure some avg10=0.00 avg60=0.00 avg300=0.00 total=57535733; io.pressure some avg10=0.00 avg60=0.00 avg300=0.00 total=575194
116754 MiB, 97 %
== 21:00:58
Mem:         2321782      650933      474831       52490     1265880     1670848
anon 10225 MB; file 221896 MB; shmem 21 MB; file_mapped 221407 MB; unevictable 0 MB; 
memory.current 232634 MB
nr_periods 38940 nr_throttled 60 throttled_usec 205857023 
cpu.pressure some avg10=0.00 avg60=0.00 avg300=0.00 total=3103690; memory.pressure some avg10=0.00 avg60=0.00 avg300=0.00 total=57535733; io.pressure some avg10=0.00 avg60=0.00 avg300=0.00 total=575194
116754 MiB, 97 %
== 21:01:18
Mem:         2321782      651561      474203       52490     1265880     1670220
anon 10817 MB; file 221896 MB; shmem 21 MB; file_mapped 221407 MB; unevictable 0 MB; 
memory.current 233234 MB
nr_periods 39141 nr_throttled 60 throttled_usec 205857023 
cpu.pressure some avg10=0.00 avg60=0.00 avg300=0.00 total=3104707; memory.pressure some avg10=0.00 avg60=0.00 avg300=0.00 total=57535733; io.pressure some avg10=0.00 avg60=0.00 avg300=0.00 total=575194
116754 MiB, 96 %
== 21:01:38
Mem:         2321782      652134      473629       52490     1265881     1669647
anon 11393 MB; file 221896 MB; shmem 21 MB; file_mapped 221407 MB; unevictable 0 MB; 
memory.current 233804 MB
nr_periods 39341 nr_throttled 60 throttled_usec 205857023 
cpu.pressure some avg10=0.00 avg60=0.00 avg300=0.00 total=3105719; memory.pressure some avg10=0.00 avg60=0.00 avg300=0.00 total=57535733; io.pressure some avg10=0.00 avg60=0.00 avg300=0.00 total=575194
116754 MiB, 97 %
== 21:01:58
Mem:         2321782      652760      473003       52490     1265881     1669021
anon 11960 MB; file 221896 MB; shmem 21 MB; file_mapped 221407 MB; unevictable 0 MB; 
memory.current 234373 MB
nr_periods 39542 nr_throttled 60 throttled_usec 205857023 
cpu.pressure some avg10=0.00 avg60=0.00 avg300=0.00 total=3106292; memory.pressure some avg10=0.00 avg60=0.00 avg300=0.00 total=57535733; io.pressure some avg10=0.00 avg60=0.00 avg300=0.00 total=575194
116754 MiB, 97 %
== 21:02:18
Mem:         2321782      653388      472375       52490     1265882     1668393
anon 12557 MB; file 221896 MB; shmem 21 MB; file_mapped 221407 MB; unevictable 0 MB; 
memory.current 234973 MB
nr_periods 39742 nr_throttled 60 throttled_usec 205857023 
cpu.pressure some avg10=0.00 avg60=0.00 avg300=0.00 total=3106523; memory.pressure some avg10=0.00 avg60=0.00 avg300=0.00 total=57535733; io.pressure some avg10=0.00 avg60=0.00 avg300=0.00 total=575194
116754 MiB, 97 %
== 21:02:38
Mem:         2321782      653993      471769       52490     1265882     1667788
anon 13121 MB; file 221896 MB; shmem 21 MB; file_mapped 221407 MB; unevictable 0 MB; 
memory.current 235543 MB
nr_periods 39942 nr_throttled 60 throttled_usec 205857023 
cpu.pressure some avg10=0.00 avg60=0.00 avg300=0.00 total=3106766; memory.pressure some avg10=0.00 avg60=0.00 avg300=0.00 total=57535733; io.pressure some avg10=0.00 avg60=0.00 avg300=0.00 total=575194
116754 MiB, 97 %
== 21:02:58
Mem:         2321782      656124      469485       52511     1266090     1665657
anon 13696 MB; file 221896 MB; shmem 21 MB; file_mapped 221407 MB; unevictable 0 MB; 
memory.current 236112 MB
nr_periods 40143 nr_throttled 60 throttled_usec 205857023 
cpu.pressure some avg10=0.00 avg60=0.00 avg300=0.00 total=3107017; memory.pressure some avg10=0.00 avg60=0.00 avg300=0.00 total=57535733; io.pressure some avg10=0.00 avg60=0.00 avg300=0.00 total=575194
116754 MiB, 97 %
== 21:03:18
Mem:         2321782      656636      468914       52511     1266148     1665145
anon 14291 MB; file 221896 MB; shmem 21 MB; file_mapped 221407 MB; unevictable 0 MB; 
memory.current 236712 MB
nr_periods 40343 nr_throttled 60 throttled_usec 205857023 
cpu.pressure some avg10=0.00 avg60=0.00 avg300=0.00 total=3107245; memory.pressure some avg10=0.00 avg60=0.00 avg300=0.00 total=57535733; io.pressure some avg10=0.00 avg60=0.00 avg300=0.00 total=575194
116754 MiB, 97 %
== 21:03:38
Mem:         2321782      657353      468139       52511     1266208     1664428
anon 14864 MB; file 221896 MB; shmem 21 MB; file_mapped 221407 MB; unevictable 0 MB; 
memory.current 237282 MB
nr_periods 40544 nr_throttled 60 throttled_usec 205857023 
cpu.pressure some avg10=0.00 avg60=0.00 avg300=0.00 total=3107487; memory.pressure some avg10=0.00 avg60=0.00 avg300=0.00 total=57535733; io.pressure some avg10=0.00 avg60=0.00 avg300=0.00 total=575194
116754 MiB, 97 %
== 21:03:58
Mem:         2321782      657935      467556       52511     1266208     1663847
anon 15426 MB; file 221896 MB; shmem 21 MB; file_mapped 221407 MB; unevictable 0 MB; 
memory.current 237850 MB
nr_periods 40744 nr_throttled 60 throttled_usec 205857023 
cpu.pressure some avg10=0.00 avg60=0.00 avg300=0.00 total=3107725; memory.pressure some avg10=0.00 avg60=0.00 avg300=0.00 total=57535733; io.pressure some avg10=0.00 avg60=0.00 avg300=0.00 total=575194
116754 MiB, 97 %
== 21:04:18
Mem:         2321782      660017      465423       52532     1266314     1661764
anon 16030 MB; file 221896 MB; shmem 21 MB; file_mapped 221407 MB; unevictable 0 MB; 
memory.current 238450 MB
nr_periods 40945 nr_throttled 60 throttled_usec 205857023 
cpu.pressure some avg10=0.00 avg60=0.00 avg300=0.00 total=3107985; memory.pressure some avg10=0.00 avg60=0.00 avg300=0.00 total=57535733; io.pressure some avg10=0.00 avg60=0.00 avg300=0.00 total=575194
116754 MiB, 97 %
== 21:04:38
Mem:         2321782      660535      464872       52532     1266347     1661246
anon 16599 MB; file 221896 MB; shmem 21 MB; file_mapped 221407 MB; unevictable 0 MB; 
memory.current 239021 MB
nr_periods 41145 nr_throttled 60 throttled_usec 205857023 
cpu.pressure some avg10=0.00 avg60=0.00 avg300=0.00 total=3108217; memory.pressure some avg10=0.00 avg60=0.00 avg300=0.00 total=57535733; io.pressure some avg10=0.00 avg60=0.00 avg300=0.00 total=575194
116754 MiB, 97 %
== 21:04:58
Mem:         2321782      661080      464299       52532     1266374     1660701
anon 17161 MB; file 221896 MB; shmem 21 MB; file_mapped 221407 MB; unevictable 0 MB; 
memory.current 239589 MB
nr_periods 41345 nr_throttled 60 throttled_usec 205857023 
cpu.pressure some avg10=0.00 avg60=0.00 avg300=0.00 total=3108468; memory.pressure some avg10=0.00 avg60=0.00 avg300=0.00 total=57535733; io.pressure some avg10=0.00 avg60=0.00 avg300=0.00 total=575194
116754 MiB, 97 %
== 21:05:18
Mem:         2321782      661826      463463       52532     1266465     1659955
anon 17761 MB; file 221896 MB; shmem 21 MB; file_mapped 221407 MB; unevictable 0 MB; 
memory.current 240187 MB
nr_periods 41546 nr_throttled 60 throttled_usec 205857023 
cpu.pressure some avg10=0.00 avg60=0.00 avg300=0.00 total=3108728; memory.pressure some avg10=0.00 avg60=0.00 avg300=0.00 total=57535733; io.pressure some avg10=0.00 avg60=0.00 avg300=0.00 total=575194
116754 MiB, 97 %
== 21:05:38
Mem:         2321782      662383      462878       52532     1266493     1659398
anon 18333 MB; file 221896 MB; shmem 21 MB; file_mapped 221407 MB; unevictable 0 MB; 
memory.current 240758 MB
nr_periods 41746 nr_throttled 60 throttled_usec 205857023 
cpu.pressure some avg10=0.00 avg60=0.00 avg300=0.00 total=3109317; memory.pressure some avg10=0.00 avg60=0.00 avg300=0.00 total=57535733; io.pressure some avg10=0.00 avg60=0.00 avg300=0.00 total=575194
116754 MiB, 97 %
== 21:05:58
Mem:         2321782      662978      462255       52532     1266520     1658803
anon 18890 MB; file 221896 MB; shmem 21 MB; file_mapped 221407 MB; unevictable 0 MB; 
memory.current 241325 MB
nr_periods 41947 nr_throttled 60 throttled_usec 205857023 
cpu.pressure some avg10=0.00 avg60=0.00 avg300=0.00 total=3109690; memory.pressure some avg10=0.00 avg60=0.00 avg300=0.00 total=57535733; io.pressure some avg10=0.00 avg60=0.00 avg300=0.00 total=575194
116754 MiB, 96 %
== 21:06:18
Mem:         2321782      663672      461524       52532     1266557     1658109
anon 19492 MB; file 221896 MB; shmem 21 MB; file_mapped 221407 MB; unevictable 0 MB; 
memory.current 241924 MB
nr_periods 42147 nr_throttled 60 throttled_usec 205857023 
cpu.pressure some avg10=0.00 avg60=0.00 avg300=0.00 total=3110165; memory.pressure some avg10=0.00 avg60=0.00 avg300=0.00 total=57535733; io.pressure some avg10=0.00 avg60=0.00 avg300=0.00 total=575194
116754 MiB, 97 %
== 21:06:38
Mem:         2321782      664301      460868       52532     1266585     1657480
anon 20066 MB; file 221896 MB; shmem 21 MB; file_mapped 221407 MB; unevictable 0 MB; 
memory.current 242494 MB
nr_periods 42347 nr_throttled 60 throttled_usec 205857023 
cpu.pressure some avg10=0.00 avg60=0.00 avg300=0.00 total=3110491; memory.pressure some avg10=0.00 avg60=0.00 avg300=0.00 total=57535733; io.pressure some avg10=0.00 avg60=0.00 avg300=0.00 total=575194
116754 MiB, 96 %
== 21:06:59
Mem:         2321782      664845      460296       52532     1266612     1656936
anon 20629 MB; file 221896 MB; shmem 21 MB; file_mapped 221407 MB; unevictable 0 MB; 
memory.current 243064 MB
nr_periods 42548 nr_throttled 60 throttled_usec 205857023 
cpu.pressure some avg10=0.00 avg60=0.00 avg300=0.00 total=3110706; memory.pressure some avg10=0.00 avg60=0.00 avg300=0.00 total=57535733; io.pressure some avg10=0.00 avg60=0.00 avg300=0.00 total=575194
116754 MiB, 97 %
== 21:07:19
Mem:         2321782      665553      459561       52532     1266640     1656228
anon 21226 MB; file 221896 MB; shmem 21 MB; file_mapped 221407 MB; unevictable 0 MB; 
memory.current 243662 MB
nr_periods 42749 nr_throttled 60 throttled_usec 205857023 
cpu.pressure some avg10=0.00 avg60=0.00 avg300=0.00 total=3110925; memory.pressure some avg10=0.00 avg60=0.00 avg300=0.00 total=57535733; io.pressure some avg10=0.00 avg60=0.00 avg300=0.00 total=575194
116754 MiB, 97 %
== 21:07:39
Mem:         2321782      666024      458999       52532     1266731     1655757
anon 21800 MB; file 221896 MB; shmem 21 MB; file_mapped 221407 MB; unevictable 0 MB; 
memory.current 244232 MB
nr_periods 42949 nr_throttled 60 throttled_usec 205857023 
cpu.pressure some avg10=0.00 avg60=0.00 avg300=0.00 total=3112385; memory.pressure some avg10=0.00 avg60=0.00 avg300=0.00 total=57535733; io.pressure some avg10=0.00 avg60=0.00 avg300=0.00 total=575194
116754 MiB, 97 %
== 21:07:59
Mem:         2321782      666670      458325       52532     1266758     1655111
anon 22182 MB; file 221896 MB; shmem 21 MB; file_mapped 221407 MB; unevictable 0 MB; 
memory.current 244619 MB
nr_periods 43149 nr_throttled 86 throttled_usec 326297500 
cpu.pressure some avg10=6.42 avg60=1.22 avg300=0.25 total=4244071; memory.pressure some avg10=0.00 avg60=0.00 avg300=0.00 total=57535733; io.pressure some avg10=0.00 avg60=0.00 avg300=0.00 total=575197
116754 MiB, 9 %
== 21:08:19
Mem:         2321782      643834      481097       52511     1266768     1677948
anon 8 MB; file 221874 MB; shmem 0 MB; file_mapped 0 MB; unevictable 0 MB; 
memory.current 221934 MB
nr_periods 43338 nr_throttled 157 throttled_usec 652965986 
cpu.pressure some avg10=12.09 avg60=5.44 avg300=1.34 total=7340414; memory.pressure some avg10=0.00 avg60=0.00 avg300=0.00 total=57535733; io.pressure some avg10=0.00 avg60=0.00 avg300=0.00 total=576853
0 MiB, 0 %
== 21:08:39
Mem:         2321782      643746      481171       52511     1266782     1678035
anon 6 MB; file 221874 MB; shmem 0 MB; file_mapped 0 MB; unevictable 0 MB; 
memory.current 221928 MB
nr_periods 43346 nr_throttled 157 throttled_usec 652965986 
cpu.pressure some avg10=1.63 avg60=3.90 avg300=1.25 total=7340483; memory.pressure some avg10=0.00 avg60=0.00 avg300=0.00 total=57535733; io.pressure some avg10=0.00 avg60=0.00 avg300=0.00 total=576853
0 MiB, 0 %
== 21:08:59
Mem:         2321782      644303      480620       52511     1266797     1677479
anon 484 MB; file 221874 MB; shmem 0 MB; file_mapped 3 MB; unevictable 0 MB; 
memory.current 222415 MB
nr_periods 43401 nr_throttled 159 throttled_usec 656873473 
cpu.pressure some avg10=0.62 avg60=2.80 avg300=1.17 total=7400389; memory.pressure some avg10=0.00 avg60=0.00 avg300=0.00 total=57535733; io.pressure some avg10=0.00 avg60=0.00 avg300=0.00 total=576866
4 MiB, 0 %
== 21:09:19
Mem:         2321782      646757      478164       52530     1266831     1675024
anon 774 MB; file 221894 MB; shmem 19 MB; file_mapped 2464 MB; unevictable 0 MB; 
memory.current 222745 MB
nr_periods 43601 nr_throttled 162 throttled_usec 664555681 
cpu.pressure some avg10=0.30 avg60=2.11 avg300=1.12 total=7483754; memory.pressure some avg10=0.00 avg60=0.00 avg300=0.00 total=57535733; io.pressure some avg10=0.00 avg60=0.00 avg300=0.00 total=576868
14640 MiB, 31 %
== 21:09:39
Mem:         2321782      646262      478649       52530     1266841     1675519
anon 935 MB; file 221894 MB; shmem 19 MB; file_mapped 4861 MB; unevictable 0 MB; 
memory.current 222914 MB
nr_periods 43803 nr_throttled 162 throttled_usec 664555681 
cpu.pressure some avg10=0.03 avg60=1.51 avg300=1.04 total=7485809; memory.pressure some avg10=0.00 avg60=0.00 avg300=0.00 total=57535733; io.pressure some avg10=0.00 avg60=0.00 avg300=0.00 total=576871
14640 MiB, 100 %
== 21:09:59
Mem:         2321782      645663      479239       52530     1266850     1676119
anon 936 MB; file 221894 MB; shmem 19 MB; file_mapped 7189 MB; unevictable 0 MB; 
memory.current 222961 MB
nr_periods 44003 nr_throttled 162 throttled_usec 664555681 
cpu.pressure some avg10=0.00 avg60=1.08 avg300=0.97 total=7487999; memory.pressure some avg10=0.00 avg60=0.00 avg300=0.00 total=57535733; io.pressure some avg10=0.00 avg60=0.00 avg300=0.00 total=576923
14640 MiB, 97 %
== 21:10:19
Mem:         2321782      645613      479274       52530     1266865     1676168
anon 774 MB; file 221894 MB; shmem 19 MB; file_mapped 42958 MB; unevictable 0 MB; 
memory.current 222815 MB
nr_periods 44203 nr_throttled 162 throttled_usec 664555681 
cpu.pressure some avg10=0.00 avg60=0.77 avg300=0.90 total=7493104; memory.pressure some avg10=0.00 avg60=0.00 avg300=0.00 total=57535733; io.pressure some avg10=0.00 avg60=0.00 avg300=0.00 total=576927
11266 MiB, 29 %
== 21:10:39
Mem:         2321782      645431      479446       52530     1266875     1676351
anon 774 MB; file 221894 MB; shmem 19 MB; file_mapped 85302 MB; unevictable 0 MB; 
memory.current 222896 MB
nr_periods 44404 nr_throttled 162 throttled_usec 664555681 
cpu.pressure some avg10=0.00 avg60=0.55 avg300=0.84 total=7499827; memory.pressure some avg10=0.00 avg60=0.00 avg300=0.00 total=57535733; io.pressure some avg10=0.00 avg60=0.00 avg300=0.00 total=576927
11266 MiB, 29 %
== 21:10:59
Mem:         2321782      645287      479576       52530     1266889     1676494
anon 774 MB; file 221894 MB; shmem 19 MB; file_mapped 126176 MB; unevictable 0 MB; 
memory.current 222976 MB
nr_periods 44604 nr_throttled 162 throttled_usec 664555681 
cpu.pressure some avg10=0.00 avg60=0.39 avg300=0.78 total=7506544; memory.pressure some avg10=0.00 avg60=0.00 avg300=0.00 total=57535733; io.pressure some avg10=0.00 avg60=0.00 avg300=0.00 total=576927
11266 MiB, 44 %
== 21:11:19
Mem:         2321782      645188      479665       52530     1266899     1676593
anon 772 MB; file 221894 MB; shmem 19 MB; file_mapped 164653 MB; unevictable 0 MB; 
memory.current 223049 MB
nr_periods 44805 nr_throttled 162 throttled_usec 664555681 
cpu.pressure some avg10=0.00 avg60=0.28 avg300=0.73 total=7511096; memory.pressure some avg10=0.00 avg60=0.00 avg300=0.00 total=57535733; io.pressure some avg10=0.00 avg60=0.00 avg300=0.00 total=576927
11266 MiB, 28 %
== 21:11:39
Mem:         2321782      643702      481044       52509     1266951     1678079
anon 772 MB; file 221894 MB; shmem 19 MB; file_mapped 209514 MB; unevictable 0 MB; 
memory.current 223136 MB
nr_periods 45005 nr_throttled 162 throttled_usec 664555681 
cpu.pressure some avg10=0.00 avg60=0.19 avg300=0.68 total=7515345; memory.pressure some avg10=0.00 avg60=0.00 avg300=0.00 total=57535733; io.pressure some avg10=0.00 avg60=0.00 avg300=0.00 total=576949
11266 MiB, 28 %
== 21:11:59
Mem:         2321782      643778      480950       52509     1266969     1678003
anon 772 MB; file 221894 MB; shmem 19 MB; file_mapped 221404 MB; unevictable 0 MB; 
memory.current 223159 MB
nr_periods 45205 nr_throttled 162 throttled_usec 664555681 
cpu.pressure some avg10=0.00 avg60=0.14 avg300=0.63 total=7523825; memory.pressure some avg10=0.00 avg60=0.00 avg300=0.00 total=57535733; io.pressure some avg10=0.00 avg60=0.00 avg300=0.00 total=577079
16386 MiB, 35 %
== 21:12:19
Mem:         2321782      643860      480853       52509     1266984     1677921
anon 772 MB; file 221894 MB; shmem 19 MB; file_mapped 221404 MB; unevictable 0 MB; 
memory.current 223160 MB
nr_periods 45406 nr_throttled 162 throttled_usec 664555681 
cpu.pressure some avg10=0.00 avg60=0.09 avg300=0.59 total=7530844; memory.pressure some avg10=0.00 avg60=0.00 avg300=0.00 total=57535733; io.pressure some avg10=0.00 avg60=0.00 avg300=0.00 total=577804
16386 MiB, 23 %
== 21:12:39
Mem:         2321782      643816      480887       52509     1266994     1677965
anon 772 MB; file 221894 MB; shmem 19 MB; file_mapped 221404 MB; unevictable 0 MB; 
memory.current 223160 MB
nr_periods 45606 nr_throttled 162 throttled_usec 664555681 
cpu.pressure some avg10=0.00 avg60=0.06 avg300=0.54 total=7535806; memory.pressure some avg10=0.00 avg60=0.00 avg300=0.00 total=57535733; io.pressure some avg10=0.00 avg60=0.00 avg300=0.00 total=577805
16386 MiB, 25 %
== 21:12:59
Mem:         2321782      643867      480822       52509     1267008     1677914
anon 772 MB; file 221894 MB; shmem 19 MB; file_mapped 221404 MB; unevictable 0 MB; 
memory.current 223160 MB
nr_periods 45807 nr_throttled 162 throttled_usec 664555681 
cpu.pressure some avg10=0.00 avg60=0.04 avg300=0.50 total=7542524; memory.pressure some avg10=0.00 avg60=0.00 avg300=0.00 total=57535733; io.pressure some avg10=0.00 avg60=0.00 avg300=0.00 total=577905
16386 MiB, 28 %
== 21:13:19
Mem:         2321782      643965      480714       52509     1267018     1677817
anon 772 MB; file 221894 MB; shmem 19 MB; file_mapped 221404 MB; unevictable 0 MB; 
memory.current 223160 MB
nr_periods 46007 nr_throttled 162 throttled_usec 664555681 
cpu.pressure some avg10=0.00 avg60=0.03 avg300=0.47 total=7548623; memory.pressure some avg10=0.00 avg60=0.00 avg300=0.00 total=57535733; io.pressure some avg10=0.00 avg60=0.00 avg300=0.00 total=577908
16386 MiB, 23 %
== 21:13:39
Mem:         2321782      643990      480675       52509     1267033     1677791
anon 772 MB; file 221894 MB; shmem 19 MB; file_mapped 221404 MB; unevictable 0 MB; 
memory.current 223159 MB
nr_periods 46207 nr_throttled 162 throttled_usec 664555681 
cpu.pressure some avg10=0.00 avg60=0.02 avg300=0.43 total=7552630; memory.pressure some avg10=0.00 avg60=0.00 avg300=0.00 total=57535733; io.pressure some avg10=0.00 avg60=0.00 avg300=0.00 total=577908
16386 MiB, 25 %
== 21:14:00
Mem:         2321782      644060      480594       52509     1267043     1677721
anon 772 MB; file 221894 MB; shmem 19 MB; file_mapped 221404 MB; unevictable 0 MB; 
memory.current 223160 MB
nr_periods 46408 nr_throttled 162 throttled_usec 664555681 
cpu.pressure some avg10=0.00 avg60=0.01 avg300=0.40 total=7556627; memory.pressure some avg10=0.00 avg60=0.00 avg300=0.00 total=57535733; io.pressure some avg10=0.00 avg60=0.00 avg300=0.00 total=577908
16386 MiB, 45 %
== 21:14:20
Mem:         2321782      643918      480727       52509     1267053     1677863
anon 772 MB; file 221894 MB; shmem 19 MB; file_mapped 221404 MB; unevictable 0 MB; 
memory.current 223160 MB
nr_periods 46609 nr_throttled 162 throttled_usec 664555681 
cpu.pressure some avg10=0.00 avg60=0.00 avg300=0.37 total=7560847; memory.pressure some avg10=0.00 avg60=0.00 avg300=0.00 total=57535733; io.pressure some avg10=0.00 avg60=0.00 avg300=0.00 total=577908
16386 MiB, 33 %
== 21:14:40
Mem:         2321782      644459      480171       52511     1267069     1677322
anon 1200 MB; file 221896 MB; shmem 21 MB; file_mapped 221406 MB; unevictable 0 MB; 
memory.current 223614 MB
nr_periods 46809 nr_throttled 162 throttled_usec 664555681 
cpu.pressure some avg10=0.00 avg60=0.00 avg300=0.35 total=7565257; memory.pressure some avg10=0.00 avg60=0.00 avg300=0.00 total=57535733; io.pressure some avg10=0.00 avg60=0.00 avg300=0.00 total=577908
24282 MiB, 91 %
== 21:15:00
Mem:         2321782      644549      480071       52511     1267079     1677233
anon 1066 MB; file 221896 MB; shmem 21 MB; file_mapped 221406 MB; unevictable 0 MB; 
memory.current 223475 MB
nr_periods 47009 nr_throttled 163 throttled_usec 664725736 
cpu.pressure some avg10=0.00 avg60=0.00 avg300=0.32 total=7569660; memory.pressure some avg10=0.00 avg60=0.00 avg300=0.00 total=57535733; io.pressure some avg10=0.00 avg60=0.00 avg300=0.00 total=577935
24282 MiB, 29 %
== 21:15:20
Mem:         2321782      645958      478628       52511     1267114     1675823
anon 1797 MB; file 221896 MB; shmem 21 MB; file_mapped 221407 MB; unevictable 0 MB; 
memory.current 224182 MB
nr_periods 47210 nr_throttled 163 throttled_usec 664810959 
cpu.pressure some avg10=0.00 avg60=0.00 avg300=0.30 total=7572176; memory.pressure some avg10=0.00 avg60=0.00 avg300=0.00 total=57535733; io.pressure some avg10=0.00 avg60=0.00 avg300=0.00 total=578126
6414 MiB, 0 %
== 21:15:40
Mem:         2321782      645280      479291       52511     1267128     1676501
anon 1439 MB; file 221896 MB; shmem 21 MB; file_mapped 221407 MB; unevictable 0 MB; 
memory.current 223847 MB
nr_periods 47410 nr_throttled 164 throttled_usec 664816709 
cpu.pressure some avg10=0.00 avg60=0.00 avg300=0.27 total=7574146; memory.pressure some avg10=0.00 avg60=0.00 avg300=0.00 total=57535733; io.pressure some avg10=0.00 avg60=0.00 avg300=0.00 total=578127
16526 MiB, 93 %
== 21:16:00
Mem:         2321782      646244      478346       52532     1267164     1675537
anon 1179 MB; file 221896 MB; shmem 21 MB; file_mapped 221407 MB; unevictable 0 MB; 
memory.current 223584 MB
nr_periods 47611 nr_throttled 164 throttled_usec 664816709 
cpu.pressure some avg10=0.00 avg60=0.00 avg300=0.25 total=7577593; memory.pressure some avg10=0.00 avg60=0.00 avg300=0.00 total=57535733; io.pressure some avg10=0.00 avg60=0.00 avg300=0.00 total=578166
16530 MiB, 8 %
== 21:16:20
Mem:         2321782      646554      478025       52532     1267174     1675227
anon 1297 MB; file 221896 MB; shmem 21 MB; file_mapped 221407 MB; unevictable 0 MB; 
memory.current 223689 MB
nr_periods 47811 nr_throttled 164 throttled_usec 664896546 
cpu.pressure some avg10=0.00 avg60=0.00 avg300=0.24 total=7580190; memory.pressure some avg10=0.00 avg60=0.00 avg300=0.00 total=57535733; io.pressure some avg10=0.00 avg60=0.00 avg300=0.00 total=578194
35912 MiB, 0 %
== 21:16:40
Mem:         2321782      646765      477804       52532     1267185     1675016
anon 1430 MB; file 221896 MB; shmem 21 MB; file_mapped 221407 MB; unevictable 0 MB; 
memory.current 223829 MB
nr_periods 48011 nr_throttled 164 throttled_usec 664954594 
cpu.pressure some avg10=0.00 avg60=0.00 avg300=0.22 total=7584247; memory.pressure some avg10=0.00 avg60=0.00 avg300=0.00 total=57535733; io.pressure some avg10=0.00 avg60=0.00 avg300=0.00 total=578344
35912 MiB, 88 %
== 21:17:00
Mem:         2321782      646675      477871       52532     1267208     1675106
anon 1423 MB; file 221896 MB; shmem 21 MB; file_mapped 221407 MB; unevictable 0 MB; 
memory.current 223831 MB
nr_periods 48212 nr_throttled 164 throttled_usec 665081191 
cpu.pressure some avg10=0.00 avg60=0.00 avg300=0.20 total=7588969; memory.pressure some avg10=0.00 avg60=0.00 avg300=0.00 total=57535733; io.pressure some avg10=0.00 avg60=0.00 avg300=0.00 total=578349
35912 MiB, 54 %
== 21:17:20
Mem:         2321782      646717      477815       52532     1267222     1675064
anon 1430 MB; file 221896 MB; shmem 21 MB; file_mapped 221407 MB; unevictable 0 MB; 
memory.current 223827 MB
nr_periods 48412 nr_throttled 164 throttled_usec 665081191 
cpu.pressure some avg10=0.00 avg60=0.00 avg300=0.18 total=7592945; memory.pressure some avg10=0.00 avg60=0.00 avg300=0.00 total=57535733; io.pressure some avg10=0.00 avg60=0.00 avg300=0.00 total=578364
35914 MiB, 88 %
== 21:17:40
Mem:         2321782      646597      477924       52532     1267232     1675184
anon 1480 MB; file 221896 MB; shmem 21 MB; file_mapped 221407 MB; unevictable 0 MB; 
memory.current 223888 MB
nr_periods 48612 nr_throttled 164 throttled_usec 665081191 
cpu.pressure some avg10=0.00 avg60=0.00 avg300=0.17 total=7597175; memory.pressure some avg10=0.00 avg60=0.00 avg300=0.00 total=57535733; io.pressure some avg10=0.00 avg60=0.00 avg300=0.00 total=578367
43808 MiB, 6 %
== 21:18:00
Mem:         2321782      646302      478210       52532     1267242     1675479
anon 1489 MB; file 221896 MB; shmem 21 MB; file_mapped 221407 MB; unevictable 0 MB; 
memory.current 223886 MB
nr_periods 48813 nr_throttled 164 throttled_usec 665081191 
cpu.pressure some avg10=0.00 avg60=0.00 avg300=0.16 total=7601319; memory.pressure some avg10=0.00 avg60=0.00 avg300=0.00 total=57535733; io.pressure some avg10=0.00 avg60=0.00 avg300=0.00 total=578636
43808 MiB, 6 %
== 21:18:20
Mem:         2321782      646300      478197       52532     1267257     1675481
anon 1471 MB; file 221896 MB; shmem 21 MB; file_mapped 221407 MB; unevictable 0 MB; 
memory.current 223882 MB
nr_periods 49013 nr_throttled 164 throttled_usec 665081191 
cpu.pressure some avg10=0.00 avg60=0.00 avg300=0.14 total=7609201; memory.pressure some avg10=0.00 avg60=0.00 avg300=0.00 total=57535733; io.pressure some avg10=0.00 avg60=0.00 avg300=0.00 total=579281
43808 MiB, 6 %
== 21:18:40
Mem:         2321782      646460      478027       52532     1267268     1675321
anon 1510 MB; file 221896 MB; shmem 21 MB; file_mapped 221407 MB; unevictable 0 MB; 
memory.current 223920 MB
nr_periods 49214 nr_throttled 164 throttled_usec 665081191 
cpu.pressure some avg10=0.00 avg60=0.00 avg300=0.13 total=7612605; memory.pressure some avg10=0.00 avg60=0.00 avg300=0.00 total=57535733; io.pressure some avg10=0.00 avg60=0.00 avg300=0.00 total=579281
43810 MiB, 6 %
== 21:19:00
Mem:         2321782      646272      478200       52532     1267282     1675509
anon 1494 MB; file 221896 MB; shmem 21 MB; file_mapped 221407 MB; unevictable 0 MB; 
memory.current 223903 MB
nr_periods 49415 nr_throttled 164 throttled_usec 665081191 
cpu.pressure some avg10=0.00 avg60=0.00 avg300=0.12 total=7615164; memory.pressure some avg10=0.00 avg60=0.00 avg300=0.00 total=57535733; io.pressure some avg10=0.00 avg60=0.00 avg300=0.00 total=579282
43812 MiB, 6 %
== 21:19:20
Mem:         2321782      646121      478340       52532     1267292     1675660
anon 1518 MB; file 221896 MB; shmem 21 MB; file_mapped 221407 MB; unevictable 0 MB; 
memory.current 223927 MB
nr_periods 49615 nr_throttled 164 throttled_usec 665081191 
cpu.pressure some avg10=0.00 avg60=0.00 avg300=0.11 total=7620434; memory.pressure some avg10=0.00 avg60=0.00 avg300=0.00 total=57535733; io.pressure some avg10=0.00 avg60=0.00 avg300=0.00 total=579528
43816 MiB, 6 %
== 21:19:40
Mem:         2321782      646131      478316       52532     1267307     1675650
anon 1465 MB; file 221896 MB; shmem 21 MB; file_mapped 221407 MB; unevictable 0 MB; 
memory.current 223877 MB
nr_periods 49816 nr_throttled 193 throttled_usec 668197376 
cpu.pressure some avg10=0.00 avg60=0.00 avg300=0.10 total=7654131; memory.pressure some avg10=0.00 avg60=0.00 avg300=0.00 total=57535733; io.pressure some avg10=0.00 avg60=0.00 avg300=0.00 total=579528
43816 MiB, 6 %
== 21:20:00
Mem:         2321782      646109      478328       52532     1267316     1675672
anon 1500 MB; file 221896 MB; shmem 21 MB; file_mapped 221407 MB; unevictable 0 MB; 
memory.current 223909 MB
nr_periods 50016 nr_throttled 217 throttled_usec 670632633 
cpu.pressure some avg10=0.00 avg60=0.00 avg300=0.09 total=7679239; memory.pressure some avg10=0.00 avg60=0.00 avg300=0.00 total=57535733; io.pressure some avg10=0.00 avg60=0.00 avg300=0.00 total=579530
43816 MiB, 6 %
== 21:20:20
Mem:         2321782      646477      477946       52532     1267331     1675305
anon 1556 MB; file 221896 MB; shmem 21 MB; file_mapped 221407 MB; unevictable 0 MB; 
memory.current 223962 MB
nr_periods 50217 nr_throttled 244 throttled_usec 674200057 
cpu.pressure some avg10=0.00 avg60=0.00 avg300=0.08 total=7715929; memory.pressure some avg10=0.00 avg60=0.00 avg300=0.00 total=57535733; io.pressure some avg10=0.00 avg60=0.00 avg300=0.00 total=579624
43816 MiB, 32 %
== 21:20:40
Mem:         2321782      646868      477538       52532     1267348     1674914
anon 2202 MB; file 221896 MB; shmem 21 MB; file_mapped 221407 MB; unevictable 0 MB; 
memory.current 224611 MB
nr_periods 50417 nr_throttled 246 throttled_usec 674538756 
cpu.pressure some avg10=0.00 avg60=0.00 avg300=0.07 total=7724442; memory.pressure some avg10=0.00 avg60=0.00 avg300=0.00 total=57535733; io.pressure some avg10=0.00 avg60=0.00 avg300=0.00 total=579764
43816 MiB, 31 %
== 21:21:00
Mem:         2321782      647554      476841       52532     1267358     1674227
anon 2888 MB; file 221896 MB; shmem 21 MB; file_mapped 221407 MB; unevictable 0 MB; 
memory.current 225307 MB
nr_periods 50617 nr_throttled 246 throttled_usec 674538756 
cpu.pressure some avg10=0.00 avg60=0.00 avg300=0.06 total=7729588; memory.pressure some avg10=0.00 avg60=0.00 avg300=0.00 total=57535733; io.pressure some avg10=0.00 avg60=0.00 avg300=0.00 total=579828
43816 MiB, 28 %
== 21:21:21
Mem:         2321782      648201      476180       52532     1267372     1673580
anon 3531 MB; file 221896 MB; shmem 21 MB; file_mapped 221407 MB; unevictable 0 MB; 
memory.current 225944 MB
nr_periods 50818 nr_throttled 247 throttled_usec 674648579 
cpu.pressure some avg10=0.00 avg60=0.00 avg300=0.06 total=7734562; memory.pressure some avg10=0.00 avg60=0.00 avg300=0.00 total=57535733; io.pressure some avg10=0.00 avg60=0.00 avg300=0.00 total=579925
43816 MiB, 29 %
== 21:21:41
Mem:         2321782      648846      475525       52532     1267382     1672935
anon 4166 MB; file 221896 MB; shmem 21 MB; file_mapped 221407 MB; unevictable 0 MB; 
memory.current 226577 MB
nr_periods 51018 nr_throttled 250 throttled_usec 674857434 
cpu.pressure some avg10=0.00 avg60=0.00 avg300=0.05 total=7740402; memory.pressure some avg10=0.00 avg60=0.00 avg300=0.00 total=57535733; io.pressure some avg10=0.00 avg60=0.00 avg300=0.00 total=579925
43816 MiB, 41 %
== 21:22:01
Mem:         2321782      649681      474671       52532     1267402     1672100
anon 4862 MB; file 221896 MB; shmem 21 MB; file_mapped 221407 MB; unevictable 0 MB; 
memory.current 227277 MB
nr_periods 51219 nr_throttled 250 throttled_usec 674857434 
cpu.pressure some avg10=0.00 avg60=0.00 avg300=0.05 total=7742734; memory.pressure some avg10=0.00 avg60=0.00 avg300=0.00 total=57535733; io.pressure some avg10=0.00 avg60=0.00 avg300=0.00 total=579925
43816 MiB, 31 %
== 21:22:21
Mem:         2321782      650310      474020       52532     1267424     1671471
anon 5557 MB; file 221896 MB; shmem 21 MB; file_mapped 221407 MB; unevictable 0 MB; 
memory.current 227974 MB
nr_periods 51419 nr_throttled 250 throttled_usec 674857434 
cpu.pressure some avg10=0.00 avg60=0.00 avg300=0.04 total=7748764; memory.pressure some avg10=0.00 avg60=0.00 avg300=0.00 total=57535733; io.pressure some avg10=0.00 avg60=0.00 avg300=0.00 total=580104
43816 MiB, 20 %
== 21:22:41
Mem:         2321782      651148      473149       52532     1267456     1670633
anon 6253 MB; file 221896 MB; shmem 21 MB; file_mapped 221407 MB; unevictable 0 MB; 
memory.current 228671 MB
nr_periods 51619 nr_throttled 250 throttled_usec 674857434 
cpu.pressure some avg10=0.00 avg60=0.00 avg300=0.04 total=7752412; memory.pressure some avg10=0.00 avg60=0.00 avg300=0.00 total=57535733; io.pressure some avg10=0.00 avg60=0.00 avg300=0.00 total=580104
43816 MiB, 19 %
== 21:23:01
Mem:         2321782      651778      472487       52532     1267489     1670003
anon 6982 MB; file 221896 MB; shmem 21 MB; file_mapped 221407 MB; unevictable 0 MB; 
memory.current 229404 MB
nr_periods 51820 nr_throttled 250 throttled_usec 674857434 
cpu.pressure some avg10=0.00 avg60=0.00 avg300=0.03 total=7755462; memory.pressure some avg10=0.00 avg60=0.00 avg300=0.00 total=57535733; io.pressure some avg10=0.00 avg60=0.00 avg300=0.00 total=580104
43816 MiB, 19 %
== 21:23:21
Mem:         2321782      652545      471683       52532     1267526     1669236
anon 7696 MB; file 221896 MB; shmem 21 MB; file_mapped 221407 MB; unevictable 0 MB; 
memory.current 230118 MB
nr_periods 52020 nr_throttled 250 throttled_usec 674857434 
cpu.pressure some avg10=0.00 avg60=0.00 avg300=0.03 total=7757236; memory.pressure some avg10=0.00 avg60=0.00 avg300=0.00 total=57535733; io.pressure some avg10=0.00 avg60=0.00 avg300=0.00 total=580108
43816 MiB, 28 %
== 21:23:41
Mem:         2321782      653186      471014       52532     1267554     1668595
anon 8330 MB; file 221896 MB; shmem 21 MB; file_mapped 221407 MB; unevictable 0 MB; 
memory.current 230750 MB
nr_periods 52220 nr_throttled 250 throttled_usec 674857434 
cpu.pressure some avg10=0.00 avg60=0.00 avg300=0.02 total=7759164; memory.pressure some avg10=0.00 avg60=0.00 avg300=0.00 total=57535733; io.pressure some avg10=0.00 avg60=0.00 avg300=0.00 total=580108
43816 MiB, 38 %
== 21:24:01
Mem:         2321782      653930      470242       52532     1267582     1667851
anon 9053 MB; file 221896 MB; shmem 21 MB; file_mapped 221407 MB; unevictable 0 MB; 
memory.current 231479 MB
nr_periods 52421 nr_throttled 250 throttled_usec 674857434 
cpu.pressure some avg10=0.00 avg60=0.00 avg300=0.02 total=7761875; memory.pressure some avg10=0.00 avg60=0.00 avg300=0.00 total=57535733; io.pressure some avg10=0.00 avg60=0.00 avg300=0.00 total=580109
43816 MiB, 39 %
== 21:24:21
Mem:         2321782      680269      443866       52532     1267619     1641512
anon 34964 MB; file 221896 MB; shmem 21 MB; file_mapped 221407 MB; unevictable 0 MB; 
memory.current 257427 MB
nr_periods 52621 nr_throttled 250 throttled_usec 674857434 
cpu.pressure some avg10=0.00 avg60=0.00 avg300=0.02 total=7764869; memory.pressure some avg10=0.00 avg60=0.00 avg300=0.00 total=57535733; io.pressure some avg10=0.00 avg60=0.00 avg300=0.00 total=580144
43816 MiB, 0 %
== 21:24:41
Mem:         2321782      707576      444024       52532     1240154     1614205
anon 62211 MB; file 207038 MB; shmem 21 MB; file_mapped 206995 MB; unevictable 0 MB; 
memory.current 269865 MB
nr_periods 52822 nr_throttled 250 throttled_usec 674857434 
cpu.pressure some avg10=0.00 avg60=0.00 avg300=0.01 total=7769075; memory.pressure some avg10=5.27 avg60=2.16 avg300=0.51 total=59156408; io.pressure some avg10=0.00 avg60=0.00 avg300=0.00 total=582283
43816 MiB, 0 %
== 21:25:01
Mem:         2321782      707062      446151       52532     1238541     1614719
anon 62218 MB; file 207015 MB; shmem 21 MB; file_mapped 206960 MB; unevictable 0 MB; 
memory.current 269848 MB
nr_periods 53022 nr_throttled 250 throttled_usec 674857434 
cpu.pressure some avg10=0.00 avg60=0.00 avg300=0.01 total=7772142; memory.pressure some avg10=0.71 avg60=1.54 avg300=0.47 total=59157404; io.pressure some avg10=0.00 avg60=0.00 avg300=0.00 total=584801
43816 MiB, 35 %
== 21:25:21
Mem:         2321782      708412      447238       52532     1236104     1613370
anon 62232 MB; file 204550 MB; shmem 21 MB; file_mapped 204488 MB; unevictable 0 MB; 
memory.current 267397 MB
nr_periods 53222 nr_throttled 250 throttled_usec 674857434 
cpu.pressure some avg10=0.00 avg60=0.00 avg300=0.00 total=7774262; memory.pressure some avg10=0.36 avg60=1.16 avg300=0.45 total=59229694; io.pressure some avg10=0.00 avg60=0.00 avg300=0.00 total=586479
43816 MiB, 0 %
== 21:25:41
Mem:         2321782      708418      447200       52532     1236136     1613364
anon 62232 MB; file 204550 MB; shmem 21 MB; file_mapped 204488 MB; unevictable 0 MB; 
memory.current 267397 MB
nr_periods 53423 nr_throttled 250 throttled_usec 674857434 
cpu.pressure some avg10=0.00 avg60=0.00 avg300=0.00 total=7775377; memory.pressure some avg10=0.04 avg60=0.83 avg300=0.42 total=59229694; io.pressure some avg10=0.00 avg60=0.00 avg300=0.00 total=586551
43816 MiB, 0 %
== 21:26:01
Mem:         2321782      708347      447238       52532     1236169     1613434
anon 62232 MB; file 204550 MB; shmem 21 MB; file_mapped 204488 MB; unevictable 0 MB; 
memory.current 267397 MB
nr_periods 53623 nr_throttled 250 throttled_usec 674857434 
cpu.pressure some avg10=0.00 avg60=0.00 avg300=0.00 total=7775498; memory.pressure some avg10=0.00 avg60=0.59 avg300=0.39 total=59229694; io.pressure some avg10=0.00 avg60=0.00 avg300=0.00 total=586551
43822 MiB, 0 %
== 21:26:21
Mem:         2321782      706993      448532       52511     1236174     1614788
anon 62232 MB; file 204550 MB; shmem 21 MB; file_mapped 204488 MB; unevictable 0 MB; 
memory.current 267396 MB
nr_periods 53823 nr_throttled 250 throttled_usec 674857434 
cpu.pressure some avg10=0.00 avg60=0.00 avg300=0.00 total=7775669; memory.pressure some avg10=0.00 avg60=0.42 avg300=0.36 total=59229694; io.pressure some avg10=0.00 avg60=0.00 avg300=0.00 total=586551
43834 MiB, 0 %
== 21:26:41
Mem:         2321782      706946      448559       52511     1236193     1614835
anon 62232 MB; file 204550 MB; shmem 21 MB; file_mapped 204488 MB; unevictable 0 MB; 
memory.current 267397 MB
nr_periods 54024 nr_throttled 250 throttled_usec 674857434 
cpu.pressure some avg10=0.00 avg60=0.00 avg300=0.00 total=7775895; memory.pressure some avg10=0.00 avg60=0.30 avg300=0.34 total=59229694; io.pressure some avg10=0.00 avg60=0.00 avg300=0.00 total=586778
43846 MiB, 0 %
== 21:27:01
Mem:         2321782      706823      448673       52511     1236203     1614958
anon 62232 MB; file 204550 MB; shmem 21 MB; file_mapped 204488 MB; unevictable 0 MB; 
memory.current 267397 MB
nr_periods 54224 nr_throttled 250 throttled_usec 674857434 
cpu.pressure some avg10=0.00 avg60=0.00 avg300=0.00 total=7776242; memory.pressure some avg10=0.00 avg60=0.21 avg300=0.31 total=59229694; io.pressure some avg10=0.00 avg60=0.00 avg300=0.00 total=586778
43856 MiB, 0 %
== 21:27:21
Mem:         2321782      706829      448652       52511     1236218     1614952
anon 62233 MB; file 204550 MB; shmem 21 MB; file_mapped 204488 MB; unevictable 0 MB; 
memory.current 267399 MB
nr_periods 54425 nr_throttled 250 throttled_usec 674857434 
cpu.pressure some avg10=0.00 avg60=0.00 avg300=0.00 total=7776723; memory.pressure some avg10=0.00 avg60=0.15 avg300=0.29 total=59229694; io.pressure some avg10=0.00 avg60=0.00 avg300=0.00 total=586778
43870 MiB, 0 %
== 21:27:41
Mem:         2321782      706806      448660       52511     1236233     1614975
anon 62247 MB; file 204550 MB; shmem 21 MB; file_mapped 204488 MB; unevictable 0 MB; 
memory.current 267412 MB
nr_periods 54625 nr_throttled 250 throttled_usec 674857434 
cpu.pressure some avg10=0.00 avg60=0.00 avg300=0.00 total=7777006; memory.pressure some avg10=0.00 avg60=0.10 avg300=0.27 total=59229694; io.pressure some avg10=0.00 avg60=0.00 avg300=0.00 total=587003
43876 MiB, 0 %
== 21:28:01
Mem:         2321782      706683      448773       52511     1236243     1615098
anon 62244 MB; file 204550 MB; shmem 21 MB; file_mapped 204488 MB; unevictable 0 MB; 
memory.current 267409 MB
nr_periods 54825 nr_throttled 251 throttled_usec 675034512 
cpu.pressure some avg10=0.00 avg60=0.00 avg300=0.00 total=7784064; memory.pressure some avg10=0.00 avg60=0.07 avg300=0.25 total=59229694; io.pressure some avg10=0.00 avg60=0.00 avg300=0.00 total=587003
44874 MiB, 97 %
== 21:28:21
Mem:         2321782      706683      448758       52511     1236258     1615098
anon 62245 MB; file 204550 MB; shmem 21 MB; file_mapped 204488 MB; unevictable 0 MB; 
memory.current 267410 MB
nr_periods 55026 nr_throttled 251 throttled_usec 675034512 
cpu.pressure some avg10=0.00 avg60=0.00 avg300=0.00 total=7788394; memory.pressure some avg10=0.00 avg60=0.05 avg300=0.23 total=59229694; io.pressure some avg10=0.00 avg60=0.00 avg300=0.00 total=587003
44878 MiB, 98 %
== 21:28:41
Mem:         2321782      706689      448741       52511     1236269     1615092
anon 62247 MB; file 204550 MB; shmem 21 MB; file_mapped 204488 MB; unevictable 0 MB; 
memory.current 267413 MB
nr_periods 55226 nr_throttled 251 throttled_usec 675034512 
cpu.pressure some avg10=0.00 avg60=0.00 avg300=0.00 total=7789811; memory.pressure some avg10=0.00 avg60=0.03 avg300=0.21 total=59229694; io.pressure some avg10=0.00 avg60=0.00 avg300=0.00 total=587005
44886 MiB, 88 %
== 21:29:01
Mem:         2321782      706456      448959       52511     1236284     1615325
anon 62250 MB; file 204550 MB; shmem 21 MB; file_mapped 204488 MB; unevictable 0 MB; 
memory.current 267415 MB
nr_periods 55426 nr_throttled 252 throttled_usec 675400697 
cpu.pressure some avg10=0.00 avg60=0.00 avg300=0.00 total=7796003; memory.pressure some avg10=0.00 avg60=0.02 avg300=0.19 total=59229694; io.pressure some avg10=0.00 avg60=0.00 avg300=0.00 total=587006
44896 MiB, 0 %
== 21:29:21
Mem:         2321782      706540      448865       52511     1236294     1615242
anon 62252 MB; file 204550 MB; shmem 21 MB; file_mapped 204488 MB; unevictable 0 MB; 
memory.current 267418 MB
nr_periods 55627 nr_throttled 252 throttled_usec 675509810 
cpu.pressure some avg10=0.00 avg60=0.00 avg300=0.00 total=7803914; memory.pressure some avg10=0.00 avg60=0.01 avg300=0.18 total=59229694; io.pressure some avg10=0.00 avg60=0.00 avg300=0.00 total=587006
44904 MiB, 97 %
== 21:29:41
Mem:         2321782      706501      448881       52511     1236318     1615281
anon 62257 MB; file 204550 MB; shmem 21 MB; file_mapped 204488 MB; unevictable 0 MB; 
memory.current 267423 MB
nr_periods 55827 nr_throttled 253 throttled_usec 675845710 
cpu.pressure some avg10=0.00 avg60=0.00 avg300=0.00 total=7808721; memory.pressure some avg10=0.00 avg60=0.00 avg300=0.16 total=59229694; io.pressure some avg10=0.00 avg60=0.00 avg300=0.00 total=587006
44914 MiB, 43 %
== 21:30:01
Mem:         2321782      707726      447679       52532     1236350     1614055
anon 62259 MB; file 204550 MB; shmem 21 MB; file_mapped 204488 MB; unevictable 0 MB; 
memory.current 267425 MB
nr_periods 56028 nr_throttled 253 throttled_usec 675845710 
cpu.pressure some avg10=0.00 avg60=0.00 avg300=0.00 total=7810094; memory.pressure some avg10=0.00 avg60=0.00 avg300=0.15 total=59229694; io.pressure some avg10=0.00 avg60=0.00 avg300=0.00 total=587006
44920 MiB, 0 %
== 21:30:22
Mem:         2321782      707800      447589       52532     1236365     1613981
anon 62262 MB; file 204550 MB; shmem 21 MB; file_mapped 204488 MB; unevictable 0 MB; 
memory.current 267428 MB
nr_periods 56228 nr_throttled 253 throttled_usec 675845710 
cpu.pressure some avg10=0.00 avg60=0.00 avg300=0.00 total=7812437; memory.pressure some avg10=0.00 avg60=0.00 avg300=0.13 total=59229694; io.pressure some avg10=0.00 avg60=0.00 avg300=0.00 total=587006
52816 MiB, 98 %
== 21:30:42
Mem:         2321782      707601      447776       52532     1236376     1614180
anon 62263 MB; file 204550 MB; shmem 21 MB; file_mapped 204488 MB; unevictable 0 MB; 
memory.current 267429 MB
nr_periods 56429 nr_throttled 253 throttled_usec 675845710 
cpu.pressure some avg10=0.00 avg60=0.00 avg300=0.00 total=7813776; memory.pressure some avg10=0.00 avg60=0.00 avg300=0.12 total=59229694; io.pressure some avg10=0.00 avg60=0.00 avg300=0.00 total=587006
52816 MiB, 96 %
== 21:31:02
Mem:         2321782      707679      447684       52532     1236391     1614102
anon 62263 MB; file 204550 MB; shmem 21 MB; file_mapped 204488 MB; unevictable 0 MB; 
memory.current 267428 MB
nr_periods 56629 nr_throttled 255 throttled_usec 676584939 
cpu.pressure some avg10=0.00 avg60=0.00 avg300=0.00 total=7823758; memory.pressure some avg10=0.00 avg60=0.00 avg300=0.11 total=59229694; io.pressure some avg10=0.00 avg60=0.00 avg300=0.00 total=587007
52816 MiB, 95 %
== 21:31:22
Mem:         2321782      708034      447312       52532     1236407     1613747
anon 62263 MB; file 204550 MB; shmem 21 MB; file_mapped 204488 MB; unevictable 0 MB; 
memory.current 267429 MB
nr_periods 56829 nr_throttled 255 throttled_usec 676584939 
cpu.pressure some avg10=0.00 avg60=0.00 avg300=0.00 total=7825259; memory.pressure some avg10=0.00 avg60=0.00 avg300=0.10 total=59229694; io.pressure some avg10=0.00 avg60=0.00 avg300=0.00 total=587008
52816 MiB, 97 %
== 21:31:42
Mem:         2321782      707960      447376       52532     1236418     1613821
anon 62263 MB; file 204550 MB; shmem 21 MB; file_mapped 204488 MB; unevictable 0 MB; 
memory.current 267429 MB
nr_periods 57030 nr_throttled 255 throttled_usec 676744590 
cpu.pressure some avg10=0.00 avg60=0.00 avg300=0.00 total=7828767; memory.pressure some avg10=0.00 avg60=0.00 avg300=0.10 total=59229694; io.pressure some avg10=0.00 avg60=0.00 avg300=0.00 total=587037
52816 MiB, 97 %
== 21:32:02
Mem:         2321782      645016      510284       52511     1236399     1676765
anon 8 MB; file 204529 MB; shmem 0 MB; file_mapped 0 MB; unevictable 0 MB; 
memory.current 204588 MB
nr_periods 57230 nr_throttled 257 throttled_usec 679123059 
cpu.pressure some avg10=0.02 avg60=0.02 avg300=0.00 total=7863789; memory.pressure some avg10=0.00 avg60=0.00 avg300=0.09 total=59229694; io.pressure some avg10=0.00 avg60=0.00 avg300=0.00 total=587037
0 MiB, 19 %
== 21:32:22
Mem:         2321782      644065      511202       52490     1236390     1677716
anon 8 MB; file 204529 MB; shmem 0 MB; file_mapped 0 MB; unevictable 0 MB; 
memory.current 204585 MB
nr_periods 57237 nr_throttled 257 throttled_usec 679123059 
cpu.pressure some avg10=0.00 avg60=0.01 avg300=0.00 total=7863861; memory.pressure some avg10=0.00 avg60=0.00 avg300=0.08 total=59229694; io.pressure some avg10=0.00 avg60=0.00 avg300=0.00 total=587037
0 MiB, 0 %
== 21:32:42
Mem:         2321782      645210      510062       52511     1236427     1676571
anon 6 MB; file 204529 MB; shmem 0 MB; file_mapped 0 MB; unevictable 0 MB; 
memory.current 204583 MB
nr_periods 57255 nr_throttled 257 throttled_usec 679123059 
cpu.pressure some avg10=0.00 avg60=0.00 avg300=0.00 total=7864008; memory.pressure some avg10=0.00 avg60=0.00 avg300=0.07 total=59229694; io.pressure some avg10=0.00 avg60=0.00 avg300=0.00 total=587037
0 MiB, 0 %
== 21:33:02
Mem:         2321782      644825      510436       52511     1236438     1676956
anon 7 MB; file 204529 MB; shmem 0 MB; file_mapped 0 MB; unevictable 0 MB; 
memory.current 204583 MB
nr_periods 57288 nr_throttled 257 throttled_usec 679123059 
cpu.pressure some avg10=0.00 avg60=0.00 avg300=0.00 total=7864177; memory.pressure some avg10=0.00 avg60=0.00 avg300=0.06 total=59229694; io.pressure some avg10=0.00 avg60=0.00 avg300=0.00 total=587037
0 MiB, 0 %
== 21:33:22
Mem:         2321782      646325      508911       52511     1236484     1675456
anon 1165 MB; file 204553 MB; shmem 0 MB; file_mapped 11 MB; unevictable 0 MB; 
memory.current 205774 MB
nr_periods 57404 nr_throttled 258 throttled_usec 682958627 
cpu.pressure some avg10=0.24 avg60=0.08 avg300=0.01 total=7919607; memory.pressure some avg10=0.00 avg60=0.00 avg300=0.06 total=59229694; io.pressure some avg10=0.00 avg60=0.00 avg300=0.00 total=601970
4 MiB, 0 %
== 21:33:42
Mem:         2321782      647517      507243       52530     1236992     1674265
anon 776 MB; file 205050 MB; shmem 19 MB; file_mapped 3013 MB; unevictable 0 MB; 
memory.current 205902 MB
nr_periods 57605 nr_throttled 259 throttled_usec 683649991 
cpu.pressure some avg10=0.03 avg60=0.05 avg300=0.01 total=7928877; memory.pressure some avg10=17.75 avg60=3.84 avg300=0.88 total=61716312; io.pressure some avg10=0.00 avg60=0.00 avg300=0.00 total=604599
14640 MiB, 97 %
== 21:34:02
Mem:         2321782      647605      501564       52530     1242584     1674177
anon 776 MB; file 210626 MB; shmem 19 MB; file_mapped 9125 MB; unevictable 0 MB; 
memory.current 211482 MB
nr_periods 57806 nr_throttled 259 throttled_usec 683649991 
cpu.pressure some avg10=0.00 avg60=0.04 avg300=0.00 total=7932894; memory.pressure some avg10=2.40 avg60=2.75 avg300=0.82 total=61735864; io.pressure some avg10=0.00 avg60=0.00 avg300=0.00 total=607796
14640 MiB, 96 %
== 21:34:22
Mem:         2321782      647114      499150       52530     1245488     1674667
anon 776 MB; file 213515 MB; shmem 19 MB; file_mapped 13215 MB; unevictable 0 MB; 
memory.current 214381 MB
nr_periods 58006 nr_throttled 259 throttled_usec 683649991 
cpu.pressure some avg10=0.00 avg60=0.02 avg300=0.00 total=7934417; memory.pressure some avg10=23.42 avg60=8.92 avg300=2.34 total=66482027; io.pressure some avg10=0.00 avg60=0.00 avg300=0.00 total=609317
14640 MiB, 99 %
== 21:34:42
Mem:         2321782      647010      497594       52530     1247148     1674771
anon 776 MB; file 215159 MB; shmem 19 MB; file_mapped 19565 MB; unevictable 0 MB; 
memory.current 216035 MB
nr_periods 58206 nr_throttled 259 throttled_usec 683649991 
cpu.pressure some avg10=0.00 avg60=0.01 avg300=0.00 total=7935290; memory.pressure some avg10=3.17 avg60=6.39 avg300=2.18 total=66487301; io.pressure some avg10=0.00 avg60=0.00 avg300=0.00 total=611313
14640 MiB, 98 %
== 21:35:02
Mem:         2321782      645129      499283       52530     1247339     1676652
anon 776 MB; file 215336 MB; shmem 19 MB; file_mapped 23673 MB; unevictable 0 MB; 
memory.current 216225 MB
nr_periods 58407 nr_throttled 259 throttled_usec 683649991 
cpu.pressure some avg10=0.00 avg60=0.01 avg300=0.00 total=7937370; memory.pressure some avg10=14.75 avg60=10.12 avg300=3.35 total=70497852; io.pressure some avg10=0.00 avg60=0.00 avg300=0.00 total=626460
14640 MiB, 97 %
== 21:35:22
Mem:         2321782      645522      498879       52530     1247351     1676259
anon 776 MB; file 215337 MB; shmem 19 MB; file_mapped 29748 MB; unevictable 0 MB; 
memory.current 216234 MB
nr_periods 58607 nr_throttled 259 throttled_usec 683649991 
cpu.pressure some avg10=0.00 avg60=0.00 avg300=0.00 total=7938293; memory.pressure some avg10=1.99 avg60=7.26 avg300=3.12 total=70497852; io.pressure some avg10=0.00 avg60=0.00 avg300=0.00 total=629532
14640 MiB, 98 %
== 21:35:42
Mem:         2321782      645476      498556       52530     1247721     1676306
anon 776 MB; file 215691 MB; shmem 19 MB; file_mapped 33260 MB; unevictable 0 MB; 
memory.current 216596 MB
nr_periods 58808 nr_throttled 259 throttled_usec 683649991 
cpu.pressure some avg10=0.00 avg60=0.00 avg300=0.00 total=7939050; memory.pressure some avg10=12.84 avg60=11.37 avg300=4.43 total=75189082; io.pressure some avg10=0.00 avg60=0.00 avg300=0.00 total=637108
14640 MiB, 97 %
== 21:36:02
Mem:         2321782      644663      499015       52509     1248040     1677118
anon 776 MB; file 216021 MB; shmem 19 MB; file_mapped 39065 MB; unevictable 0 MB; 
memory.current 216955 MB
nr_periods 59008 nr_throttled 259 throttled_usec 683649991 
cpu.pressure some avg10=0.00 avg60=0.00 avg300=0.00 total=7940492; memory.pressure some avg10=1.74 avg60=8.15 avg300=4.14 total=75494717; io.pressure some avg10=0.00 avg60=0.00 avg300=0.00 total=639895
14640 MiB, 97 %
== 21:36:23
Mem:         2321782      645484      498182       52530     1248086     1676297
anon 774 MB; file 216029 MB; shmem 19 MB; file_mapped 42992 MB; unevictable 0 MB; 
memory.current 216951 MB
nr_periods 59213 nr_throttled 259 throttled_usec 683649991 
cpu.pressure some avg10=0.00 avg60=0.00 avg300=0.00 total=7941905; memory.pressure some avg10=11.77 avg60=12.63 avg300=5.58 total=80478210; io.pressure some avg10=0.00 avg60=0.00 avg300=0.00 total=641778
14640 MiB, 98 %
== 21:36:43
Mem:         2321782      645655      497993       52530     1248104     1676126
anon 1028 MB; file 216036 MB; shmem 19 MB; file_mapped 48064 MB; unevictable 0 MB; 
memory.current 217229 MB
nr_periods 59414 nr_throttled 259 throttled_usec 683649991 
cpu.pressure some avg10=0.00 avg60=0.00 avg300=0.00 total=7943700; memory.pressure some avg10=7.62 avg60=10.16 avg300=5.44 total=82310159; io.pressure some avg10=0.00 avg60=0.00 avg300=0.00 total=662559
14640 MiB, 0 %
== 21:37:03
Mem:         2321782      645590      498030       52530     1248132     1676191
anon 774 MB; file 216048 MB; shmem 19 MB; file_mapped 52567 MB; unevictable 0 MB; 
memory.current 216988 MB
nr_periods 59614 nr_throttled 259 throttled_usec 683649991 
cpu.pressure some avg10=0.00 avg60=0.00 avg300=0.00 total=7945729; memory.pressure some avg10=8.96 avg60=12.75 avg300=6.49 total=85597172; io.pressure some avg10=0.00 avg60=0.00 avg300=0.00 total=674191
14640 MiB, 99 %
== 21:37:23
Mem:         2321782      646100      497499       52530     1248153     1675681
anon 1388 MB; file 216052 MB; shmem 19 MB; file_mapped 56944 MB; unevictable 0 MB; 
memory.current 217618 MB
nr_periods 59814 nr_throttled 259 throttled_usec 683649991 
cpu.pressure some avg10=0.00 avg60=0.00 avg300=0.00 total=7946604; memory.pressure some avg10=25.41 avg60=13.90 avg300=7.07 total=89472865; io.pressure some avg10=0.00 avg60=0.00 avg300=0.00 total=677615
14640 MiB, 0 %
== 21:37:43
Mem:         2321782      645838      497743       52530     1248171     1675943
anon 774 MB; file 216058 MB; shmem 19 MB; file_mapped 62299 MB; unevictable 0 MB; 
memory.current 217016 MB
nr_periods 60015 nr_throttled 260 throttled_usec 688551281 
cpu.pressure some avg10=0.10 avg60=0.07 avg300=0.01 total=8011092; memory.pressure some avg10=6.23 avg60=12.07 avg300=7.15 total=90284838; io.pressure some avg10=0.00 avg60=0.00 avg300=0.00 total=686139
14640 MiB, 97 %
== 21:38:03
Mem:         2321782      645471      498087       52530     1248193     1676310
anon 774 MB; file 216064 MB; shmem 19 MB; file_mapped 66002 MB; unevictable 0 MB; 
memory.current 217039 MB
nr_periods 60215 nr_throttled 260 throttled_usec 688551281 
cpu.pressure some avg10=0.01 avg60=0.05 avg300=0.01 total=8017191; memory.pressure some avg10=25.35 avg60=13.97 avg300=7.82 total=94186614; io.pressure some avg10=0.00 avg60=0.00 avg300=0.00 total=694618
14640 MiB, 99 %
== 21:38:23
Mem:         2321782      645791      497743       52530     1248218     1675990
anon 774 MB; file 216077 MB; shmem 19 MB; file_mapped 72076 MB; unevictable 0 MB; 
memory.current 217054 MB
nr_periods 60416 nr_throttled 260 throttled_usec 688551281 
cpu.pressure some avg10=0.00 avg60=0.03 avg300=0.00 total=8017713; memory.pressure some avg10=4.12 avg60=10.57 avg300=7.45 total=94194002; io.pressure some avg10=0.00 avg60=0.00 avg300=0.00 total=700753
14640 MiB, 99 %
== 21:38:43
Mem:         2321782      644854      498626       52509     1248217     1676927
anon 774 MB; file 216082 MB; shmem 19 MB; file_mapped 76499 MB; unevictable 0 MB; 
memory.current 217071 MB
nr_periods 60616 nr_throttled 260 throttled_usec 688551281 
cpu.pressure some avg10=0.00 avg60=0.02 avg300=0.00 total=8021573; memory.pressure some avg10=9.28 avg60=10.23 avg300=7.56 total=96040414; io.pressure some avg10=0.00 avg60=0.00 avg300=0.00 total=707704
14640 MiB, 97 %
== 21:39:03
Mem:         2321782      644811      498646       52509     1248240     1676970
anon 774 MB; file 216095 MB; shmem 19 MB; file_mapped 82574 MB; unevictable 0 MB; 
memory.current 217093 MB
nr_periods 60816 nr_throttled 260 throttled_usec 688551281 
cpu.pressure some avg10=0.00 avg60=0.01 avg300=0.00 total=8022166; memory.pressure some avg10=1.25 avg60=7.33 avg300=7.05 total=96040414; io.pressure some avg10=0.00 avg60=0.00 avg300=0.00 total=718876
14640 MiB, 97 %
== 21:39:23
Mem:         2321782      643027      500368       52488     1248247     1678754
anon 774 MB; file 216105 MB; shmem 19 MB; file_mapped 86276 MB; unevictable 0 MB; 
memory.current 217109 MB
nr_periods 61017 nr_throttled 260 throttled_usec 688551281 
cpu.pressure some avg10=0.00 avg60=0.00 avg300=0.00 total=8024198; memory.pressure some avg10=13.12 avg60=10.80 avg300=7.92 total=100153866; io.pressure some avg10=0.00 avg60=0.00 avg300=0.00 total=721843
14640 MiB, 99 %
== 21:39:43
Mem:         2321782      644897      498474       52509     1248326     1676884
anon 774 MB; file 216130 MB; shmem 19 MB; file_mapped 92193 MB; unevictable 0 MB; 
memory.current 217166 MB
nr_periods 61217 nr_throttled 260 throttled_usec 688551281 
cpu.pressure some avg10=0.00 avg60=0.00 avg300=0.00 total=8024959; memory.pressure some avg10=1.77 avg60=7.74 avg300=7.39 total=100165578; io.pressure some avg10=0.00 avg60=0.00 avg300=0.00 total=731826
14640 MiB, 94 %
== 21:40:03
Mem:         2321782      645269      498049       52509     1248380     1676512
anon 774 MB; file 216151 MB; shmem 19 MB; file_mapped 98033 MB; unevictable 0 MB; 
memory.current 217180 MB
nr_periods 61418 nr_throttled 260 throttled_usec 688551281 
cpu.pressure some avg10=0.00 avg60=0.00 avg300=0.00 total=8025701; memory.pressure some avg10=0.23 avg60=5.55 avg300=6.90 total=100165693; io.pressure some avg10=0.00 avg60=0.00 avg300=0.00 total=738811
14640 MiB, 98 %
== 21:40:23
Mem:         2321782      645331      497945       52509     1248422     1676451
anon 774 MB; file 216165 MB; shmem 19 MB; file_mapped 102523 MB; unevictable 0 MB; 
memory.current 217204 MB
nr_periods 61618 nr_throttled 260 throttled_usec 688551281 
cpu.pressure some avg10=0.00 avg60=0.00 avg300=0.00 total=8026619; memory.pressure some avg10=12.52 avg60=7.25 avg300=7.16 total=102351933; io.pressure some avg10=0.00 avg60=0.00 avg300=0.00 total=743943
14640 MiB, 99 %
== 21:40:43
Mem:         2321782      645233      497998       52509     1248466     1676548
anon 774 MB; file 216177 MB; shmem 19 MB; file_mapped 108598 MB; unevictable 0 MB; 
memory.current 217224 MB
nr_periods 61819 nr_throttled 260 throttled_usec 688551281 
cpu.pressure some avg10=0.00 avg60=0.00 avg300=0.00 total=8027014; memory.pressure some avg10=1.69 avg60=5.20 avg300=6.69 total=102355450; io.pressure some avg10=0.00 avg60=0.00 avg300=0.00 total=747149
14640 MiB, 97 %
== 21:41:03
Mem:         2321782      644698      498488       52509     1248511     1677083
anon 774 MB; file 216190 MB; shmem 19 MB; file_mapped 111873 MB; unevictable 0 MB; 
memory.current 217245 MB
nr_periods 62019 nr_throttled 260 throttled_usec 688551281 
cpu.pressure some avg10=0.00 avg60=0.00 avg300=0.00 total=8027894; memory.pressure some avg10=21.87 avg60=11.29 avg300=8.00 total=107720779; io.pressure some avg10=0.00 avg60=0.00 avg300=0.00 total=754112
14640 MiB, 97 %
== 21:41:23
Mem:         2321782      644811      498340       52509     1248547     1676970
anon 774 MB; file 216198 MB; shmem 19 MB; file_mapped 117925 MB; unevictable 0 MB; 
memory.current 217264 MB
nr_periods 62219 nr_throttled 260 throttled_usec 688551281 
cpu.pressure some avg10=0.00 avg60=0.00 avg300=0.00 total=8029538; memory.pressure some avg10=2.96 avg60=8.09 avg300=7.47 total=107720779; io.pressure some avg10=0.00 avg60=0.00 avg300=0.00 total=766452
14640 MiB, 97 %
== 21:41:44
Mem:         2321782      645055      498054       52509     1248588     1676726
anon 774 MB; file 216202 MB; shmem 19 MB; file_mapped 121740 MB; unevictable 0 MB; 
memory.current 217278 MB
nr_periods 62420 nr_throttled 260 throttled_usec 688551281 
cpu.pressure some avg10=0.00 avg60=0.00 avg300=0.00 total=8030556; memory.pressure some avg10=14.46 avg60=11.67 avg300=8.38 total=112073998; io.pressure some avg10=0.00 avg60=0.00 avg300=0.00 total=770902
14640 MiB, 98 %
== 21:42:04
Mem:         2321782      645165      497909       52509     1248623     1676616
anon 775 MB; file 216209 MB; shmem 19 MB; file_mapped 127567 MB; unevictable 0 MB; 
memory.current 217312 MB
nr_periods 62620 nr_throttled 260 throttled_usec 688551281 
cpu.pressure some avg10=0.00 avg60=0.00 avg300=0.00 total=8032187; memory.pressure some avg10=1.95 avg60=8.37 avg300=7.82 total=112209271; io.pressure some avg10=0.00 avg60=0.00 avg300=0.00 total=778785
14640 MiB, 90 %
== 21:42:24
Mem:         2321782      644798      498241       52509     1248658     1676983
anon 775 MB; file 216212 MB; shmem 19 MB; file_mapped 131585 MB; unevictable 0 MB; 
memory.current 217306 MB
nr_periods 62822 nr_throttled 260 throttled_usec 688551281 
cpu.pressure some avg10=0.00 avg60=0.00 avg300=0.00 total=8034943; memory.pressure some avg10=7.31 avg60=10.48 avg300=8.46 total=115838858; io.pressure some avg10=0.00 avg60=0.00 avg300=0.00 total=789819
14640 MiB, 98 %
== 21:42:44
Mem:         2321782      645182      497813       52509     1248702     1676600
anon 1055 MB; file 216228 MB; shmem 19 MB; file_mapped 136612 MB; unevictable 0 MB; 
memory.current 217619 MB
nr_periods 63023 nr_throttled 260 throttled_usec 688551281 
cpu.pressure some avg10=0.00 avg60=0.00 avg300=0.00 total=8036788; memory.pressure some avg10=19.88 avg60=11.00 avg300=8.63 total=117980254; io.pressure some avg10=0.00 avg60=0.00 avg300=0.00 total=796133
14640 MiB, 0 %
== 21:43:04
Mem:         2321782      645119      497843       52509     1248735     1676662
anon 775 MB; file 216233 MB; shmem 19 MB; file_mapped 141519 MB; unevictable 0 MB; 
memory.current 217347 MB
nr_periods 63223 nr_throttled 260 throttled_usec 688551281 
cpu.pressure some avg10=0.00 avg60=0.00 avg300=0.00 total=8038782; memory.pressure some avg10=5.46 avg60=10.03 avg300=8.62 total=119750330; io.pressure some avg10=0.00 avg60=0.00 avg300=0.00 total=802978
14640 MiB, 97 %
== 21:43:24
Mem:         2321782      644763      498161       52496     1248759     1677018
anon 1507 MB; file 216238 MB; shmem 19 MB; file_mapped 145492 MB; unevictable 0 MB; 
memory.current 218107 MB
nr_periods 63423 nr_throttled 260 throttled_usec 688551281 
cpu.pressure some avg10=0.00 avg60=0.00 avg300=0.00 total=8039463; memory.pressure some avg10=32.97 avg60=14.13 avg300=9.54 total=124223177; io.pressure some avg10=0.00 avg60=0.00 avg300=0.00 total=804481
14640 MiB, 0 %
== 21:43:44
Mem:         2321782      646748      496005       52530     1248999     1675033
anon 775 MB; file 216247 MB; shmem 19 MB; file_mapped 151297 MB; unevictable 0 MB; 
memory.current 217379 MB
nr_periods 63624 nr_throttled 260 throttled_usec 688551281 
cpu.pressure some avg10=0.00 avg60=0.00 avg300=0.00 total=8040334; memory.pressure some avg10=5.27 avg60=10.78 avg300=9.08 total=124774658; io.pressure some avg10=0.00 avg60=0.00 avg300=0.00 total=815085
14640 MiB, 98 %
== 21:44:04
Mem:         2321782      646599      495995       52530     1249158     1675182
anon 775 MB; file 216253 MB; shmem 19 MB; file_mapped 155184 MB; unevictable 0 MB; 
memory.current 217399 MB
nr_periods 63824 nr_throttled 260 throttled_usec 688551281 
cpu.pressure some avg10=0.00 avg60=0.00 avg300=0.00 total=8042063; memory.pressure some avg10=23.37 avg60=13.94 avg300=9.87 total=129000599; io.pressure some avg10=0.00 avg60=0.00 avg300=0.00 total=816747
14640 MiB, 99 %
== 21:44:24
Mem:         2321782      646937      495613       52530     1249202     1674844
anon 775 MB; file 216264 MB; shmem 19 MB; file_mapped 161514 MB; unevictable 0 MB; 
memory.current 217416 MB
nr_periods 64025 nr_throttled 260 throttled_usec 688551281 
cpu.pressure some avg10=0.00 avg60=0.00 avg300=0.00 total=8043748; memory.pressure some avg10=3.16 avg60=9.99 avg300=9.21 total=129012280; io.pressure some avg10=0.00 avg60=0.00 avg300=0.00 total=827311
14640 MiB, 98 %
== 21:44:44
Mem:         2321782      647269      495206       52530     1249276     1674512
anon 775 MB; file 216270 MB; shmem 19 MB; file_mapped 167564 MB; unevictable 0 MB; 
memory.current 217434 MB
nr_periods 64225 nr_throttled 260 throttled_usec 688551281 
cpu.pressure some avg10=0.00 avg60=0.00 avg300=0.00 total=8048172; memory.pressure some avg10=0.42 avg60=7.16 avg300=8.60 total=129025250; io.pressure some avg10=0.00 avg60=0.00 avg300=0.00 total=839676
14640 MiB, 98 %
== 21:45:04
Mem:         2321782      648545      494006       52578     1249327     1673236
anon 775 MB; file 216270 MB; shmem 19 MB; file_mapped 173958 MB; unevictable 0 MB; 
memory.current 217450 MB
nr_periods 64427 nr_throttled 260 throttled_usec 688551281 
cpu.pressure some avg10=0.00 avg60=0.00 avg300=0.00 total=8052813; memory.pressure some avg10=0.05 avg60=5.13 avg300=8.02 total=129025250; io.pressure some avg10=0.00 avg60=0.00 avg300=0.00 total=839680
14663 MiB, 99 %
== 21:45:24
Mem:         2321782      641530      495019       52530     1249303     1680251
anon 775 MB; file 216271 MB; shmem 19 MB; file_mapped 180238 MB; unevictable 0 MB; 
memory.current 217459 MB
nr_periods 64628 nr_throttled 260 throttled_usec 688551281 
cpu.pressure some avg10=0.00 avg60=0.00 avg300=0.00 total=8053815; memory.pressure some avg10=0.00 avg60=3.67 avg300=7.49 total=129025477; io.pressure some avg10=0.00 avg60=0.00 avg300=0.00 total=839832
14640 MiB, 99 %
== 21:45:44
Mem:         2321782      641478      495002       52530     1249371     1680303
anon 775 MB; file 216271 MB; shmem 19 MB; file_mapped 186373 MB; unevictable 0 MB; 
memory.current 217474 MB
nr_periods 64828 nr_throttled 260 throttled_usec 688551281 
cpu.pressure some avg10=0.00 avg60=0.00 avg300=0.00 total=8056889; memory.pressure some avg10=0.00 avg60=2.63 avg300=6.99 total=129025477; io.pressure some avg10=0.00 avg60=0.00 avg300=0.00 total=839832
14640 MiB, 98 %
== 21:46:04
Mem:         2321782      641588      494878       52530     1249386     1680193
anon 775 MB; file 216271 MB; shmem 19 MB; file_mapped 192713 MB; unevictable 0 MB; 
memory.current 217487 MB
nr_periods 65029 nr_throttled 260 throttled_usec 688551281 
cpu.pressure some avg10=0.00 avg60=0.00 avg300=0.00 total=8061143; memory.pressure some avg10=0.00 avg60=1.88 avg300=6.52 total=129025477; io.pressure some avg10=0.00 avg60=0.00 avg300=0.00 total=839832
14640 MiB, 99 %
== 21:46:24
Mem:         2321782      641668      494788       52530     1249396     1680113
anon 775 MB; file 216271 MB; shmem 19 MB; file_mapped 198943 MB; unevictable 0 MB; 
memory.current 217495 MB
nr_periods 65229 nr_throttled 260 throttled_usec 688551281 
cpu.pressure some avg10=0.00 avg60=0.00 avg300=0.00 total=8064072; memory.pressure some avg10=0.00 avg60=1.35 avg300=6.09 total=129025477; io.pressure some avg10=0.00 avg60=0.00 avg300=0.00 total=839832
14640 MiB, 98 %
== 21:46:44
Mem:         2321782      641729      494625       52530     1249498     1680053
anon 775 MB; file 216363 MB; shmem 19 MB; file_mapped 205133 MB; unevictable 0 MB; 
memory.current 217610 MB
nr_periods 65429 nr_throttled 260 throttled_usec 688684123 
cpu.pressure some avg10=0.00 avg60=0.00 avg300=0.00 total=8065825; memory.pressure some avg10=0.00 avg60=0.96 avg300=5.68 total=129028423; io.pressure some avg10=0.00 avg60=0.00 avg300=0.00 total=841560
14640 MiB, 96 %
== 21:47:05
Mem:         2321782      641842      494333       52530     1249676     1679939
anon 777 MB; file 216527 MB; shmem 19 MB; file_mapped 211450 MB; unevictable 0 MB; 
memory.current 217788 MB
nr_periods 65630 nr_throttled 260 throttled_usec 688684123 
cpu.pressure some avg10=0.00 avg60=0.00 avg300=0.00 total=8067863; memory.pressure some avg10=0.00 avg60=0.69 avg300=5.30 total=129029219; io.pressure some avg10=0.00 avg60=0.00 avg300=0.00 total=841710
14640 MiB, 99 %
== 21:47:25
Mem:         2321782      641724      489489       52530     1254639     1680057
anon 776 MB; file 221470 MB; shmem 19 MB; file_mapped 217543 MB; unevictable 0 MB; 
memory.current 222734 MB
nr_periods 65830 nr_throttled 260 throttled_usec 688684123 
cpu.pressure some avg10=0.00 avg60=0.00 avg300=0.00 total=8068535; memory.pressure some avg10=0.00 avg60=0.49 avg300=4.95 total=129068668; io.pressure some avg10=0.00 avg60=0.00 avg300=0.00 total=848028
14640 MiB, 98 %
== 21:47:45
Mem:         2321782      642422      488780       52532     1254651     1679359
anon 1019 MB; file 221472 MB; shmem 21 MB; file_mapped 221406 MB; unevictable 0 MB; 
memory.current 223000 MB
nr_periods 66031 nr_throttled 260 throttled_usec 688722225 
cpu.pressure some avg10=0.00 avg60=0.00 avg300=0.00 total=8069701; memory.pressure some avg10=0.00 avg60=0.35 avg300=4.62 total=129068668; io.pressure some avg10=0.00 avg60=0.00 avg300=0.00 total=848034
38338 MiB, 7 %
== 21:48:05
Mem:         2321782      642618      488509       52532     1254728     1679163
anon 1417 MB; file 221472 MB; shmem 21 MB; file_mapped 221406 MB; unevictable 0 MB; 
memory.current 223403 MB
nr_periods 66231 nr_throttled 260 throttled_usec 688765773 
cpu.pressure some avg10=0.00 avg60=0.00 avg300=0.00 total=8073267; memory.pressure some avg10=0.00 avg60=0.25 avg300=4.31 total=129068668; io.pressure some avg10=0.00 avg60=0.00 avg300=0.00 total=848046
38338 MiB, 94 %
== 21:48:25
Mem:         2321782      643020      488095       52532     1254738     1678761
anon 1174 MB; file 221472 MB; shmem 21 MB; file_mapped 221407 MB; unevictable 0 MB; 
memory.current 223158 MB
nr_periods 66431 nr_throttled 261 throttled_usec 689003939 
cpu.pressure some avg10=0.00 avg60=0.00 avg300=0.00 total=8078139; memory.pressure some avg10=0.00 avg60=0.17 avg300=4.02 total=129068668; io.pressure some avg10=0.00 avg60=0.00 avg300=0.00 total=849044
18810 MiB, 92 %
== 21:48:45
Mem:         2321782      642550      488551       52532     1254753     1679231
anon 1166 MB; file 221472 MB; shmem 21 MB; file_mapped 221407 MB; unevictable 0 MB; 
memory.current 223156 MB
nr_periods 66632 nr_throttled 262 throttled_usec 689182322 
cpu.pressure some avg10=0.00 avg60=0.00 avg300=0.00 total=8082146; memory.pressure some avg10=0.00 avg60=0.12 avg300=3.75 total=129068668; io.pressure some avg10=0.00 avg60=0.00 avg300=0.00 total=849053
18814 MiB, 93 %
== 21:49:05
Mem:         2321782      642409      488682       52532     1254763     1679372
anon 1183 MB; file 221472 MB; shmem 21 MB; file_mapped 221407 MB; unevictable 0 MB; 
memory.current 223165 MB
nr_periods 66832 nr_throttled 263 throttled_usec 689400257 
cpu.pressure some avg10=0.00 avg60=0.00 avg300=0.00 total=8087703; memory.pressure some avg10=0.00 avg60=0.08 avg300=3.50 total=129068668; io.pressure some avg10=0.00 avg60=0.00 avg300=0.00 total=849061
18816 MiB, 97 %
== 21:49:25
Mem:         2321782      642884      488193       52532     1254777     1678897
anon 1428 MB; file 221472 MB; shmem 21 MB; file_mapped 221407 MB; unevictable 0 MB; 
memory.current 223405 MB
nr_periods 67033 nr_throttled 263 throttled_usec 689441975 
cpu.pressure some avg10=0.00 avg60=0.00 avg300=0.00 total=8091256; memory.pressure some avg10=0.00 avg60=0.06 avg300=3.27 total=129068668; io.pressure some avg10=0.00 avg60=0.00 avg300=0.00 total=849061
35468 MiB, 96 %
== 21:49:45
Mem:         2321782      643007      488060       52532     1254787     1678774
anon 1429 MB; file 221472 MB; shmem 21 MB; file_mapped 221407 MB; unevictable 0 MB; 
memory.current 223409 MB
nr_periods 67235 nr_throttled 263 throttled_usec 689441975 
cpu.pressure some avg10=0.00 avg60=0.00 avg300=0.00 total=8093973; memory.pressure some avg10=0.00 avg60=0.04 avg300=3.05 total=129068668; io.pressure some avg10=0.00 avg60=0.00 avg300=0.00 total=849066
35468 MiB, 95 %
== 21:50:05
Mem:         2321782      643213      487839       52532     1254802     1678568
anon 1753 MB; file 221472 MB; shmem 21 MB; file_mapped 221407 MB; unevictable 0 MB; 
memory.current 223737 MB
nr_periods 67435 nr_throttled 263 throttled_usec 689519243 
cpu.pressure some avg10=0.00 avg60=0.00 avg300=0.00 total=8097322; memory.pressure some avg10=0.00 avg60=0.02 avg300=2.84 total=129068668; io.pressure some avg10=0.00 avg60=0.00 avg300=0.00 total=849077
35468 MiB, 0 %
== 21:50:25
Mem:         2321782      643052      487989       52532     1254812     1678729
anon 1429 MB; file 221472 MB; shmem 21 MB; file_mapped 221407 MB; unevictable 0 MB; 
memory.current 223409 MB
nr_periods 67635 nr_throttled 263 throttled_usec 689519243 
cpu.pressure some avg10=0.00 avg60=0.00 avg300=0.00 total=8100000; memory.pressure some avg10=0.00 avg60=0.01 avg300=2.65 total=129068668; io.pressure some avg10=0.00 avg60=0.00 avg300=0.00 total=849092
35470 MiB, 94 %
== 21:50:45
Mem:         2321782      644005      487018       52532     1254831     1677776
anon 2192 MB; file 221472 MB; shmem 21 MB; file_mapped 221407 MB; unevictable 0 MB; 
memory.current 224179 MB
nr_periods 67836 nr_throttled 264 throttled_usec 689678487 
cpu.pressure some avg10=0.00 avg60=0.00 avg300=0.00 total=8104399; memory.pressure some avg10=0.00 avg60=0.01 avg300=2.47 total=129068668; io.pressure some avg10=0.00 avg60=0.00 avg300=0.00 total=849099
51258 MiB, 0 %
== 21:51:05
Mem:         2321782      643386      487627       52532     1254841     1678396
anon 1467 MB; file 221472 MB; shmem 21 MB; file_mapped 221407 MB; unevictable 0 MB; 
memory.current 223451 MB
nr_periods 68036 nr_throttled 265 throttled_usec 689711009 
cpu.pressure some avg10=0.00 avg60=0.00 avg300=0.00 total=8105827; memory.pressure some avg10=0.00 avg60=0.00 avg300=2.31 total=129068668; io.pressure some avg10=0.00 avg60=0.00 avg300=0.00 total=849101
51258 MiB, 69 %
== 21:51:25
Mem:         2321782      644144      486859       52532     1254851     1677637
anon 1534 MB; file 221472 MB; shmem 21 MB; file_mapped 221407 MB; unevictable 0 MB; 
memory.current 223503 MB
nr_periods 68237 nr_throttled 265 throttled_usec 689711009 
cpu.pressure some avg10=0.00 avg60=0.00 avg300=0.00 total=8109562; memory.pressure some avg10=0.00 avg60=0.00 avg300=2.15 total=129068668; io.pressure some avg10=0.00 avg60=0.00 avg300=0.00 total=849102
51270 MiB, 0 %
== 21:51:45
Mem:         2321782      643857      487132       52532     1254865     1677924
anon 1539 MB; file 221472 MB; shmem 21 MB; file_mapped 221407 MB; unevictable 0 MB; 
memory.current 223508 MB
nr_periods 68437 nr_throttled 265 throttled_usec 689711009 
cpu.pressure some avg10=0.00 avg60=0.00 avg300=0.00 total=8114257; memory.pressure some avg10=0.00 avg60=0.00 avg300=2.01 total=129068668; io.pressure some avg10=0.00 avg60=0.00 avg300=0.00 total=849102
51292 MiB, 0 %
== 21:52:05
Mem:         2321782      643690      487288       52532     1254875     1678091
anon 1543 MB; file 221472 MB; shmem 21 MB; file_mapped 221407 MB; unevictable 0 MB; 
memory.current 223511 MB
nr_periods 68638 nr_throttled 265 throttled_usec 689711009 
cpu.pressure some avg10=0.00 avg60=0.00 avg300=0.00 total=8116710; memory.pressure some avg10=0.00 avg60=0.00 avg300=1.87 total=129068668; io.pressure some avg10=0.00 avg60=0.00 avg300=0.00 total=849102
51314 MiB, 0 %
== 21:52:25
Mem:         2321782      643492      487400       52532     1254962     1678289
anon 1558 MB; file 221472 MB; shmem 21 MB; file_mapped 221407 MB; unevictable 0 MB; 
memory.current 223541 MB
nr_periods 68838 nr_throttled 265 throttled_usec 689711009 
cpu.pressure some avg10=0.00 avg60=0.00 avg300=0.00 total=8121923; memory.pressure some avg10=0.00 avg60=0.00 avg300=1.74 total=129068668; io.pressure some avg10=0.00 avg60=0.00 avg300=0.00 total=849102
51374 MiB, 97 %
== 21:52:45
Mem:         2321782      643263      487618       52532     1254973     1678518
anon 1558 MB; file 221472 MB; shmem 21 MB; file_mapped 221407 MB; unevictable 0 MB; 
memory.current 223527 MB
nr_periods 69039 nr_throttled 265 throttled_usec 689711009 
cpu.pressure some avg10=0.00 avg60=0.00 avg300=0.00 total=8121958; memory.pressure some avg10=0.00 avg60=0.00 avg300=1.63 total=129068668; io.pressure some avg10=0.00 avg60=0.00 avg300=0.00 total=849102
51376 MiB, 97 %
== 21:53:05
Mem:         2321782      643472      487389       52532     1254993     1678309
anon 1553 MB; file 221472 MB; shmem 21 MB; file_mapped 221407 MB; unevictable 0 MB; 
memory.current 223525 MB
nr_periods 69239 nr_throttled 266 throttled_usec 689715929 
cpu.pressure some avg10=0.00 avg60=0.00 avg300=0.00 total=8123378; memory.pressure some avg10=0.00 avg60=0.00 avg300=1.52 total=129068668; io.pressure some avg10=0.00 avg60=0.00 avg300=0.00 total=849102
51394 MiB, 97 %
== 21:53:26
Mem:         2321782      641655      489163       52511     1254982     1680127
anon 1553 MB; file 221472 MB; shmem 21 MB; file_mapped 221407 MB; unevictable 0 MB; 
memory.current 223521 MB
nr_periods 69440 nr_throttled 266 throttled_usec 689715929 
cpu.pressure some avg10=0.00 avg60=0.00 avg300=0.00 total=8129089; memory.pressure some avg10=0.00 avg60=0.00 avg300=1.41 total=129068668; io.pressure some avg10=0.00 avg60=0.00 avg300=0.00 total=849102
51402 MiB, 98 %
== 21:53:46
Mem:         2321782      641630      489173       52511     1254996     1680151
anon 1555 MB; file 221472 MB; shmem 21 MB; file_mapped 221407 MB; unevictable 0 MB; 
memory.current 223528 MB
nr_periods 69640 nr_throttled 266 throttled_usec 689715929 
cpu.pressure some avg10=0.00 avg60=0.00 avg300=0.00 total=8131933; memory.pressure some avg10=0.00 avg60=0.00 avg300=1.32 total=129068668; io.pressure some avg10=0.00 avg60=0.00 avg300=0.00 total=849102
51416 MiB, 97 %
== 21:54:06
Mem:         2321782      641725      489068       52511     1255006     1680056
anon 1555 MB; file 221472 MB; shmem 21 MB; file_mapped 221407 MB; unevictable 0 MB; 
memory.current 223523 MB
nr_periods 69841 nr_throttled 266 throttled_usec 689715929 
cpu.pressure some avg10=0.00 avg60=0.00 avg300=0.00 total=8132815; memory.pressure some avg10=0.00 avg60=0.00 avg300=1.23 total=129068668; io.pressure some avg10=0.00 avg60=0.00 avg300=0.00 total=849102
51424 MiB, 97 %
== 21:54:26
Mem:         2321782      641616      489146       52511     1255038     1680166
anon 1564 MB; file 221472 MB; shmem 21 MB; file_mapped 221407 MB; unevictable 0 MB; 
memory.current 223533 MB
nr_periods 70041 nr_throttled 266 throttled_usec 689715929 
cpu.pressure some avg10=0.00 avg60=0.00 avg300=0.00 total=8137479; memory.pressure some avg10=0.00 avg60=0.00 avg300=1.14 total=129068668; io.pressure some avg10=0.00 avg60=0.00 avg300=0.00 total=849104
51438 MiB, 98 %
== 21:54:46
Mem:         2321782      641476      489276       52511     1255048     1680306
anon 1564 MB; file 221472 MB; shmem 21 MB; file_mapped 221407 MB; unevictable 0 MB; 
memory.current 223532 MB
nr_periods 70242 nr_throttled 266 throttled_usec 689715929 
cpu.pressure some avg10=0.00 avg60=0.00 avg300=0.00 total=8140222; memory.pressure some avg10=0.00 avg60=0.00 avg300=1.06 total=129068668; io.pressure some avg10=0.00 avg60=0.00 avg300=0.00 total=849104
51450 MiB, 97 %
== 21:55:06
Mem:         2321782      642845      487923       52530     1255084     1678936
anon 1560 MB; file 221472 MB; shmem 21 MB; file_mapped 221407 MB; unevictable 0 MB; 
memory.current 223528 MB
nr_periods 70442 nr_throttled 266 throttled_usec 689715929 
cpu.pressure some avg10=0.00 avg60=0.00 avg300=0.00 total=8144633; memory.pressure some avg10=0.00 avg60=0.00 avg300=0.99 total=129068668; io.pressure some avg10=0.00 avg60=0.00 avg300=0.00 total=849104
51458 MiB, 97 %
== 21:55:26
Mem:         2321782      643013      487744       52530     1255096     1678769
anon 1560 MB; file 221472 MB; shmem 21 MB; file_mapped 221407 MB; unevictable 0 MB; 
memory.current 223542 MB
nr_periods 70642 nr_throttled 266 throttled_usec 689715929 
cpu.pressure some avg10=0.00 avg60=0.00 avg300=0.00 total=8145765; memory.pressure some avg10=0.00 avg60=0.00 avg300=0.92 total=129068668; io.pressure some avg10=0.00 avg60=0.00 avg300=0.00 total=849105
51472 MiB, 8 %
== 21:55:46
Mem:         2321782      642925      487815       52530     1255112     1678856
anon 1560 MB; file 221472 MB; shmem 21 MB; file_mapped 221407 MB; unevictable 0 MB; 
memory.current 223528 MB
nr_periods 70843 nr_throttled 266 throttled_usec 689715929 
cpu.pressure some avg10=0.00 avg60=0.00 avg300=0.00 total=8147247; memory.pressure some avg10=0.00 avg60=0.00 avg300=0.86 total=129068668; io.pressure some avg10=0.00 avg60=0.00 avg300=0.00 total=849105
51480 MiB, 97 %
== 21:56:06
Mem:         2321782      642967      487762       52530     1255123     1678814
anon 1562 MB; file 221472 MB; shmem 21 MB; file_mapped 221407 MB; unevictable 0 MB; 
memory.current 223534 MB
nr_periods 71043 nr_throttled 266 throttled_usec 689715929 
cpu.pressure some avg10=0.00 avg60=0.00 avg300=0.00 total=8147948; memory.pressure some avg10=0.00 avg60=0.00 avg300=0.80 total=129068668; io.pressure some avg10=0.00 avg60=0.00 avg300=0.00 total=849105
51498 MiB, 97 %
== 21:56:26
Mem:         2321782      643065      487649       52530     1255138     1678716
anon 1560 MB; file 221472 MB; shmem 21 MB; file_mapped 221407 MB; unevictable 0 MB; 
memory.current 223528 MB
nr_periods 71244 nr_throttled 266 throttled_usec 689715929 
cpu.pressure some avg10=0.00 avg60=0.00 avg300=0.00 total=8149130; memory.pressure some avg10=0.00 avg60=0.00 avg300=0.74 total=129068668; io.pressure some avg10=0.00 avg60=0.00 avg300=0.00 total=849105
51504 MiB, 98 %
== 21:56:46
Mem:         2321782      643094      487610       52530     1255148     1678687
anon 1564 MB; file 221472 MB; shmem 21 MB; file_mapped 221407 MB; unevictable 0 MB; 
memory.current 223533 MB
nr_periods 71444 nr_throttled 266 throttled_usec 689715929 
cpu.pressure some avg10=0.00 avg60=0.00 avg300=0.00 total=8152397; memory.pressure some avg10=0.00 avg60=0.00 avg300=0.69 total=129068668; io.pressure some avg10=0.00 avg60=0.00 avg300=0.00 total=849105
51518 MiB, 98 %
== 21:57:06
Mem:         2321782      642805      487883       52530     1255164     1678976
anon 1564 MB; file 221472 MB; shmem 21 MB; file_mapped 221407 MB; unevictable 0 MB; 
memory.current 223533 MB
nr_periods 71644 nr_throttled 266 throttled_usec 689715929 
cpu.pressure some avg10=0.00 avg60=0.00 avg300=0.00 total=8156111; memory.pressure some avg10=0.00 avg60=0.00 avg300=0.64 total=129068668; io.pressure some avg10=0.00 avg60=0.00 avg300=0.00 total=849105
51526 MiB, 98 %
== 21:57:26
Mem:         2321782      643011      487665       52530     1255176     1678771
anon 1565 MB; file 221472 MB; shmem 21 MB; file_mapped 221407 MB; unevictable 0 MB; 
memory.current 223535 MB
nr_periods 71845 nr_throttled 266 throttled_usec 689721622 
cpu.pressure some avg10=0.00 avg60=0.00 avg300=0.00 total=8161029; memory.pressure some avg10=0.00 avg60=0.00 avg300=0.60 total=129068668; io.pressure some avg10=0.00 avg60=0.00 avg300=0.00 total=849106
51540 MiB, 97 %
== 21:57:46
Mem:         2321782      642798      487866       52530     1255187     1678983
anon 1565 MB; file 221472 MB; shmem 21 MB; file_mapped 221407 MB; unevictable 0 MB; 
memory.current 223534 MB
nr_periods 72045 nr_throttled 266 throttled_usec 689721622 
cpu.pressure some avg10=0.00 avg60=0.00 avg300=0.00 total=8161746; memory.pressure some avg10=0.00 avg60=0.00 avg300=0.56 total=129068668; io.pressure some avg10=0.00 avg60=0.00 avg300=0.00 total=849106
51554 MiB, 98 %
== 21:58:06
Mem:         2321782      642920      487714       52530     1255219     1678862
anon 1567 MB; file 221472 MB; shmem 21 MB; file_mapped 221407 MB; unevictable 0 MB; 
memory.current 223536 MB
nr_periods 72246 nr_throttled 266 throttled_usec 689721622 
cpu.pressure some avg10=0.00 avg60=0.00 avg300=0.00 total=8166153; memory.pressure some avg10=0.00 avg60=0.00 avg300=0.52 total=129068668; io.pressure some avg10=0.00 avg60=0.00 avg300=0.00 total=849106
51560 MiB, 97 %
== 21:58:26
Mem:         2321782      643060      487539       52530     1255252     1678721
anon 1809 MB; file 221472 MB; shmem 21 MB; file_mapped 221407 MB; unevictable 0 MB; 
memory.current 223796 MB
nr_periods 72446 nr_throttled 266 throttled_usec 689721622 
cpu.pressure some avg10=0.00 avg60=0.00 avg300=0.00 total=8168073; memory.pressure some avg10=0.00 avg60=0.00 avg300=0.48 total=129068668; io.pressure some avg10=0.00 avg60=0.00 avg300=0.00 total=849106
51574 MiB, 0 %
== 21:58:46
Mem:         2321782      642966      487601       52530     1255285     1678816
anon 1568 MB; file 221472 MB; shmem 21 MB; file_mapped 221407 MB; unevictable 0 MB; 
memory.current 223537 MB
nr_periods 72646 nr_throttled 267 throttled_usec 689786712 
cpu.pressure some avg10=0.00 avg60=0.00 avg300=0.00 total=8173704; memory.pressure some avg10=0.00 avg60=0.00 avg300=0.44 total=129068668; io.pressure some avg10=0.00 avg60=0.00 avg300=0.00 total=849106
51580 MiB, 98 %
== 21:59:06
Mem:         2321782      642808      487643       52532     1255403     1678973
anon 1570 MB; file 221472 MB; shmem 21 MB; file_mapped 221407 MB; unevictable 0 MB; 
memory.current 223544 MB
nr_periods 72847 nr_throttled 267 throttled_usec 689786712 
cpu.pressure some avg10=0.00 avg60=0.00 avg300=0.00 total=8177803; memory.pressure some avg10=0.00 avg60=0.00 avg300=0.41 total=129068668; io.pressure some avg10=0.00 avg60=0.00 avg300=0.00 total=849106
51600 MiB, 98 %
== 21:59:26
Mem:         2321782      241667      888554       52532     1255633     2080114
anon 1570 MB; file 221472 MB; shmem 21 MB; file_mapped 221407 MB; unevictable 0 MB; 
memory.current 223538 MB
nr_periods 73047 nr_throttled 267 throttled_usec 689786712 
cpu.pressure some avg10=0.00 avg60=0.00 avg300=0.00 total=8181098; memory.pressure some avg10=0.00 avg60=0.00 avg300=0.38 total=129068668; io.pressure some avg10=0.00 avg60=0.00 avg300=0.00 total=849116
51606 MiB, 98 %
== 21:59:46
Mem:         2321782      177905      951867       52178     1255593     2143876
anon 1572 MB; file 221472 MB; shmem 21 MB; file_mapped 221407 MB; unevictable 0 MB; 
memory.current 223545 MB
nr_periods 73247 nr_throttled 267 throttled_usec 689786712 
cpu.pressure some avg10=0.00 avg60=0.00 avg300=0.00 total=8183889; memory.pressure some avg10=0.00 avg60=0.00 avg300=0.35 total=129068668; io.pressure some avg10=0.00 avg60=0.00 avg300=0.00 total=849282
51620 MiB, 98 %
== 22:00:06
Mem:         2321782      178152      951330       52194     1256012     2143629
anon 1572 MB; file 221472 MB; shmem 21 MB; file_mapped 221407 MB; unevictable 0 MB; 
memory.current 223540 MB
nr_periods 73448 nr_throttled 267 throttled_usec 689786712 
cpu.pressure some avg10=0.00 avg60=0.00 avg300=0.00 total=8189464; memory.pressure some avg10=0.00 avg60=0.00 avg300=0.33 total=129068668; io.pressure some avg10=0.00 avg60=0.00 avg300=0.00 total=849282
51628 MiB, 97 %
== 22:00:26
Mem:         2321782      176551      952480       52157     1256279     2145230
anon 1573 MB; file 221472 MB; shmem 21 MB; file_mapped 221407 MB; unevictable 0 MB; 
memory.current 223541 MB
nr_periods 73648 nr_throttled 267 throttled_usec 689786712 
cpu.pressure some avg10=0.00 avg60=0.00 avg300=0.00 total=8194597; memory.pressure some avg10=0.00 avg60=0.00 avg300=0.30 total=129068668; io.pressure some avg10=0.00 avg60=0.00 avg300=0.00 total=849282
51642 MiB, 95 %
== 22:00:46
Mem:         2321782      176089      952914       52157     1256307     2145692
anon 1573 MB; file 221472 MB; shmem 21 MB; file_mapped 221407 MB; unevictable 0 MB; 
memory.current 223541 MB
nr_periods 73849 nr_throttled 267 throttled_usec 689786712 
cpu.pressure some avg10=0.00 avg60=0.00 avg300=0.00 total=8199344; memory.pressure some avg10=0.00 avg60=0.00 avg300=0.28 total=129068668; io.pressure some avg10=0.00 avg60=0.00 avg300=0.00 total=849282
51650 MiB, 97 %
== 22:01:06
Mem:         2321782      175897      953073       52157     1256340     2145884
anon 1575 MB; file 221472 MB; shmem 21 MB; file_mapped 221407 MB; unevictable 0 MB; 
memory.current 223544 MB
nr_periods 74049 nr_throttled 267 throttled_usec 689786712 
cpu.pressure some avg10=0.00 avg60=0.00 avg300=0.00 total=8203893; memory.pressure some avg10=0.00 avg60=0.00 avg300=0.26 total=129068668; io.pressure some avg10=0.00 avg60=0.00 avg300=0.00 total=849282
51662 MiB, 97 %
== 22:01:26
Mem:         2321782      175790      953152       52157     1256368     2145991
anon 1493 MB; file 221472 MB; shmem 21 MB; file_mapped 221407 MB; unevictable 0 MB; 
memory.current 223560 MB
nr_periods 74249 nr_throttled 267 throttled_usec 689786712 
cpu.pressure some avg10=0.00 avg60=0.00 avg300=0.00 total=8207150; memory.pressure some avg10=0.00 avg60=0.00 avg300=0.24 total=129068668; io.pressure some avg10=0.00 avg60=0.00 avg300=0.00 total=849282
51676 MiB, 97 %
== 22:01:46
Mem:         2321782      175827      953083       52157     1256400     2145954
anon 1579 MB; file 221472 MB; shmem 21 MB; file_mapped 221407 MB; unevictable 0 MB; 
memory.current 223548 MB
nr_periods 74449 nr_throttled 267 throttled_usec 689786712 
cpu.pressure some avg10=0.00 avg60=0.00 avg300=0.00 total=8213540; memory.pressure some avg10=0.00 avg60=0.00 avg300=0.22 total=129068668; io.pressure some avg10=0.00 avg60=0.00 avg300=0.00 total=849282
51682 MiB, 97 %
== 22:02:07
Mem:         2321782      175875      953051       52157     1256385     2145906
anon 1588 MB; file 221472 MB; shmem 21 MB; file_mapped 221407 MB; unevictable 0 MB; 
memory.current 223561 MB
nr_periods 74650 nr_throttled 267 throttled_usec 689786712 
cpu.pressure some avg10=0.00 avg60=0.00 avg300=0.00 total=8217495; memory.pressure some avg10=0.00 avg60=0.00 avg300=0.20 total=129068668; io.pressure some avg10=0.00 avg60=0.00 avg300=0.00 total=849283
51702 MiB, 98 %
== 22:02:27
Mem:         2321782      175837      953016       52157     1256458     2145944
anon 1588 MB; file 221472 MB; shmem 21 MB; file_mapped 221407 MB; unevictable 0 MB; 
memory.current 223558 MB
nr_periods 74850 nr_throttled 267 throttled_usec 689786712 
cpu.pressure some avg10=0.00 avg60=0.00 avg300=0.00 total=8223116; memory.pressure some avg10=0.00 avg60=0.00 avg300=0.19 total=129068668; io.pressure some avg10=0.00 avg60=0.00 avg300=0.00 total=849283
51708 MiB, 98 %
== 22:02:47
Mem:         2321782      178990      949662       52157     1256742     2142791
anon 1582 MB; file 221472 MB; shmem 21 MB; file_mapped 221407 MB; unevictable 0 MB; 
memory.current 223551 MB
nr_periods 75051 nr_throttled 267 throttled_usec 689786712 
cpu.pressure some avg10=0.00 avg60=0.00 avg300=0.00 total=8225872; memory.pressure some avg10=0.00 avg60=0.00 avg300=0.17 total=129068668; io.pressure some avg10=0.00 avg60=0.00 avg300=0.00 total=849283
51722 MiB, 97 %
== 22:03:07
Mem:         2321782      185713      996385       52372     1203562     2136068
anon 1582 MB; file 221472 MB; shmem 21 MB; file_mapped 221407 MB; unevictable 0 MB; 
memory.current 223551 MB
nr_periods 75253 nr_throttled 267 throttled_usec 689786712 
cpu.pressure some avg10=0.00 avg60=0.00 avg300=0.00 total=8230947; memory.pressure some avg10=0.00 avg60=0.00 avg300=0.16 total=129068668; io.pressure some avg10=0.00 avg60=0.00 avg300=0.00 total=849283
51728 MiB, 97 %
== 22:03:27
Mem:         2321782      186664     1007960       52372     1191037     2135117
anon 1584 MB; file 221472 MB; shmem 21 MB; file_mapped 221407 MB; unevictable 0 MB; 
memory.current 223552 MB
nr_periods 75453 nr_throttled 267 throttled_usec 689786712 
cpu.pressure some avg10=0.00 avg60=0.00 avg300=0.00 total=8235669; memory.pressure some avg10=0.00 avg60=0.00 avg300=0.14 total=129068668; io.pressure some avg10=0.00 avg60=0.00 avg300=0.00 total=849283
51742 MiB, 98 %
== 22:03:47
Mem:         2321782      187832     1011935       52372     1185897     2133949
anon 1584 MB; file 221472 MB; shmem 21 MB; file_mapped 221407 MB; unevictable 0 MB; 
memory.current 223552 MB
nr_periods 75654 nr_throttled 267 throttled_usec 689786712 
cpu.pressure some avg10=0.00 avg60=0.00 avg300=0.00 total=8239119; memory.pressure some avg10=0.00 avg60=0.00 avg300=0.13 total=129068668; io.pressure some avg10=0.00 avg60=0.00 avg300=0.00 total=849283
51752 MiB, 97 %
== 22:04:07
Mem:         2321782      189988     1015536       52372     1180141     2131793
anon 1585 MB; file 221472 MB; shmem 21 MB; file_mapped 221407 MB; unevictable 0 MB; 
memory.current 223555 MB
nr_periods 75854 nr_throttled 267 throttled_usec 689786712 
cpu.pressure some avg10=0.00 avg60=0.00 avg300=0.00 total=8244302; memory.pressure some avg10=0.00 avg60=0.00 avg300=0.12 total=129068668; io.pressure some avg10=0.00 avg60=0.00 avg300=0.00 total=849283
51764 MiB, 97 %
== 22:04:27
Mem:         2321782      191700     1021715       52372     1172247     2130081
anon 1588 MB; file 221472 MB; shmem 21 MB; file_mapped 221407 MB; unevictable 0 MB; 
memory.current 223561 MB
nr_periods 76054 nr_throttled 267 throttled_usec 689786712 
cpu.pressure some avg10=0.00 avg60=0.00 avg300=0.00 total=8245807; memory.pressure some avg10=0.00 avg60=0.00 avg300=0.11 total=129068668; io.pressure some avg10=0.00 avg60=0.00 avg300=0.00 total=849283
51778 MiB, 98 %
== 22:04:47
Mem:         2321782      192959     1017637       52372     1175066     2128822
anon 1587 MB; file 221472 MB; shmem 21 MB; file_mapped 221407 MB; unevictable 0 MB; 
memory.current 223556 MB
nr_periods 76255 nr_throttled 267 throttled_usec 689786712 
cpu.pressure some avg10=0.00 avg60=0.00 avg300=0.00 total=8248901; memory.pressure some avg10=0.00 avg60=0.00 avg300=0.10 total=129068668; io.pressure some avg10=0.00 avg60=0.00 avg300=0.00 total=849283
51784 MiB, 98 %
== 22:05:07
Mem:         2321782      194757     1025166       52372     1165740     2127024
anon 1588 MB; file 221472 MB; shmem 21 MB; file_mapped 221407 MB; unevictable 0 MB; 
memory.current 223558 MB
nr_periods 76455 nr_throttled 267 throttled_usec 689786712 
cpu.pressure some avg10=0.00 avg60=0.00 avg300=0.00 total=8251727; memory.pressure some avg10=0.00 avg60=0.00 avg300=0.09 total=129068668; io.pressure some avg10=0.00 avg60=0.00 avg300=0.00 total=849283
51804 MiB, 97 %
== 22:05:27
Mem:         2321782      196975     1030408       52372     1158279     2124806
anon 1588 MB; file 221472 MB; shmem 21 MB; file_mapped 221407 MB; unevictable 0 MB; 
memory.current 223556 MB
nr_periods 76655 nr_throttled 267 throttled_usec 689786712 
cpu.pressure some avg10=0.00 avg60=0.00 avg300=0.00 total=8254289; memory.pressure some avg10=0.00 avg60=0.00 avg300=0.08 total=129068668; io.pressure some avg10=0.00 avg60=0.00 avg300=0.00 total=849283
51810 MiB, 97 %
== 22:05:47
Mem:         2321782      198145     1022118       52372     1165400     2123636
anon 1590 MB; file 221472 MB; shmem 21 MB; file_mapped 221407 MB; unevictable 0 MB; 
memory.current 223559 MB
nr_periods 76856 nr_throttled 267 throttled_usec 689786712 
cpu.pressure some avg10=0.00 avg60=0.00 avg300=0.00 total=8256811; memory.pressure some avg10=0.00 avg60=0.00 avg300=0.07 total=129068668; io.pressure some avg10=0.00 avg60=0.00 avg300=0.00 total=849283
51824 MiB, 97 %
== 22:06:07
Mem:         2321782      197985     1016026       52372     1171652     2123796
anon 1588 MB; file 221472 MB; shmem 21 MB; file_mapped 221407 MB; unevictable 0 MB; 
memory.current 223555 MB
nr_periods 77056 nr_throttled 267 throttled_usec 689786712 
cpu.pressure some avg10=0.00 avg60=0.00 avg300=0.00 total=8259119; memory.pressure some avg10=0.00 avg60=0.00 avg300=0.06 total=129068668; io.pressure some avg10=0.00 avg60=0.00 avg300=0.00 total=849283
51830 MiB, 97 %
== 22:06:27
Mem:         2321782      198084     1009246       52372     1178332     2123698
anon 1589 MB; file 221472 MB; shmem 21 MB; file_mapped 221407 MB; unevictable 0 MB; 
memory.current 223557 MB
nr_periods 77257 nr_throttled 267 throttled_usec 689786712 
cpu.pressure some avg10=0.00 avg60=0.00 avg300=0.00 total=8261245; memory.pressure some avg10=0.00 avg60=0.00 avg300=0.06 total=129068668; io.pressure some avg10=0.00 avg60=0.00 avg300=0.00 total=849283
51844 MiB, 98 %
== 22:06:47
Mem:         2321782      198112     1002162       52372     1185388     2123669
anon 1589 MB; file 221472 MB; shmem 21 MB; file_mapped 221407 MB; unevictable 0 MB; 
memory.current 223557 MB
nr_periods 77457 nr_throttled 267 throttled_usec 689786712 
cpu.pressure some avg10=0.00 avg60=0.00 avg300=0.00 total=8262991; memory.pressure some avg10=0.00 avg60=0.00 avg300=0.05 total=129068668; io.pressure some avg10=0.00 avg60=0.00 avg300=0.00 total=849283
51854 MiB, 97 %
== 22:07:07
Mem:         2321782      198286      995502       52372     1191874     2123495
anon 1854 MB; file 221472 MB; shmem 21 MB; file_mapped 221407 MB; unevictable 0 MB; 
memory.current 223824 MB
nr_periods 77657 nr_throttled 267 throttled_usec 689786712 
cpu.pressure some avg10=0.00 avg60=0.00 avg300=0.00 total=8264630; memory.pressure some avg10=0.00 avg60=0.00 avg300=0.05 total=129068668; io.pressure some avg10=0.00 avg60=0.00 avg300=0.00 total=849283
59756 MiB, 97 %
== 22:07:27
Mem:         2321782      198779      988221       52372     1198663     2123002
anon 2451 MB; file 221472 MB; shmem 21 MB; file_mapped 221407 MB; unevictable 0 MB; 
memory.current 224421 MB
nr_periods 77858 nr_throttled 267 throttled_usec 689786712 
cpu.pressure some avg10=0.00 avg60=0.00 avg300=0.00 total=8266460; memory.pressure some avg10=0.00 avg60=0.00 avg300=0.04 total=129068668; io.pressure some avg10=0.00 avg60=0.00 avg300=0.00 total=849283
59756 MiB, 96 %
== 22:07:47
Mem:         2321782      199868      980249       52380     1205567     2121913
anon 2991 MB; file 221472 MB; shmem 21 MB; file_mapped 221407 MB; unevictable 0 MB; 
memory.current 224963 MB
nr_periods 78058 nr_throttled 267 throttled_usec 689786712 
cpu.pressure some avg10=0.00 avg60=0.00 avg300=0.00 total=8269370; memory.pressure some avg10=0.00 avg60=0.00 avg300=0.04 total=129068668; io.pressure some avg10=0.00 avg60=0.00 avg300=0.00 total=849283
59756 MiB, 97 %
== 22:08:07
Mem:         2321782      200779      972707       52380     1212198     2121003
anon 3528 MB; file 221472 MB; shmem 21 MB; file_mapped 221407 MB; unevictable 0 MB; 
memory.current 225502 MB
nr_periods 78258 nr_throttled 268 throttled_usec 689924521 
cpu.pressure some avg10=0.00 avg60=0.00 avg300=0.00 total=8272780; memory.pressure some avg10=0.00 avg60=0.00 avg300=0.04 total=129068668; io.pressure some avg10=0.00 avg60=0.00 avg300=0.00 total=849283
59756 MiB, 97 %
== 22:08:27
Mem:         2321782      201237      965550       52380     1218897     2120544
anon 4126 MB; file 221472 MB; shmem 21 MB; file_mapped 221407 MB; unevictable 0 MB; 
memory.current 226100 MB
nr_periods 78459 nr_throttled 268 throttled_usec 689924521 
cpu.pressure some avg10=0.00 avg60=0.00 avg300=0.00 total=8275154; memory.pressure some avg10=0.00 avg60=0.00 avg300=0.03 total=129068668; io.pressure some avg10=0.00 avg60=0.00 avg300=0.00 total=849283
59756 MiB, 97 %
== 22:08:47
Mem:         2321782      201753      958671       52380     1225260     2120028
anon 4664 MB; file 221472 MB; shmem 21 MB; file_mapped 221407 MB; unevictable 0 MB; 
memory.current 226643 MB
nr_periods 78659 nr_throttled 268 throttled_usec 689924521 
cpu.pressure some avg10=0.00 avg60=0.00 avg300=0.00 total=8277612; memory.pressure some avg10=0.00 avg60=0.00 avg300=0.03 total=129068668; io.pressure some avg10=0.00 avg60=0.00 avg300=0.00 total=849283
59756 MiB, 97 %
== 22:09:07
Mem:         2321782      202252      951775       52380     1231657     2119530
anon 5202 MB; file 221472 MB; shmem 21 MB; file_mapped 221407 MB; unevictable 0 MB; 
memory.current 227185 MB
nr_periods 78860 nr_throttled 268 throttled_usec 689924521 
cpu.pressure some avg10=0.00 avg60=0.00 avg300=0.00 total=8279063; memory.pressure some avg10=0.00 avg60=0.00 avg300=0.02 total=129068668; io.pressure some avg10=0.00 avg60=0.00 avg300=0.00 total=849283
59756 MiB, 97 %
== 22:09:28
Mem:         2321782      202795      944480       52380     1238409     2118986
anon 5806 MB; file 221472 MB; shmem 21 MB; file_mapped 221407 MB; unevictable 0 MB; 
memory.current 227783 MB
nr_periods 79060 nr_throttled 268 throttled_usec 689924521 
cpu.pressure some avg10=0.00 avg60=0.00 avg300=0.00 total=8280278; memory.pressure some avg10=0.00 avg60=0.00 avg300=0.02 total=129068668; io.pressure some avg10=0.00 avg60=0.00 avg300=0.00 total=849283
59756 MiB, 97 %
== 22:09:48
Mem:         2321782      203414      936976       52380     1245295     2118367
anon 6348 MB; file 221472 MB; shmem 21 MB; file_mapped 221407 MB; unevictable 0 MB; 
memory.current 228326 MB
nr_periods 79260 nr_throttled 268 throttled_usec 689924521 
cpu.pressure some avg10=0.00 avg60=0.00 avg300=0.00 total=8282026; memory.pressure some avg10=0.00 avg60=0.00 avg300=0.01 total=129068668; io.pressure some avg10=0.00 avg60=0.00 avg300=0.00 total=849283
59756 MiB, 97 %
== 22:10:08
Mem:         2321782      203904      930140       52380     1251640     2117877
anon 6888 MB; file 221472 MB; shmem 21 MB; file_mapped 221407 MB; unevictable 0 MB; 
memory.current 228872 MB
nr_periods 79461 nr_throttled 268 throttled_usec 689924521 
cpu.pressure some avg10=0.00 avg60=0.00 avg300=0.00 total=8283170; memory.pressure some avg10=0.00 avg60=0.00 avg300=0.01 total=129068668; io.pressure some avg10=0.00 avg60=0.00 avg300=0.00 total=849283
59756 MiB, 97 %
== 22:10:28
Mem:         2321782      204649      922685       52380     1258350     2117133
anon 7486 MB; file 221472 MB; shmem 21 MB; file_mapped 221407 MB; unevictable 0 MB; 
memory.current 229466 MB
nr_periods 79661 nr_throttled 268 throttled_usec 689924521 
cpu.pressure some avg10=0.00 avg60=0.00 avg300=0.00 total=8284228; memory.pressure some avg10=0.00 avg60=0.00 avg300=0.00 total=129068668; io.pressure some avg10=0.00 avg60=0.00 avg300=0.00 total=849283
59756 MiB, 97 %
== 22:10:48
Mem:         2321782      205000      915847       52380     1264837     2116781
anon 8025 MB; file 221472 MB; shmem 21 MB; file_mapped 221407 MB; unevictable 0 MB; 
memory.current 230010 MB
nr_periods 79861 nr_throttled 268 throttled_usec 689924521 
cpu.pressure some avg10=0.00 avg60=0.00 avg300=0.00 total=8285827; memory.pressure some avg10=0.00 avg60=0.00 avg300=0.00 total=129068668; io.pressure some avg10=0.00 avg60=0.00 avg300=0.00 total=849284
59756 MiB, 96 %
== 22:11:08
Mem:         2321782      205493      908517       52380     1271674     2116289
anon 8568 MB; file 221472 MB; shmem 21 MB; file_mapped 221407 MB; unevictable 0 MB; 
memory.current 230556 MB
nr_periods 80062 nr_throttled 268 throttled_usec 689924521 
cpu.pressure some avg10=0.00 avg60=0.00 avg300=0.00 total=8287141; memory.pressure some avg10=0.00 avg60=0.00 avg300=0.00 total=129068668; io.pressure some avg10=0.00 avg60=0.00 avg300=0.00 total=849284
59756 MiB, 97 %
== 22:11:28
Mem:         2321782      206049      901290       52380     1278345     2115732
anon 9157 MB; file 221472 MB; shmem 21 MB; file_mapped 221407 MB; unevictable 0 MB; 
memory.current 231149 MB
nr_periods 80262 nr_throttled 268 throttled_usec 689924521 
cpu.pressure some avg10=0.00 avg60=0.00 avg300=0.00 total=8287938; memory.pressure some avg10=0.00 avg60=0.00 avg300=0.00 total=129068668; io.pressure some avg10=0.00 avg60=0.00 avg300=0.00 total=849319
59756 MiB, 97 %
== 22:11:48
Mem:         2321782      207537      893078       52394     1285084     2114244
anon 9703 MB; file 221472 MB; shmem 21 MB; file_mapped 221407 MB; unevictable 0 MB; 
memory.current 231693 MB
nr_periods 80462 nr_throttled 268 throttled_usec 689924521 
cpu.pressure some avg10=0.00 avg60=0.00 avg300=0.00 total=8289757; memory.pressure some avg10=0.00 avg60=0.00 avg300=0.00 total=129068668; io.pressure some avg10=0.00 avg60=0.00 avg300=0.00 total=849320
59756 MiB, 97 %
== 22:12:08
Mem:         2321782      208026      885796       52394     1291875     2113755
anon 10243 MB; file 221472 MB; shmem 21 MB; file_mapped 221407 MB; unevictable 0 MB; 
memory.current 232241 MB
nr_periods 80663 nr_throttled 268 throttled_usec 689924521 
cpu.pressure some avg10=0.00 avg60=0.00 avg300=0.00 total=8291221; memory.pressure some avg10=0.00 avg60=0.00 avg300=0.00 total=129068668; io.pressure some avg10=0.00 avg60=0.00 avg300=0.00 total=849320
59756 MiB, 97 %
== 22:12:28
Mem:         2321782      208758      878101       52394     1298838     2113023
anon 10847 MB; file 221472 MB; shmem 21 MB; file_mapped 221407 MB; unevictable 0 MB; 
memory.current 232834 MB
nr_periods 80863 nr_throttled 268 throttled_usec 689924521 
cpu.pressure some avg10=0.00 avg60=0.00 avg300=0.00 total=8293001; memory.pressure some avg10=0.00 avg60=0.00 avg300=0.00 total=129068668; io.pressure some avg10=0.00 avg60=0.00 avg300=0.00 total=849320
59756 MiB, 97 %
== 22:12:48
Mem:         2321782      209287      870720       52394     1305690     2112494
anon 11389 MB; file 221473 MB; shmem 21 MB; file_mapped 221407 MB; unevictable 0 MB; 
memory.current 233377 MB
nr_periods 81064 nr_throttled 268 throttled_usec 689924521 
cpu.pressure some avg10=0.00 avg60=0.00 avg300=0.00 total=8295154; memory.pressure some avg10=0.00 avg60=0.00 avg300=0.00 total=129068668; io.pressure some avg10=0.00 avg60=0.00 avg300=0.00 total=849320
59756 MiB, 97 %
== 22:13:08
Mem:         2321782      209785      863529       52394     1312383     2111996
anon 11923 MB; file 221473 MB; shmem 21 MB; file_mapped 221407 MB; unevictable 0 MB; 
memory.current 233925 MB
nr_periods 81264 nr_throttled 268 throttled_usec 689924521 
cpu.pressure some avg10=0.00 avg60=0.00 avg300=0.00 total=8297073; memory.pressure some avg10=0.00 avg60=0.00 avg300=0.00 total=129068668; io.pressure some avg10=0.00 avg60=0.00 avg300=0.00 total=849320
59756 MiB, 97 %
== 22:13:28
Mem:         2321782      210187      856216       52394     1319295     2111594
anon 12527 MB; file 221473 MB; shmem 21 MB; file_mapped 221407 MB; unevictable 0 MB; 
memory.current 234517 MB
nr_periods 81464 nr_throttled 268 throttled_usec 689924521 
cpu.pressure some avg10=0.00 avg60=0.00 avg300=0.00 total=8298566; memory.pressure some avg10=0.00 avg60=0.00 avg300=0.00 total=129068668; io.pressure some avg10=0.00 avg60=0.00 avg300=0.00 total=849346
59756 MiB, 97 %
== 22:13:48
Mem:         2321782      210841      848892       52394     1325964     2110940
anon 13066 MB; file 221473 MB; shmem 21 MB; file_mapped 221407 MB; unevictable 0 MB; 
memory.current 235061 MB
nr_periods 81665 nr_throttled 268 throttled_usec 689924521 
cpu.pressure some avg10=0.00 avg60=0.00 avg300=0.00 total=8300262; memory.pressure some avg10=0.00 avg60=0.00 avg300=0.00 total=129068668; io.pressure some avg10=0.00 avg60=0.00 avg300=0.00 total=849346
59756 MiB, 97 %
== 22:14:08
Mem:         2321782      212299      840688       52394     1332709     2109482
anon 14125 MB; file 221473 MB; shmem 21 MB; file_mapped 221407 MB; unevictable 0 MB; 
memory.current 236102 MB
nr_periods 81865 nr_throttled 268 throttled_usec 689924521 
cpu.pressure some avg10=0.00 avg60=0.00 avg300=0.00 total=8301918; memory.pressure some avg10=0.00 avg60=0.00 avg300=0.00 total=129068668; io.pressure some avg10=0.00 avg60=0.00 avg300=0.00 total=849346
59756 MiB, 8 %
== 22:14:28
Mem:         2321782      211979      834432       52394     1339286     2109802
anon 14207 MB; file 221473 MB; shmem 21 MB; file_mapped 221407 MB; unevictable 0 MB; 
memory.current 236201 MB
nr_periods 82065 nr_throttled 268 throttled_usec 689924521 
cpu.pressure some avg10=0.00 avg60=0.00 avg300=0.00 total=8304510; memory.pressure some avg10=0.00 avg60=0.00 avg300=0.00 total=129068668; io.pressure some avg10=0.00 avg60=0.00 avg300=0.00 total=849346
59756 MiB, 97 %
== 22:14:48
Mem:         2321782      212711      826998       52394     1345989     2109071
anon 14749 MB; file 221473 MB; shmem 21 MB; file_mapped 221407 MB; unevictable 0 MB; 
memory.current 236744 MB
nr_periods 82266 nr_throttled 268 throttled_usec 689924521 
cpu.pressure some avg10=0.00 avg60=0.00 avg300=0.00 total=8306333; memory.pressure some avg10=0.00 avg60=0.00 avg300=0.00 total=129068668; io.pressure some avg10=0.00 avg60=0.00 avg300=0.00 total=849346
59756 MiB, 97 %
== 22:15:08
Mem:         2321782      213336      819638       52394     1352723     2108445
anon 15311 MB; file 221473 MB; shmem 21 MB; file_mapped 221407 MB; unevictable 0 MB; 
memory.current 237317 MB
nr_periods 82466 nr_throttled 268 throttled_usec 689924521 
cpu.pressure some avg10=0.00 avg60=0.00 avg300=0.00 total=8307728; memory.pressure some avg10=0.00 avg60=0.00 avg300=0.00 total=129068668; io.pressure some avg10=0.00 avg60=0.00 avg300=0.00 total=849346
59756 MiB, 96 %
== 22:15:28
Mem:         2321782      213881      812377       52394     1359440     2107901
anon 15887 MB; file 221473 MB; shmem 21 MB; file_mapped 221407 MB; unevictable 0 MB; 
memory.current 237884 MB
nr_periods 82667 nr_throttled 268 throttled_usec 689924521 
cpu.pressure some avg10=0.00 avg60=0.00 avg300=0.00 total=8309039; memory.pressure some avg10=0.00 avg60=0.00 avg300=0.00 total=129068668; io.pressure some avg10=0.00 avg60=0.00 avg300=0.00 total=849346
59756 MiB, 97 %
== 22:15:48
Mem:         2321782      214156      805855       52394     1365686     2107626
anon 16431 MB; file 221473 MB; shmem 21 MB; file_mapped 221407 MB; unevictable 0 MB; 
memory.current 238430 MB
nr_periods 82867 nr_throttled 268 throttled_usec 689924521 
cpu.pressure some avg10=0.00 avg60=0.00 avg300=0.00 total=8310402; memory.pressure some avg10=0.00 avg60=0.00 avg300=0.00 total=129068668; io.pressure some avg10=0.00 avg60=0.00 avg300=0.00 total=849346
59756 MiB, 97 %
== 22:16:08
Mem:         2321782      214825      798519       52394     1372354     2106956
anon 17002 MB; file 221473 MB; shmem 21 MB; file_mapped 221407 MB; unevictable 0 MB; 
memory.current 239019 MB
nr_periods 83067 nr_throttled 268 throttled_usec 689924521 
cpu.pressure some avg10=0.00 avg60=0.00 avg300=0.00 total=8311431; memory.pressure some avg10=0.00 avg60=0.00 avg300=0.00 total=129068668; io.pressure some avg10=0.00 avg60=0.00 avg300=0.00 total=849346
59756 MiB, 95 %
== 22:16:28
Mem:         2321782      215226      791572       52394     1378898     2106555
anon 17565 MB; file 221473 MB; shmem 21 MB; file_mapped 221407 MB; unevictable 0 MB; 
memory.current 239564 MB
nr_periods 83268 nr_throttled 268 throttled_usec 689924521 
cpu.pressure some avg10=0.00 avg60=0.00 avg300=0.00 total=8313495; memory.pressure some avg10=0.00 avg60=0.00 avg300=0.00 total=129068668; io.pressure some avg10=0.00 avg60=0.00 avg300=0.00 total=849346
59756 MiB, 94 %
== 22:16:48
Mem:         2321782      215922      783855       52394     1385919     2105859
anon 18100 MB; file 221473 MB; shmem 21 MB; file_mapped 221407 MB; unevictable 0 MB; 
memory.current 240110 MB
nr_periods 83468 nr_throttled 268 throttled_usec 689924521 
cpu.pressure some avg10=0.00 avg60=0.00 avg300=0.00 total=8315617; memory.pressure some avg10=0.00 avg60=0.00 avg300=0.00 total=129068668; io.pressure some avg10=0.00 avg60=0.00 avg300=0.00 total=849346
59756 MiB, 97 %
== 22:17:08
Mem:         2321782      216381      776801       52394     1392515     2105400
anon 18689 MB; file 221473 MB; shmem 21 MB; file_mapped 221407 MB; unevictable 0 MB; 
memory.current 240700 MB
nr_periods 83668 nr_throttled 268 throttled_usec 689924521 
cpu.pressure some avg10=0.00 avg60=0.00 avg300=0.00 total=8316591; memory.pressure some avg10=0.00 avg60=0.00 avg300=0.00 total=129068668; io.pressure some avg10=0.00 avg60=0.00 avg300=0.00 total=849346
59756 MiB, 77 %
== 22:17:28
Mem:         2321782      216839      769378       52394     1399481     2104943
anon 19246 MB; file 221473 MB; shmem 21 MB; file_mapped 221407 MB; unevictable 0 MB; 
memory.current 241250 MB
nr_periods 83869 nr_throttled 268 throttled_usec 689924521 
cpu.pressure some avg10=0.00 avg60=0.00 avg300=0.00 total=8318600; memory.pressure some avg10=0.00 avg60=0.00 avg300=0.00 total=129068668; io.pressure some avg10=0.00 avg60=0.00 avg300=0.00 total=849346
59756 MiB, 97 %
== 22:17:48
Mem:         2321782      217524      762092       52394     1406082     2104257
anon 19783 MB; file 221473 MB; shmem 21 MB; file_mapped 221407 MB; unevictable 0 MB; 
memory.current 241792 MB
nr_periods 84069 nr_throttled 268 throttled_usec 689924521 
cpu.pressure some avg10=0.00 avg60=0.00 avg300=0.00 total=8320282; memory.pressure some avg10=0.00 avg60=0.00 avg300=0.00 total=129068668; io.pressure some avg10=0.00 avg60=0.00 avg300=0.00 total=849347
59756 MiB, 97 %
== 22:18:08
Mem:         2321782      218049      754702       52394     1412946     2103732
anon 20384 MB; file 221473 MB; shmem 21 MB; file_mapped 221407 MB; unevictable 0 MB; 
memory.current 242389 MB
nr_periods 84270 nr_throttled 268 throttled_usec 689924521 
cpu.pressure some avg10=0.00 avg60=0.00 avg300=0.00 total=8322096; memory.pressure some avg10=0.00 avg60=0.00 avg300=0.00 total=129068668; io.pressure some avg10=0.00 avg60=0.00 avg300=0.00 total=849347
59756 MiB, 97 %
== 22:18:29
Mem:         2321782      218585      747004       52394     1420108     2103196
anon 20920 MB; file 221473 MB; shmem 21 MB; file_mapped 221407 MB; unevictable 0 MB; 
memory.current 242931 MB
nr_periods 84470 nr_throttled 268 throttled_usec 689924521 
cpu.pressure some avg10=0.00 avg60=0.00 avg300=0.00 total=8324622; memory.pressure some avg10=0.00 avg60=0.00 avg300=0.00 total=129068668; io.pressure some avg10=0.00 avg60=0.00 avg300=0.00 total=849347
59756 MiB, 97 %
== 22:18:49
Mem:         2321782      219006      739811       52394     1426881     2102775
anon 21458 MB; file 221473 MB; shmem 21 MB; file_mapped 221407 MB; unevictable 0 MB; 
memory.current 243473 MB
nr_periods 84670 nr_throttled 268 throttled_usec 689924521 
cpu.pressure some avg10=0.00 avg60=0.00 avg300=0.00 total=8327228; memory.pressure some avg10=0.00 avg60=0.00 avg300=0.00 total=129068668; io.pressure some avg10=0.00 avg60=0.00 avg300=0.00 total=849347
59756 MiB, 97 %
== 22:19:09
Mem:         2321782      219523      732295       52394     1433879     2102259
anon 22062 MB; file 221473 MB; shmem 21 MB; file_mapped 221407 MB; unevictable 0 MB; 
memory.current 244071 MB
nr_periods 84871 nr_throttled 268 throttled_usec 689924521 
cpu.pressure some avg10=0.00 avg60=0.00 avg300=0.00 total=8329140; memory.pressure some avg10=0.00 avg60=0.00 avg300=0.00 total=129068668; io.pressure some avg10=0.00 avg60=0.00 avg300=0.00 total=849347
59756 MiB, 96 %
== 22:19:29
Mem:         2321782      220475      724641       52394     1440581     2101306
anon 22613 MB; file 221473 MB; shmem 21 MB; file_mapped 221407 MB; unevictable 0 MB; 
memory.current 244627 MB
nr_periods 85072 nr_throttled 362 throttled_usec 1106461143 
cpu.pressure some avg10=19.55 avg60=5.14 avg300=1.14 total=12330143; memory.pressure some avg10=0.00 avg60=0.00 avg300=0.00 total=129068668; io.pressure some avg10=0.00 avg60=0.00 avg300=0.00 total=850348
59756 MiB, 0 %
== 22:19:49
Mem:         2321782      197322      741142       52372     1447178     2124459
anon 8 MB; file 221451 MB; shmem 0 MB; file_mapped 0 MB; unevictable 0 MB; 
memory.current 221509 MB
nr_periods 85260 nr_throttled 456 throttled_usec 1496022516 
cpu.pressure some avg10=16.24 avg60=9.27 avg300=2.42 total=16017361; memory.pressure some avg10=0.00 avg60=0.00 avg300=0.00 total=129068668; io.pressure some avg10=0.00 avg60=0.00 avg300=0.00 total=853216
0 MiB, 0 %
== 22:20:09
Mem:         2321782      197126      735016       52372     1453501     2124655
anon 6 MB; file 221451 MB; shmem 0 MB; file_mapped 0 MB; unevictable 0 MB; 
memory.current 221505 MB
nr_periods 85270 nr_throttled 456 throttled_usec 1496022516 
cpu.pressure some avg10=2.20 avg60=6.64 avg300=2.26 total=16017405; memory.pressure some avg10=0.00 avg60=0.00 avg300=0.00 total=129068668; io.pressure some avg10=0.00 avg60=0.00 avg300=0.00 total=853216
0 MiB, 0 %
== 22:20:29
Mem:         2321782      195650      730134       52351     1459803     2126131
anon 8 MB; file 221451 MB; shmem 0 MB; file_mapped 0 MB; unevictable 0 MB; 
memory.current 221507 MB
nr_periods 85311 nr_throttled 456 throttled_usec 1496022516 
cpu.pressure some avg10=0.24 avg60=4.61 avg300=2.09 total=16017555; memory.pressure some avg10=0.00 avg60=0.00 avg300=0.00 total=129068668; io.pressure some avg10=0.00 avg60=0.00 avg300=0.00 total=853216
0 MiB, 0 %
== 22:20:49
Mem:         2321782      196926      722512       52372     1466204     2124855
anon 7 MB; file 221451 MB; shmem 0 MB; file_mapped 0 MB; unevictable 0 MB; 
memory.current 221507 MB
nr_periods 85347 nr_throttled 456 throttled_usec 1496022516 
cpu.pressure some avg10=0.03 avg60=3.30 avg300=1.95 total=16017731; memory.pressure some avg10=0.00 avg60=0.00 avg300=0.00 total=129068668; io.pressure some avg10=0.00 avg60=0.00 avg300=0.00 total=853216
0 MiB, 0 %
== 22:21:09
Mem:         2321782      196786      716364       52372     1472492     2124995
anon 7 MB; file 221451 MB; shmem 0 MB; file_mapped 0 MB; unevictable 0 MB; 
memory.current 221506 MB
nr_periods 85365 nr_throttled 456 throttled_usec 1496022516 
cpu.pressure some avg10=0.00 avg60=2.36 avg300=1.82 total=16017755; memory.pressure some avg10=0.00 avg60=0.00 avg300=0.00 total=129068668; io.pressure some avg10=0.00 avg60=0.00 avg300=0.00 total=853216
0 MiB, 0 %
== 22:21:29
Mem:         2321782      196874      709724       52372     1479044     2124907
anon 7 MB; file 221451 MB; shmem 0 MB; file_mapped 0 MB; unevictable 0 MB; 
memory.current 221506 MB
nr_periods 85402 nr_throttled 456 throttled_usec 1496022516 
cpu.pressure some avg10=0.00 avg60=1.69 avg300=1.69 total=16017872; memory.pressure some avg10=0.00 avg60=0.00 avg300=0.00 total=129068668; io.pressure some avg10=0.00 avg60=0.00 avg300=0.00 total=853216
0 MiB, 0 %
